base_hp_config,subject,pool_type,train_loss_mean,train_acc_mean,val_loss_mean,val_acc_mean,test_loss_mean,test_acc_mean,train_loss_std,train_acc_std,val_loss_std,val_acc_std,test_loss_std,test_acc_std
bs128_lr0.0001_distAE_wd0.001_filterlen40_learndecoderFalse_schedulerTrue_windows0_dropout0.0_loralr0.0_preprocessorFalse_preencoderFalse_cutfillFalse_learnpredecoderFalse_learnloraFalse_debugFalse,1,all,0.8695659518241883,0.7127272727272727,0.8921581029891967,0.674,0.7419138431549073,0.702,0.21631890341965596,0.08321755041989623,0.04625589708355095,0.040987803063838375,0.05205861574809098,0.03346640106136302
bs128_lr0.0001_distAE_wd0.001_filterlen40_learndecoderFalse_schedulerTrue_windows0_dropout0.0_loralr0.0_preprocessorFalse_preencoderFalse_cutfillFalse_learnpredecoderFalse_learnloraFalse_debugFalse,1,pooled,0.5119410574436187,0.9971111111111111,0.8005664944648743,0.702,0.7516006708145142,0.738,0.43608656521484995,0.0046877829132731105,0.051608923899525934,0.01303840481040527,0.12581451739254232,0.05069516742254631
bs128_lr0.0001_distAE_wd0.001_filterlen40_learndecoderFalse_schedulerTrue_windows0_dropout0.0_loralr0.0_preprocessorFalse_preencoderFalse_cutfillFalse_learnpredecoderFalse_learnloraFalse_debugFalse,1,single,0.01451693959534164,1.0,1.009229564666748,0.614,0.9166118264198303,0.6519999999999999,0.0036351803696961656,0.0,0.037681032453860994,0.028809720581775892,0.13417537848978559,0.04764451699828634
bs128_lr0.0001_distAE_wd0.001_filterlen40_learndecoderFalse_schedulerTrue_windows0_dropout0.0_loralr0.0_preprocessorFalse_preencoderFalse_cutfillFalse_learnpredecoderFalse_learnloraFalse_debugFalse,2,all,0.8695659518241883,0.7127272727272727,0.8921581029891967,0.674,0.7419138431549073,0.702,0.21631890341965596,0.08321755041989623,0.04625589708355095,0.040987803063838375,0.05205861574809098,0.03346640106136302
bs128_lr0.0001_distAE_wd0.001_filterlen40_learndecoderFalse_schedulerTrue_windows0_dropout0.0_loralr0.0_preprocessorFalse_preencoderFalse_cutfillFalse_learnpredecoderFalse_learnloraFalse_debugFalse,2,pooled,0.538250721991062,0.9906666666666666,1.0983319520950316,0.634,0.7135214447975159,0.808,0.4646598159165526,0.007478363853539457,0.2311617437052843,0.06841052550594827,0.12261152978379371,0.03633180424916988
bs128_lr0.0001_distAE_wd0.001_filterlen40_learndecoderFalse_schedulerTrue_windows0_dropout0.0_loralr0.0_preprocessorFalse_preencoderFalse_cutfillFalse_learnpredecoderFalse_learnloraFalse_debugFalse,2,single,0.3638507828116416,0.834,1.412603735923767,0.47400000000000003,1.0482349157333375,0.634,0.6911033738979434,0.3711872842649651,0.19081295745259777,0.12778888840583905,0.319586250960712,0.2374447304111001
bs128_lr0.0001_distAE_wd0.001_filterlen40_learndecoderFalse_schedulerTrue_windows0_dropout0.0_loralr0.0_preprocessorFalse_preencoderFalse_cutfillFalse_learnpredecoderFalse_learnloraFalse_debugFalse,3,all,0.8695659518241883,0.7127272727272727,0.8921581029891967,0.674,0.7419138431549073,0.702,0.21631890341965596,0.08321755041989623,0.04625589708355095,0.040987803063838375,0.05205861574809098,0.03346640106136302
bs128_lr0.0001_distAE_wd0.001_filterlen40_learndecoderFalse_schedulerTrue_windows0_dropout0.0_loralr0.0_preprocessorFalse_preencoderFalse_cutfillFalse_learnpredecoderFalse_learnloraFalse_debugFalse,3,pooled,0.16669683381915087,0.9986666666666666,1.4961928367614745,0.362,1.4837959289550782,0.372,0.11103981234355569,0.0029814239699997762,0.017371251224383162,0.03563705936241094,0.05280865533010718,0.04604345773288536
bs128_lr0.0001_distAE_wd0.001_filterlen40_learndecoderFalse_schedulerTrue_windows0_dropout0.0_loralr0.0_preprocessorFalse_preencoderFalse_cutfillFalse_learnpredecoderFalse_learnloraFalse_debugFalse,3,single,0.16669683381915087,0.9986666666666666,1.4961928367614745,0.362,1.4837959289550782,0.372,0.11103981234355569,0.0029814239699997762,0.017371251224383162,0.03563705936241094,0.05280865533010718,0.04604345773288536
bs128_lr0.0001_distAE_wd0.001_filterlen40_learndecoderFalse_schedulerTrue_windows0_dropout0.0_loralr0.0_preprocessorFalse_preencoderFalse_cutfillFalse_learnpredecoderFalse_learnloraFalse_debugFalse,4,all,0.8695659518241883,0.7127272727272727,0.8921581029891967,0.674,0.7419138431549073,0.702,0.21631890341965596,0.08321755041989623,0.04625589708355095,0.040987803063838375,0.05205861574809098,0.03346640106136302
bs128_lr0.0001_distAE_wd0.001_filterlen40_learndecoderFalse_schedulerTrue_windows0_dropout0.0_loralr0.0_preprocessorFalse_preencoderFalse_cutfillFalse_learnpredecoderFalse_learnloraFalse_debugFalse,4,pooled,1.5363546371459962,0.287,1.6068758010864257,0.20400000000000001,1.642290711402893,0.178,0.1147446143074739,0.12896166527736494,0.00998619699651388,0.036469165057620934,0.05854679410477368,0.0370135110466435
bs128_lr0.0001_distAE_wd0.001_filterlen40_learndecoderFalse_schedulerTrue_windows0_dropout0.0_loralr0.0_preprocessorFalse_preencoderFalse_cutfillFalse_learnpredecoderFalse_learnloraFalse_debugFalse,4,single,1.650790023803711,0.19266666666666662,1.6109029293060302,0.20400000000000001,1.612217617034912,0.20400000000000001,0.01331659276428343,0.026499475885802412,0.0038856187545469644,0.023021728866442666,0.0024295810749849663,0.021908902300206638
bs128_lr0.0001_distAE_wd0.001_filterlen40_learndecoderFalse_schedulerTrue_windows0_dropout0.0_loralr0.0_preprocessorFalse_preencoderFalse_cutfillFalse_learnpredecoderFalse_learnloraFalse_debugFalse,5,all,0.8695659518241883,0.7127272727272727,0.8921581029891967,0.674,0.7419138431549073,0.702,0.21631890341965596,0.08321755041989623,0.04625589708355095,0.040987803063838375,0.05205861574809098,0.03346640106136302
bs128_lr0.0001_distAE_wd0.001_filterlen40_learndecoderFalse_schedulerTrue_windows0_dropout0.0_loralr0.0_preprocessorFalse_preencoderFalse_cutfillFalse_learnpredecoderFalse_learnloraFalse_debugFalse,5,pooled,1.6189123153686524,0.242,1.605613112449646,0.2,1.610995888710022,0.20400000000000001,0.0406157305438752,0.07904288568731394,0.011684681784565533,0.06964194138592061,0.004172753146050503,0.005477225575051651
bs128_lr0.0001_distAE_wd0.001_filterlen40_learndecoderFalse_schedulerTrue_windows0_dropout0.0_loralr0.0_preprocessorFalse_preencoderFalse_cutfillFalse_learnpredecoderFalse_learnloraFalse_debugFalse,5,single,1.6189123153686524,0.242,1.605613112449646,0.2,1.610995888710022,0.20400000000000001,0.0406157305438752,0.07904288568731394,0.011684681784565533,0.06964194138592061,0.004172753146050503,0.005477225575051651
bs128_lr0.0001_distAE_wd0.001_filterlen40_learndecoderFalse_schedulerTrue_windows0_dropout0.0_loralr0.0_preprocessorFalse_preencoderFalse_cutfillFalse_learnpredecoderFalse_learnloraFalse_debugFalse,6,all,0.8695659518241883,0.7127272727272727,0.8921581029891967,0.674,0.7419138431549073,0.702,0.21631890341965596,0.08321755041989623,0.04625589708355095,0.040987803063838375,0.05205861574809098,0.03346640106136302
bs128_lr0.0001_distAE_wd0.001_filterlen40_learndecoderFalse_schedulerTrue_windows0_dropout0.0_loralr0.0_preprocessorFalse_preencoderFalse_cutfillFalse_learnpredecoderFalse_learnloraFalse_debugFalse,6,pooled,0.6263166218996048,0.9964444444444445,0.8141489505767823,0.6779999999999999,0.9451348185539246,0.628,0.5900153840676061,0.003277306934167212,0.09090344616206625,0.060991802727907614,0.08609946274051392,0.04658325879540843
bs128_lr0.0001_distAE_wd0.001_filterlen40_learndecoderFalse_schedulerTrue_windows0_dropout0.0_loralr0.0_preprocessorFalse_preencoderFalse_cutfillFalse_learnpredecoderFalse_learnloraFalse_debugFalse,6,single,0.01289781276136632,1.0,1.1341704607009888,0.542,1.343619418144226,0.506,0.0018177744105181504,0.0,0.03630031447836064,0.02588435821108952,0.11567334335795108,0.04615192303685731
bs128_lr0.0001_distAE_wd0.001_filterlen40_learndecoderFalse_schedulerTrue_windows0_dropout0.0_loralr0.0_preprocessorFalse_preencoderFalse_cutfillFalse_learnpredecoderFalse_learnloraFalse_debugFalse,7,all,0.8695659518241883,0.7127272727272727,0.8921581029891967,0.674,0.7419138431549073,0.702,0.21631890341965596,0.08321755041989623,0.04625589708355095,0.040987803063838375,0.05205861574809098,0.03346640106136302
bs128_lr0.0001_distAE_wd0.001_filterlen40_learndecoderFalse_schedulerTrue_windows0_dropout0.0_loralr0.0_preprocessorFalse_preencoderFalse_cutfillFalse_learnpredecoderFalse_learnloraFalse_debugFalse,7,pooled,0.6054983556270599,0.9862222222222222,1.317912220954895,0.496,1.5532402276992798,0.466,0.5059643652505359,0.02405754418262107,0.15308196302864063,0.07829431652425353,0.10608638189938827,0.05272570530585626
bs128_lr0.0001_distAE_wd0.001_filterlen40_learndecoderFalse_schedulerTrue_windows0_dropout0.0_loralr0.0_preprocessorFalse_preencoderFalse_cutfillFalse_learnpredecoderFalse_learnloraFalse_debugFalse,7,single,0.03159625530242916,1.0,1.3091915369033813,0.46399999999999997,1.411653995513916,0.466,0.008848568773344641,0.0,0.06605938142690056,0.03435112807463535,0.10093941357268604,0.03130495168499704
bs128_lr0.0001_distAE_wd0.001_filterlen40_learndecoderFalse_schedulerTrue_windows0_dropout0.0_loralr0.0_preprocessorFalse_preencoderFalse_cutfillFalse_learnpredecoderFalse_learnloraFalse_debugFalse,8,all,0.8695659518241883,0.7127272727272727,0.8921581029891967,0.674,0.7419138431549073,0.702,0.21631890341965596,0.08321755041989623,0.04625589708355095,0.040987803063838375,0.05205861574809098,0.03346640106136302
bs128_lr0.0001_distAE_wd0.001_filterlen40_learndecoderFalse_schedulerTrue_windows0_dropout0.0_loralr0.0_preprocessorFalse_preencoderFalse_cutfillFalse_learnpredecoderFalse_learnloraFalse_debugFalse,8,pooled,1.4554430484771728,0.37299999999999994,1.5987255573272705,0.23399999999999999,1.64332058429718,0.22199999999999998,0.21147887950764674,0.16461929986756985,0.017914402513011046,0.05594640292279746,0.09726671725656674,0.049699094559156706
bs128_lr0.0001_distAE_wd0.001_filterlen40_learndecoderFalse_schedulerTrue_windows0_dropout0.0_loralr0.0_preprocessorFalse_preencoderFalse_cutfillFalse_learnpredecoderFalse_learnloraFalse_debugFalse,8,single,1.5766180038452149,0.2633333333333333,1.608723521232605,0.20600000000000002,1.6074287652969361,0.20400000000000001,0.14222551756049812,0.14518187826921714,0.006191064243808233,0.036469165057620934,0.01064170240490238,0.03286335345030996
bs128_lr0.0001_distAE_wd0.001_filterlen40_learndecoderFalse_schedulerTrue_windows0_dropout0.0_loralr0.0_preprocessorFalse_preencoderFalse_cutfillFalse_learnpredecoderFalse_learnloraFalse_debugFalse,9,all,0.8695659518241883,0.7127272727272727,0.8921581029891967,0.674,0.7419138431549073,0.702,0.21631890341965596,0.08321755041989623,0.04625589708355095,0.040987803063838375,0.05205861574809098,0.03346640106136302
bs128_lr0.0001_distAE_wd0.001_filterlen40_learndecoderFalse_schedulerTrue_windows0_dropout0.0_loralr0.0_preprocessorFalse_preencoderFalse_cutfillFalse_learnpredecoderFalse_learnloraFalse_debugFalse,9,pooled,0.32713825404644015,0.9982222222222223,0.2758159965276718,0.9120000000000001,0.8831119537353516,0.696,0.19945386971621795,0.0009938079899998217,0.048729714329152574,0.02167948338867882,0.09321629252709478,0.026076809620810583
bs128_lr0.0001_distAE_wd0.001_filterlen40_learndecoderFalse_schedulerTrue_windows0_dropout0.0_loralr0.0_preprocessorFalse_preencoderFalse_cutfillFalse_learnpredecoderFalse_learnloraFalse_debugFalse,9,single,0.01795589383691544,1.0,0.3370432794094086,0.9040000000000001,0.905673599243164,0.6839999999999999,0.010566181489687874,0.0,0.061517453081312685,0.027018512172212617,0.16984872975752152,0.07231873892705817
bs128_lr0.0001_distAE_wd0.001_filterlen40_learndecoderFalse_schedulerTrue_windows0_dropout0.0_loralr0.0_preprocessorFalse_preencoderFalse_cutfillFalse_learnpredecoderFalse_learnloraFalse_debugFalse,10,all,0.8695659518241883,0.7127272727272727,0.8921581029891967,0.674,0.7419138431549073,0.702,0.21631890341965596,0.08321755041989623,0.04625589708355095,0.040987803063838375,0.05205861574809098,0.03346640106136302
bs128_lr0.0001_distAE_wd0.001_filterlen40_learndecoderFalse_schedulerTrue_windows0_dropout0.0_loralr0.0_preprocessorFalse_preencoderFalse_cutfillFalse_learnpredecoderFalse_learnloraFalse_debugFalse,10,pooled,0.4549857974052429,0.97,1.2677253246307374,0.536,1.270630168914795,0.538,0.21084700988896843,0.05301409083593241,0.1070072907474732,0.039115214431215926,0.1108771306399622,0.03633180424916992
bs128_lr0.0001_distAE_wd0.001_filterlen40_learndecoderFalse_schedulerTrue_windows0_dropout0.0_loralr0.0_preprocessorFalse_preencoderFalse_cutfillFalse_learnpredecoderFalse_learnloraFalse_debugFalse,10,single,0.04173740111291404,1.0,1.4306429147720336,0.414,1.4710400104522705,0.404,0.030746994383168684,0.0,0.08782622276032359,0.042190046219457954,0.1048071671228593,0.032093613071762436
bs128_lr0.0001_distAE_wd0.001_filterlen40_learndecoderFalse_schedulerTrue_windows0_dropout0.0_loralr0.0_preprocessorFalse_preencoderFalse_cutfillFalse_learnpredecoderFalse_learnloraFalse_debugFalse,11,all,0.8695659518241883,0.7127272727272727,0.8921581029891967,0.674,0.7419138431549073,0.702,0.21631890341965596,0.08321755041989623,0.04625589708355095,0.040987803063838375,0.05205861574809098,0.03346640106136302
bs128_lr0.0001_distAE_wd0.001_filterlen40_learndecoderFalse_schedulerTrue_windows0_dropout0.0_loralr0.0_preprocessorFalse_preencoderFalse_cutfillFalse_learnpredecoderFalse_learnloraFalse_debugFalse,11,pooled,0.0183776112273335,1.0,1.1119175672531127,0.542,0.9680217146873474,0.634,0.005210976986683384,0.0,0.04259926752887954,0.01483239697419133,0.09340182172860018,0.04505552130427523
bs128_lr0.0001_distAE_wd0.001_filterlen40_learndecoderFalse_schedulerTrue_windows0_dropout0.0_loralr0.0_preprocessorFalse_preencoderFalse_cutfillFalse_learnpredecoderFalse_learnloraFalse_debugFalse,11,single,0.0183776112273335,1.0,1.1119175672531127,0.542,0.9680217146873474,0.634,0.005210976986683384,0.0,0.04259926752887954,0.01483239697419133,0.09340182172860018,0.04505552130427523
bs128_lr0.0001_distAE_wd0.01_filterlen40_learndecoderFalse_schedulerTrue_windows0_dropout0.0_loralr0.0_preprocessorFalse_preencoderFalse_cutfillFalse_learnpredecoderFalse_learnloraFalse_debugFalse,1,all,0.13454405423253774,0.9686060606060606,0.8506454110145569,0.7060000000000001,0.7400512337684632,0.726,0.26716549633263387,0.07019898256635705,0.08526995065313622,0.03286335345030997,0.0845800330855545,0.01516575088810311
bs128_lr0.0001_distAE_wd0.01_filterlen40_learndecoderFalse_schedulerTrue_windows0_dropout0.0_loralr0.0_preprocessorFalse_preencoderFalse_cutfillFalse_learnpredecoderFalse_learnloraFalse_debugFalse,1,pooled,0.06532320268452164,0.9951666666666666,0.8080602526664734,0.694,0.6404571294784546,0.778,0.07980836850350298,0.007369230323144656,0.0410810397813217,0.030495901363953793,0.07073034172068347,0.029495762407505288
bs128_lr0.0001_distAE_wd0.01_filterlen40_learndecoderFalse_schedulerTrue_windows0_dropout0.0_loralr0.0_preprocessorFalse_preencoderFalse_cutfillFalse_learnpredecoderFalse_learnloraFalse_debugFalse,1,single,0.11330061107873915,0.9873333333333333,1.0241735696792602,0.614,0.8836840748786926,0.67,0.1980834780856129,0.02832352771499734,0.07956249132079504,0.013416407864998769,0.050416740996208825,0.01581138830084187
bs128_lr0.0001_distAE_wd0.01_filterlen40_learndecoderFalse_schedulerTrue_windows0_dropout0.0_loralr0.0_preprocessorFalse_preencoderFalse_cutfillFalse_learnpredecoderFalse_learnloraFalse_debugFalse,2,all,0.13454405423253774,0.9686060606060606,0.8506454110145569,0.7060000000000001,0.7400512337684632,0.726,0.26716549633263387,0.07019898256635705,0.08526995065313622,0.03286335345030997,0.0845800330855545,0.01516575088810311
bs128_lr0.0001_distAE_wd0.01_filterlen40_learndecoderFalse_schedulerTrue_windows0_dropout0.0_loralr0.0_preprocessorFalse_preencoderFalse_cutfillFalse_learnpredecoderFalse_learnloraFalse_debugFalse,2,pooled,0.6863482594490051,0.9968888888888889,1.0077221035957336,0.634,0.4394858002662659,0.852,0.31859045258830515,0.0012171612389003136,0.09108109342581487,0.05128352561983235,0.03203573868677517,0.02280350850198277
bs128_lr0.0001_distAE_wd0.01_filterlen40_learndecoderFalse_schedulerTrue_windows0_dropout0.0_loralr0.0_preprocessorFalse_preencoderFalse_cutfillFalse_learnpredecoderFalse_learnloraFalse_debugFalse,2,single,0.33954620733857155,0.8513333333333334,1.4262712955474854,0.44800000000000006,1.0360327243804932,0.64,0.6862324302309107,0.33242877265496873,0.12194028066123923,0.12070625501605128,0.383721016109581,0.24799193535274489
bs128_lr0.0001_distAE_wd0.01_filterlen40_learndecoderFalse_schedulerTrue_windows0_dropout0.0_loralr0.0_preprocessorFalse_preencoderFalse_cutfillFalse_learnpredecoderFalse_learnloraFalse_debugFalse,3,all,0.13454405423253774,0.9686060606060606,0.8506454110145569,0.7060000000000001,0.7400512337684632,0.726,0.26716549633263387,0.07019898256635705,0.08526995065313622,0.03286335345030997,0.0845800330855545,0.01516575088810311
bs128_lr0.0001_distAE_wd0.01_filterlen40_learndecoderFalse_schedulerTrue_windows0_dropout0.0_loralr0.0_preprocessorFalse_preencoderFalse_cutfillFalse_learnpredecoderFalse_learnloraFalse_debugFalse,3,pooled,0.5790515124797821,0.8864444444444445,1.4065082311630248,0.42000000000000004,1.558219313621521,0.378,0.3091154736982178,0.15428929057191618,0.09081600661128655,0.057008771254956896,0.021659988168470024,0.08043631020876083
bs128_lr0.0001_distAE_wd0.01_filterlen40_learndecoderFalse_schedulerTrue_windows0_dropout0.0_loralr0.0_preprocessorFalse_preencoderFalse_cutfillFalse_learnpredecoderFalse_learnloraFalse_debugFalse,3,single,0.40431528687477114,0.9153333333333332,1.4763052463531494,0.36,1.4942739009857178,0.37,0.5013681244434606,0.1160842605849542,0.025381750155193183,0.010000000000000009,0.07080494284598636,0.07874007874011807
bs128_lr0.0001_distAE_wd0.01_filterlen40_learndecoderFalse_schedulerTrue_windows0_dropout0.0_loralr0.0_preprocessorFalse_preencoderFalse_cutfillFalse_learnpredecoderFalse_learnloraFalse_debugFalse,4,all,0.13454405423253774,0.9686060606060606,0.8506454110145569,0.7060000000000001,0.7400512337684632,0.726,0.26716549633263387,0.07019898256635705,0.08526995065313622,0.03286335345030997,0.0845800330855545,0.01516575088810311
bs128_lr0.0001_distAE_wd0.01_filterlen40_learndecoderFalse_schedulerTrue_windows0_dropout0.0_loralr0.0_preprocessorFalse_preencoderFalse_cutfillFalse_learnpredecoderFalse_learnloraFalse_debugFalse,4,pooled,0.9963863469660282,0.5286666666666667,1.599454402923584,0.256,1.7004695892333985,0.21000000000000002,0.8612101177907739,0.4315965193969427,0.019947174453308465,0.08561541917201597,0.13130815501428034,0.041833001326703784
bs128_lr0.0001_distAE_wd0.01_filterlen40_learndecoderFalse_schedulerTrue_windows0_dropout0.0_loralr0.0_preprocessorFalse_preencoderFalse_cutfillFalse_learnpredecoderFalse_learnloraFalse_debugFalse,4,single,0.9963863469660282,0.5286666666666667,1.599454402923584,0.256,1.7004695892333985,0.21000000000000002,0.8612101177907739,0.4315965193969427,0.019947174453308465,0.08561541917201597,0.13130815501428034,0.041833001326703784
bs128_lr0.0001_distAE_wd0.01_filterlen40_learndecoderFalse_schedulerTrue_windows0_dropout0.0_loralr0.0_preprocessorFalse_preencoderFalse_cutfillFalse_learnpredecoderFalse_learnloraFalse_debugFalse,5,all,0.13454405423253774,0.9686060606060606,0.8506454110145569,0.7060000000000001,0.7400512337684632,0.726,0.26716549633263387,0.07019898256635705,0.08526995065313622,0.03286335345030997,0.0845800330855545,0.01516575088810311
bs128_lr0.0001_distAE_wd0.01_filterlen40_learndecoderFalse_schedulerTrue_windows0_dropout0.0_loralr0.0_preprocessorFalse_preencoderFalse_cutfillFalse_learnpredecoderFalse_learnloraFalse_debugFalse,5,pooled,0.8179438710212708,0.7389523809523809,1.408167839050293,0.41200000000000003,1.5315660238265991,0.344,0.2819190633862087,0.12497137994352411,0.04194019559977383,0.053572380943915476,0.06793954643894554,0.036469165057620954
bs128_lr0.0001_distAE_wd0.01_filterlen40_learndecoderFalse_schedulerTrue_windows0_dropout0.0_loralr0.0_preprocessorFalse_preencoderFalse_cutfillFalse_learnpredecoderFalse_learnloraFalse_debugFalse,5,single,1.5848494529724122,0.25866666666666666,1.604275679588318,0.21600000000000003,1.6096477270126344,0.22800000000000004,0.03783505567076751,0.04226897995772631,0.007256772976976775,0.015165750888103085,0.0035451845106209408,0.023874672772626643
bs128_lr0.0001_distAE_wd0.01_filterlen40_learndecoderFalse_schedulerTrue_windows0_dropout0.0_loralr0.0_preprocessorFalse_preencoderFalse_cutfillFalse_learnpredecoderFalse_learnloraFalse_debugFalse,6,all,0.13454405423253774,0.9686060606060606,0.8506454110145569,0.7060000000000001,0.7400512337684632,0.726,0.26716549633263387,0.07019898256635705,0.08526995065313622,0.03286335345030997,0.0845800330855545,0.01516575088810311
bs128_lr0.0001_distAE_wd0.01_filterlen40_learndecoderFalse_schedulerTrue_windows0_dropout0.0_loralr0.0_preprocessorFalse_preencoderFalse_cutfillFalse_learnpredecoderFalse_learnloraFalse_debugFalse,6,pooled,0.02487528398632998,1.0,1.107577657699585,0.5700000000000001,1.363663339614868,0.488,0.009312541122533397,0.0,0.0629781726147744,0.04690415759823428,0.07976920280446219,0.04024922359499623
bs128_lr0.0001_distAE_wd0.01_filterlen40_learndecoderFalse_schedulerTrue_windows0_dropout0.0_loralr0.0_preprocessorFalse_preencoderFalse_cutfillFalse_learnpredecoderFalse_learnloraFalse_debugFalse,6,single,0.02487528398632998,1.0,1.107577657699585,0.5700000000000001,1.363663339614868,0.488,0.009312541122533397,0.0,0.0629781726147744,0.04690415759823428,0.07976920280446219,0.04024922359499623
bs128_lr0.0001_distAE_wd0.01_filterlen40_learndecoderFalse_schedulerTrue_windows0_dropout0.0_loralr0.0_preprocessorFalse_preencoderFalse_cutfillFalse_learnpredecoderFalse_learnloraFalse_debugFalse,7,all,0.13454405423253774,0.9686060606060606,0.8506454110145569,0.7060000000000001,0.7400512337684632,0.726,0.26716549633263387,0.07019898256635705,0.08526995065313622,0.03286335345030997,0.0845800330855545,0.01516575088810311
bs128_lr0.0001_distAE_wd0.01_filterlen40_learndecoderFalse_schedulerTrue_windows0_dropout0.0_loralr0.0_preprocessorFalse_preencoderFalse_cutfillFalse_learnpredecoderFalse_learnloraFalse_debugFalse,7,pooled,0.7355410575866699,0.9233333333333335,1.278913712501526,0.51,1.4202966213226318,0.47800000000000004,0.4391037381843973,0.15493925532125866,0.08993104656855928,0.07778174593052023,0.08146126100988954,0.016431676725154977
bs128_lr0.0001_distAE_wd0.01_filterlen40_learndecoderFalse_schedulerTrue_windows0_dropout0.0_loralr0.0_preprocessorFalse_preencoderFalse_cutfillFalse_learnpredecoderFalse_learnloraFalse_debugFalse,7,single,0.02496437337249512,1.0,1.283746075630188,0.49800000000000005,1.3721389055252076,0.476,0.00847063431558296,0.0,0.13189738848516053,0.09654014708917735,0.1476814991344969,0.044497190922573975
bs128_lr0.0001_distAE_wd0.01_filterlen40_learndecoderFalse_schedulerTrue_windows0_dropout0.0_loralr0.0_preprocessorFalse_preencoderFalse_cutfillFalse_learnpredecoderFalse_learnloraFalse_debugFalse,8,all,0.13454405423253774,0.9686060606060606,0.8506454110145569,0.7060000000000001,0.7400512337684632,0.726,0.26716549633263387,0.07019898256635705,0.08526995065313622,0.03286335345030997,0.0845800330855545,0.01516575088810311
bs128_lr0.0001_distAE_wd0.01_filterlen40_learndecoderFalse_schedulerTrue_windows0_dropout0.0_loralr0.0_preprocessorFalse_preencoderFalse_cutfillFalse_learnpredecoderFalse_learnloraFalse_debugFalse,8,pooled,1.5563856363296509,0.362,1.5961840152740479,0.264,1.6108600854873658,0.248,0.139581536835388,0.08150361652204667,0.0056085355713668865,0.043931765272977596,0.024283209416990182,0.019235384061671357
bs128_lr0.0001_distAE_wd0.01_filterlen40_learndecoderFalse_schedulerTrue_windows0_dropout0.0_loralr0.0_preprocessorFalse_preencoderFalse_cutfillFalse_learnpredecoderFalse_learnloraFalse_debugFalse,8,single,1.4921288013458252,0.37266666666666665,1.6080369710922242,0.202,1.61400249004364,0.2,0.16507219782286428,0.22136445564322701,0.006198747076551309,0.033466401061363026,0.014619063133329621,0.023452078799117138
bs128_lr0.0001_distAE_wd0.01_filterlen40_learndecoderFalse_schedulerTrue_windows0_dropout0.0_loralr0.0_preprocessorFalse_preencoderFalse_cutfillFalse_learnpredecoderFalse_learnloraFalse_debugFalse,9,all,0.13454405423253774,0.9686060606060606,0.8506454110145569,0.7060000000000001,0.7400512337684632,0.726,0.26716549633263387,0.07019898256635705,0.08526995065313622,0.03286335345030997,0.0845800330855545,0.01516575088810311
bs128_lr0.0001_distAE_wd0.01_filterlen40_learndecoderFalse_schedulerTrue_windows0_dropout0.0_loralr0.0_preprocessorFalse_preencoderFalse_cutfillFalse_learnpredecoderFalse_learnloraFalse_debugFalse,9,pooled,0.020092735998332438,1.0,0.3524368822574615,0.8779999999999999,1.0410203099250794,0.602,0.008751836472403497,0.0,0.03598442318304062,0.021679483388678818,0.08110212037379733,0.021679483388678835
bs128_lr0.0001_distAE_wd0.01_filterlen40_learndecoderFalse_schedulerTrue_windows0_dropout0.0_loralr0.0_preprocessorFalse_preencoderFalse_cutfillFalse_learnpredecoderFalse_learnloraFalse_debugFalse,9,single,0.01754171252250668,1.0,0.28859867453575133,0.9339999999999999,0.7575796246528625,0.736,0.002741078529875408,0.0,0.06134974180480384,0.025099800796022247,0.08264425945126773,0.05549774770204643
bs128_lr0.0001_distAE_wd0.01_filterlen40_learndecoderFalse_schedulerTrue_windows0_dropout0.0_loralr0.0_preprocessorFalse_preencoderFalse_cutfillFalse_learnpredecoderFalse_learnloraFalse_debugFalse,10,all,0.13454405423253774,0.9686060606060606,0.8506454110145569,0.7060000000000001,0.7400512337684632,0.726,0.26716549633263387,0.07019898256635705,0.08526995065313622,0.03286335345030997,0.0845800330855545,0.01516575088810311
bs128_lr0.0001_distAE_wd0.01_filterlen40_learndecoderFalse_schedulerTrue_windows0_dropout0.0_loralr0.0_preprocessorFalse_preencoderFalse_cutfillFalse_learnpredecoderFalse_learnloraFalse_debugFalse,10,pooled,0.13535337150096888,1.0,1.4721545934677125,0.376,1.4366259813308715,0.366,0.07479634099993611,0.0,0.08745788314503604,0.05856620185738529,0.0890701154699103,0.06503845016603639
bs128_lr0.0001_distAE_wd0.01_filterlen40_learndecoderFalse_schedulerTrue_windows0_dropout0.0_loralr0.0_preprocessorFalse_preencoderFalse_cutfillFalse_learnpredecoderFalse_learnloraFalse_debugFalse,10,single,0.04087777733802792,1.0,1.3672770023345948,0.41600000000000004,1.3104042053222655,0.48,0.027490136272241696,0.0,0.07167801674375336,0.036469165057620934,0.10499318846449027,0.047434164902525666
bs128_lr0.0001_distAE_wd0.01_filterlen40_learndecoderFalse_schedulerTrue_windows0_dropout0.0_loralr0.0_preprocessorFalse_preencoderFalse_cutfillFalse_learnpredecoderFalse_learnloraFalse_debugFalse,11,all,0.13454405423253774,0.9686060606060606,0.8506454110145569,0.7060000000000001,0.7400512337684632,0.726,0.26716549633263387,0.07019898256635705,0.08526995065313622,0.03286335345030997,0.0845800330855545,0.01516575088810311
bs128_lr0.0001_distAE_wd0.01_filterlen40_learndecoderFalse_schedulerTrue_windows0_dropout0.0_loralr0.0_preprocessorFalse_preencoderFalse_cutfillFalse_learnpredecoderFalse_learnloraFalse_debugFalse,11,pooled,0.01870710253715512,1.0,1.0567140340805055,0.5900000000000001,0.8695406675338745,0.7,0.002803514939980806,0.0,0.04179312367174857,0.04301162633521313,0.047818366566753825,0.03807886552931954
bs128_lr0.0001_distAE_wd0.01_filterlen40_learndecoderFalse_schedulerTrue_windows0_dropout0.0_loralr0.0_preprocessorFalse_preencoderFalse_cutfillFalse_learnpredecoderFalse_learnloraFalse_debugFalse,11,single,0.01870710253715512,1.0,1.0567140340805055,0.5900000000000001,0.8695406675338745,0.7,0.002803514939980806,0.0,0.04179312367174857,0.04301162633521313,0.047818366566753825,0.03807886552931954
bs128_lr0.0001_distCOV_wd0.001_filterlen40_learndecoderFalse_schedulerTrue_windows0_dropout0.0_loralr0.0_preprocessorFalse_preencoderFalse_cutfillFalse_learnpredecoderFalse_learnloraFalse_debugFalse,1,all,0.9601932287216186,0.6491515151515153,0.8932416558265686,0.658,0.7160105109214783,0.724,0.16133398547316735,0.08706662321389066,0.03779855972383851,0.027748873851023207,0.045041631421843656,0.018165902124584972
bs128_lr0.0001_distCOV_wd0.001_filterlen40_learndecoderFalse_schedulerTrue_windows0_dropout0.0_loralr0.0_preprocessorFalse_preencoderFalse_cutfillFalse_learnpredecoderFalse_learnloraFalse_debugFalse,1,pooled,0.1886901199817657,0.9979999999999999,0.7465099930763245,0.7,0.7720494866371155,0.734,0.1375111004202682,0.0026527414191807723,0.01989750511320889,0.04301162633521314,0.1137592720125936,0.03361547262794325
bs128_lr0.0001_distCOV_wd0.001_filterlen40_learndecoderFalse_schedulerTrue_windows0_dropout0.0_loralr0.0_preprocessorFalse_preencoderFalse_cutfillFalse_learnpredecoderFalse_learnloraFalse_debugFalse,1,single,0.01710053943097588,1.0,1.0339583516120912,0.6279999999999999,0.9090351104736328,0.656,0.01109346186209268,0.0,0.07804121729125878,0.05357238094391551,0.06210374823066987,0.056833088953531265
bs128_lr0.0001_distCOV_wd0.001_filterlen40_learndecoderFalse_schedulerTrue_windows0_dropout0.0_loralr0.0_preprocessorFalse_preencoderFalse_cutfillFalse_learnpredecoderFalse_learnloraFalse_debugFalse,2,all,0.9601932287216186,0.6491515151515153,0.8932416558265686,0.658,0.7160105109214783,0.724,0.16133398547316735,0.08706662321389066,0.03779855972383851,0.027748873851023207,0.045041631421843656,0.018165902124584972
bs128_lr0.0001_distCOV_wd0.001_filterlen40_learndecoderFalse_schedulerTrue_windows0_dropout0.0_loralr0.0_preprocessorFalse_preencoderFalse_cutfillFalse_learnpredecoderFalse_learnloraFalse_debugFalse,2,pooled,0.2882817998528481,0.9926666666666668,0.8701220870018005,0.694,0.6317345499992371,0.8019999999999999,0.1370565005277712,0.006965523563847811,0.10482963966194685,0.040373258476372666,0.07470860054684259,0.010954451150103284
bs128_lr0.0001_distCOV_wd0.001_filterlen40_learndecoderFalse_schedulerTrue_windows0_dropout0.0_loralr0.0_preprocessorFalse_preencoderFalse_cutfillFalse_learnpredecoderFalse_learnloraFalse_debugFalse,2,single,1.0097439371049404,0.5193333333333333,1.5320318460464477,0.332,1.3023996472358703,0.42200000000000004,0.8734532281779942,0.4387887368148316,0.16544128570015612,0.1657407614318216,0.4475026609475934,0.29852973051272463
bs128_lr0.0001_distCOV_wd0.001_filterlen40_learndecoderFalse_schedulerTrue_windows0_dropout0.0_loralr0.0_preprocessorFalse_preencoderFalse_cutfillFalse_learnpredecoderFalse_learnloraFalse_debugFalse,3,all,0.9601932287216186,0.6491515151515153,0.8932416558265686,0.658,0.7160105109214783,0.724,0.16133398547316735,0.08706662321389066,0.03779855972383851,0.027748873851023207,0.045041631421843656,0.018165902124584972
bs128_lr0.0001_distCOV_wd0.001_filterlen40_learndecoderFalse_schedulerTrue_windows0_dropout0.0_loralr0.0_preprocessorFalse_preencoderFalse_cutfillFalse_learnpredecoderFalse_learnloraFalse_debugFalse,3,pooled,0.29231301993131636,0.9289999999999999,1.4937875986099243,0.366,1.6104109764099122,0.33599999999999997,0.4723946711852145,0.15876082640248504,0.04797942229696068,0.054129474410897445,0.07098321184674224,0.041593268686170824
bs128_lr0.0001_distCOV_wd0.001_filterlen40_learndecoderFalse_schedulerTrue_windows0_dropout0.0_loralr0.0_preprocessorFalse_preencoderFalse_cutfillFalse_learnpredecoderFalse_learnloraFalse_debugFalse,3,single,0.5202682346105576,0.93,1.4691463947296142,0.368,1.5122725009918212,0.374,0.4106222501453773,0.07937253933193772,0.0343813202779852,0.032710854467592254,0.06529243731042458,0.052249401910452534
bs128_lr0.0001_distCOV_wd0.001_filterlen40_learndecoderFalse_schedulerTrue_windows0_dropout0.0_loralr0.0_preprocessorFalse_preencoderFalse_cutfillFalse_learnpredecoderFalse_learnloraFalse_debugFalse,4,all,0.9601932287216186,0.6491515151515153,0.8932416558265686,0.658,0.7160105109214783,0.724,0.16133398547316735,0.08706662321389066,0.03779855972383851,0.027748873851023207,0.045041631421843656,0.018165902124584972
bs128_lr0.0001_distCOV_wd0.001_filterlen40_learndecoderFalse_schedulerTrue_windows0_dropout0.0_loralr0.0_preprocessorFalse_preencoderFalse_cutfillFalse_learnpredecoderFalse_learnloraFalse_debugFalse,4,pooled,1.2185952752828597,0.507,1.5948893785476685,0.24000000000000005,1.705074381828308,0.182,0.5872717010286957,0.327959601170632,0.021616460342146142,0.06363961030678929,0.07850673003724379,0.016431676725154984
bs128_lr0.0001_distCOV_wd0.001_filterlen40_learndecoderFalse_schedulerTrue_windows0_dropout0.0_loralr0.0_preprocessorFalse_preencoderFalse_cutfillFalse_learnpredecoderFalse_learnloraFalse_debugFalse,4,single,1.0638935565948486,0.524,1.6066318988800048,0.22800000000000004,1.7040030002593993,0.20600000000000002,0.8218902939424679,0.4346032673600142,0.007749976506697675,0.06379655163094632,0.12857121791032125,0.042190046219457975
bs128_lr0.0001_distCOV_wd0.001_filterlen40_learndecoderFalse_schedulerTrue_windows0_dropout0.0_loralr0.0_preprocessorFalse_preencoderFalse_cutfillFalse_learnpredecoderFalse_learnloraFalse_debugFalse,5,all,0.9601932287216186,0.6491515151515153,0.8932416558265686,0.658,0.7160105109214783,0.724,0.16133398547316735,0.08706662321389066,0.03779855972383851,0.027748873851023207,0.045041631421843656,0.018165902124584972
bs128_lr0.0001_distCOV_wd0.001_filterlen40_learndecoderFalse_schedulerTrue_windows0_dropout0.0_loralr0.0_preprocessorFalse_preencoderFalse_cutfillFalse_learnpredecoderFalse_learnloraFalse_debugFalse,5,pooled,1.587089443206787,0.46733333333333327,1.583577561378479,0.27,1.6375426530838013,0.242,0.3381213682636486,0.2954287530829526,0.01810617399412879,0.04636809247747853,0.05115058776792771,0.025884358211089573
bs128_lr0.0001_distCOV_wd0.001_filterlen40_learndecoderFalse_schedulerTrue_windows0_dropout0.0_loralr0.0_preprocessorFalse_preencoderFalse_cutfillFalse_learnpredecoderFalse_learnloraFalse_debugFalse,5,single,1.6053343772888184,0.26466666666666666,1.6009196281433105,0.20400000000000001,1.6080079555511475,0.202,0.054522266273875984,0.05605552802554109,0.010844116528292203,0.028809720581775868,0.006604602177772211,0.041472882706655445
bs128_lr0.0001_distCOV_wd0.001_filterlen40_learndecoderFalse_schedulerTrue_windows0_dropout0.0_loralr0.0_preprocessorFalse_preencoderFalse_cutfillFalse_learnpredecoderFalse_learnloraFalse_debugFalse,6,all,0.9601932287216186,0.6491515151515153,0.8932416558265686,0.658,0.7160105109214783,0.724,0.16133398547316735,0.08706662321389066,0.03779855972383851,0.027748873851023207,0.045041631421843656,0.018165902124584972
bs128_lr0.0001_distCOV_wd0.001_filterlen40_learndecoderFalse_schedulerTrue_windows0_dropout0.0_loralr0.0_preprocessorFalse_preencoderFalse_cutfillFalse_learnpredecoderFalse_learnloraFalse_debugFalse,6,pooled,0.5224238187074661,0.9975555555555555,1.0985616445541382,0.58,1.3127484798431397,0.5519999999999999,0.782055367659964,0.002137264895741246,0.14248720550559785,0.08124038404635957,0.2448373756622961,0.07918333157931667
bs128_lr0.0001_distCOV_wd0.001_filterlen40_learndecoderFalse_schedulerTrue_windows0_dropout0.0_loralr0.0_preprocessorFalse_preencoderFalse_cutfillFalse_learnpredecoderFalse_learnloraFalse_debugFalse,6,single,0.029467049613594958,1.0,1.1837458610534668,0.53,1.383644199371338,0.476,0.03802309483011509,0.0,0.1094639514387688,0.06324555320336758,0.11133111432002996,0.047749345545253306
bs128_lr0.0001_distCOV_wd0.001_filterlen40_learndecoderFalse_schedulerTrue_windows0_dropout0.0_loralr0.0_preprocessorFalse_preencoderFalse_cutfillFalse_learnpredecoderFalse_learnloraFalse_debugFalse,7,all,0.9601932287216186,0.6491515151515153,0.8932416558265686,0.658,0.7160105109214783,0.724,0.16133398547316735,0.08706662321389066,0.03779855972383851,0.027748873851023207,0.045041631421843656,0.018165902124584972
bs128_lr0.0001_distCOV_wd0.001_filterlen40_learndecoderFalse_schedulerTrue_windows0_dropout0.0_loralr0.0_preprocessorFalse_preencoderFalse_cutfillFalse_learnpredecoderFalse_learnloraFalse_debugFalse,7,pooled,0.12903249934315678,0.9966666666666667,1.013349997997284,0.624,1.2475486516952514,0.518,0.09442487771832138,0.005091750772173163,0.05143538421208759,0.029664793948382694,0.05617993059470587,0.029495762407505288
bs128_lr0.0001_distCOV_wd0.001_filterlen40_learndecoderFalse_schedulerTrue_windows0_dropout0.0_loralr0.0_preprocessorFalse_preencoderFalse_cutfillFalse_learnpredecoderFalse_learnloraFalse_debugFalse,7,single,0.03175778537988658,1.0,1.3312722444534302,0.476,1.459790301322937,0.454,0.024064590140878264,0.0,0.10496478982053407,0.06465291950097847,0.07160950773009543,0.02073644135332769
bs128_lr0.0001_distCOV_wd0.001_filterlen40_learndecoderFalse_schedulerTrue_windows0_dropout0.0_loralr0.0_preprocessorFalse_preencoderFalse_cutfillFalse_learnpredecoderFalse_learnloraFalse_debugFalse,8,all,0.9601932287216186,0.6491515151515153,0.8932416558265686,0.658,0.7160105109214783,0.724,0.16133398547316735,0.08706662321389066,0.03779855972383851,0.027748873851023207,0.045041631421843656,0.018165902124584972
bs128_lr0.0001_distCOV_wd0.001_filterlen40_learndecoderFalse_schedulerTrue_windows0_dropout0.0_loralr0.0_preprocessorFalse_preencoderFalse_cutfillFalse_learnpredecoderFalse_learnloraFalse_debugFalse,8,pooled,1.4237633228302002,0.3875555555555555,1.5936739921569825,0.266,1.622317099571228,0.21000000000000002,0.12237952373583669,0.06312050008407884,0.014199065260181153,0.032093613071762436,0.017808922988374297,0.03082207001484489
bs128_lr0.0001_distCOV_wd0.001_filterlen40_learndecoderFalse_schedulerTrue_windows0_dropout0.0_loralr0.0_preprocessorFalse_preencoderFalse_cutfillFalse_learnpredecoderFalse_learnloraFalse_debugFalse,8,single,1.5395323038101196,0.26266666666666666,1.6072754383087158,0.21600000000000003,1.6078667879104613,0.23399999999999999,0.10517446699630242,0.07871890920653482,0.005374216532906037,0.016733200530681502,0.005613211186997935,0.019493588689617928
bs128_lr0.0001_distCOV_wd0.001_filterlen40_learndecoderFalse_schedulerTrue_windows0_dropout0.0_loralr0.0_preprocessorFalse_preencoderFalse_cutfillFalse_learnpredecoderFalse_learnloraFalse_debugFalse,9,all,0.9601932287216186,0.6491515151515153,0.8932416558265686,0.658,0.7160105109214783,0.724,0.16133398547316735,0.08706662321389066,0.03779855972383851,0.027748873851023207,0.045041631421843656,0.018165902124584972
bs128_lr0.0001_distCOV_wd0.001_filterlen40_learndecoderFalse_schedulerTrue_windows0_dropout0.0_loralr0.0_preprocessorFalse_preencoderFalse_cutfillFalse_learnpredecoderFalse_learnloraFalse_debugFalse,9,pooled,0.01245993934571738,1.0,0.3544850289821625,0.9039999999999999,0.8726528763771058,0.6719999999999999,0.003855067261266046,0.0,0.05279648201329133,0.032863353450309926,0.12103960254839764,0.04086563348340509
bs128_lr0.0001_distCOV_wd0.001_filterlen40_learndecoderFalse_schedulerTrue_windows0_dropout0.0_loralr0.0_preprocessorFalse_preencoderFalse_cutfillFalse_learnpredecoderFalse_learnloraFalse_debugFalse,9,single,0.01245993934571738,1.0,0.3544850289821625,0.9039999999999999,0.8726528763771058,0.6719999999999999,0.003855067261266046,0.0,0.05279648201329133,0.032863353450309926,0.12103960254839764,0.04086563348340509
bs128_lr0.0001_distCOV_wd0.001_filterlen40_learndecoderFalse_schedulerTrue_windows0_dropout0.0_loralr0.0_preprocessorFalse_preencoderFalse_cutfillFalse_learnpredecoderFalse_learnloraFalse_debugFalse,10,all,0.9601932287216186,0.6491515151515153,0.8932416558265686,0.658,0.7160105109214783,0.724,0.16133398547316735,0.08706662321389066,0.03779855972383851,0.027748873851023207,0.045041631421843656,0.018165902124584972
bs128_lr0.0001_distCOV_wd0.001_filterlen40_learndecoderFalse_schedulerTrue_windows0_dropout0.0_loralr0.0_preprocessorFalse_preencoderFalse_cutfillFalse_learnpredecoderFalse_learnloraFalse_debugFalse,10,pooled,0.36123977359384296,0.9368333333333332,1.4172935724258422,0.43599999999999994,1.456268310546875,0.41600000000000004,0.40807705324656757,0.0865672506718845,0.054390700972069043,0.05727128425310538,0.11211289538236872,0.12501999840025593
bs128_lr0.0001_distCOV_wd0.001_filterlen40_learndecoderFalse_schedulerTrue_windows0_dropout0.0_loralr0.0_preprocessorFalse_preencoderFalse_cutfillFalse_learnpredecoderFalse_learnloraFalse_debugFalse,10,single,0.036540671065449656,1.0,1.337476921081543,0.462,1.3238789081573485,0.442,0.02339847677537861,0.0,0.06264426382953171,0.04868264577855236,0.10600828919332357,0.055856960175075764
bs128_lr0.0001_distCOV_wd0.001_filterlen40_learndecoderFalse_schedulerTrue_windows0_dropout0.0_loralr0.0_preprocessorFalse_preencoderFalse_cutfillFalse_learnpredecoderFalse_learnloraFalse_debugFalse,11,all,0.9601932287216186,0.6491515151515153,0.8932416558265686,0.658,0.7160105109214783,0.724,0.16133398547316735,0.08706662321389066,0.03779855972383851,0.027748873851023207,0.045041631421843656,0.018165902124584972
bs128_lr0.0001_distCOV_wd0.001_filterlen40_learndecoderFalse_schedulerTrue_windows0_dropout0.0_loralr0.0_preprocessorFalse_preencoderFalse_cutfillFalse_learnpredecoderFalse_learnloraFalse_debugFalse,11,pooled,0.035133725404739344,1.0,1.099368393421173,0.568,0.8731389284133911,0.662,0.04111232339679951,0.0,0.09065967836074307,0.061806148561449774,0.05287165339399062,0.013038404810405309
bs128_lr0.0001_distCOV_wd0.001_filterlen40_learndecoderFalse_schedulerTrue_windows0_dropout0.0_loralr0.0_preprocessorFalse_preencoderFalse_cutfillFalse_learnpredecoderFalse_learnloraFalse_debugFalse,11,single,0.035133725404739344,1.0,1.099368393421173,0.568,0.8731389284133911,0.662,0.04111232339679951,0.0,0.09065967836074307,0.061806148561449774,0.05287165339399062,0.013038404810405309
bs128_lr0.0001_distCOV_wd0.01_filterlen40_learndecoderFalse_schedulerTrue_windows0_dropout0.0_loralr0.0_preprocessorFalse_preencoderFalse_cutfillFalse_learnpredecoderFalse_learnloraFalse_debugFalse,1,all,0.5117285195738077,0.8095757575757576,0.8893400311470032,0.6839999999999999,0.7168498754501342,0.738,0.4758746658718035,0.1928770144411317,0.04079919801461708,0.020736441353327664,0.034149191619395315,0.026832815729997513
bs128_lr0.0001_distCOV_wd0.01_filterlen40_learndecoderFalse_schedulerTrue_windows0_dropout0.0_loralr0.0_preprocessorFalse_preencoderFalse_cutfillFalse_learnpredecoderFalse_learnloraFalse_debugFalse,1,pooled,0.32536296248435975,0.9988888888888889,0.7566262722015381,0.734,0.7028626799583435,0.74,0.0912727440796288,0.000785674201318401,0.04764220109551971,0.02073644135332774,0.08480355046779987,0.027386127875258348
bs128_lr0.0001_distCOV_wd0.01_filterlen40_learndecoderFalse_schedulerTrue_windows0_dropout0.0_loralr0.0_preprocessorFalse_preencoderFalse_cutfillFalse_learnpredecoderFalse_learnloraFalse_debugFalse,1,single,0.05700125657021996,1.0,0.9780620455741882,0.65,0.8602086305618286,0.6799999999999999,0.060132391954018816,0.0,0.05118144208973775,0.050990195135927854,0.10925570302355202,0.03741657386773936
bs128_lr0.0001_distCOV_wd0.01_filterlen40_learndecoderFalse_schedulerTrue_windows0_dropout0.0_loralr0.0_preprocessorFalse_preencoderFalse_cutfillFalse_learnpredecoderFalse_learnloraFalse_debugFalse,2,all,0.5117285195738077,0.8095757575757576,0.8893400311470032,0.6839999999999999,0.7168498754501342,0.738,0.4758746658718035,0.1928770144411317,0.04079919801461708,0.020736441353327664,0.034149191619395315,0.026832815729997513
bs128_lr0.0001_distCOV_wd0.01_filterlen40_learndecoderFalse_schedulerTrue_windows0_dropout0.0_loralr0.0_preprocessorFalse_preencoderFalse_cutfillFalse_learnpredecoderFalse_learnloraFalse_debugFalse,2,pooled,0.21048159003257746,0.9646666666666667,1.3972604990005493,0.462,0.8164538264274597,0.722,0.32976206434760674,0.070490838648248,0.09270804576034625,0.07155417527999328,0.2074330331496377,0.040865633483405106
bs128_lr0.0001_distCOV_wd0.01_filterlen40_learndecoderFalse_schedulerTrue_windows0_dropout0.0_loralr0.0_preprocessorFalse_preencoderFalse_cutfillFalse_learnpredecoderFalse_learnloraFalse_debugFalse,2,single,0.6761807773262262,0.6799999999999999,1.4397556066513062,0.41200000000000003,1.115073847770691,0.5359999999999999,0.8860200479324212,0.4388115262337073,0.1827967770499278,0.17782013384316186,0.46837880281212435,0.2995496619927988
bs128_lr0.0001_distCOV_wd0.01_filterlen40_learndecoderFalse_schedulerTrue_windows0_dropout0.0_loralr0.0_preprocessorFalse_preencoderFalse_cutfillFalse_learnpredecoderFalse_learnloraFalse_debugFalse,3,all,0.5117285195738077,0.8095757575757576,0.8893400311470032,0.6839999999999999,0.7168498754501342,0.738,0.4758746658718035,0.1928770144411317,0.04079919801461708,0.020736441353327664,0.034149191619395315,0.026832815729997513
bs128_lr0.0001_distCOV_wd0.01_filterlen40_learndecoderFalse_schedulerTrue_windows0_dropout0.0_loralr0.0_preprocessorFalse_preencoderFalse_cutfillFalse_learnpredecoderFalse_learnloraFalse_debugFalse,3,pooled,0.6638123869895936,0.9322222222222223,1.4120335817337035,0.43200000000000005,1.534005045890808,0.414,0.5548565356908887,0.09466314547441958,0.06305019010847886,0.06418722614352484,0.07507302517828408,0.036469165057620934
bs128_lr0.0001_distCOV_wd0.01_filterlen40_learndecoderFalse_schedulerTrue_windows0_dropout0.0_loralr0.0_preprocessorFalse_preencoderFalse_cutfillFalse_learnpredecoderFalse_learnloraFalse_debugFalse,3,single,0.6824154078960418,0.8813333333333333,1.4795506954193116,0.364,1.5075357675552368,0.33799999999999997,0.2858156758564125,0.14442606720702772,0.030867336727268165,0.035071355833500344,0.03458852411541125,0.021679483388678797
bs128_lr0.0001_distCOV_wd0.01_filterlen40_learndecoderFalse_schedulerTrue_windows0_dropout0.0_loralr0.0_preprocessorFalse_preencoderFalse_cutfillFalse_learnpredecoderFalse_learnloraFalse_debugFalse,4,all,0.5117285195738077,0.8095757575757576,0.8893400311470032,0.6839999999999999,0.7168498754501342,0.738,0.4758746658718035,0.1928770144411317,0.04079919801461708,0.020736441353327664,0.034149191619395315,0.026832815729997513
bs128_lr0.0001_distCOV_wd0.01_filterlen40_learndecoderFalse_schedulerTrue_windows0_dropout0.0_loralr0.0_preprocessorFalse_preencoderFalse_cutfillFalse_learnpredecoderFalse_learnloraFalse_debugFalse,4,pooled,1.4127353131771088,0.37266666666666665,1.6043556928634644,0.25,1.6400609970092774,0.22000000000000003,0.5645998579266852,0.35104922098696584,0.007271755476458296,0.051478150704935006,0.07078470479702342,0.02738612787525829
bs128_lr0.0001_distCOV_wd0.01_filterlen40_learndecoderFalse_schedulerTrue_windows0_dropout0.0_loralr0.0_preprocessorFalse_preencoderFalse_cutfillFalse_learnpredecoderFalse_learnloraFalse_debugFalse,4,single,1.4127353131771088,0.37266666666666665,1.6043556928634644,0.25,1.6400609970092774,0.22000000000000003,0.5645998579266852,0.35104922098696584,0.007271755476458296,0.051478150704935006,0.07078470479702342,0.02738612787525829
bs128_lr0.0001_distCOV_wd0.01_filterlen40_learndecoderFalse_schedulerTrue_windows0_dropout0.0_loralr0.0_preprocessorFalse_preencoderFalse_cutfillFalse_learnpredecoderFalse_learnloraFalse_debugFalse,5,all,0.5117285195738077,0.8095757575757576,0.8893400311470032,0.6839999999999999,0.7168498754501342,0.738,0.4758746658718035,0.1928770144411317,0.04079919801461708,0.020736441353327664,0.034149191619395315,0.026832815729997513
bs128_lr0.0001_distCOV_wd0.01_filterlen40_learndecoderFalse_schedulerTrue_windows0_dropout0.0_loralr0.0_preprocessorFalse_preencoderFalse_cutfillFalse_learnpredecoderFalse_learnloraFalse_debugFalse,5,pooled,0.6210174500942229,0.8022857142857143,1.4433651924133302,0.40199999999999997,1.5665670871734618,0.364,0.3689971991962298,0.18502141813873338,0.07209879004787467,0.0668580586017871,0.09451182131667865,0.05366563145999496
bs128_lr0.0001_distCOV_wd0.01_filterlen40_learndecoderFalse_schedulerTrue_windows0_dropout0.0_loralr0.0_preprocessorFalse_preencoderFalse_cutfillFalse_learnpredecoderFalse_learnloraFalse_debugFalse,5,single,1.633028221130371,0.2333333333333333,1.6147405624389648,0.186,1.6127671003341675,0.186,0.06626042172283406,0.0706320670013903,0.002543176948835456,0.02408318915758459,0.0018418649930126243,0.02408318915758459
bs128_lr0.0001_distCOV_wd0.01_filterlen40_learndecoderFalse_schedulerTrue_windows0_dropout0.0_loralr0.0_preprocessorFalse_preencoderFalse_cutfillFalse_learnpredecoderFalse_learnloraFalse_debugFalse,6,all,0.5117285195738077,0.8095757575757576,0.8893400311470032,0.6839999999999999,0.7168498754501342,0.738,0.4758746658718035,0.1928770144411317,0.04079919801461708,0.020736441353327664,0.034149191619395315,0.026832815729997513
bs128_lr0.0001_distCOV_wd0.01_filterlen40_learndecoderFalse_schedulerTrue_windows0_dropout0.0_loralr0.0_preprocessorFalse_preencoderFalse_cutfillFalse_learnpredecoderFalse_learnloraFalse_debugFalse,6,pooled,0.03607688844203944,1.0,1.2504351139068604,0.504,1.475750780105591,0.41200000000000003,0.022757565948521775,0.0,0.071306346574549,0.0492950301754649,0.11855143636932367,0.0356370593624109
bs128_lr0.0001_distCOV_wd0.01_filterlen40_learndecoderFalse_schedulerTrue_windows0_dropout0.0_loralr0.0_preprocessorFalse_preencoderFalse_cutfillFalse_learnpredecoderFalse_learnloraFalse_debugFalse,6,single,0.03607688844203944,1.0,1.2504351139068604,0.504,1.475750780105591,0.41200000000000003,0.022757565948521775,0.0,0.071306346574549,0.0492950301754649,0.11855143636932367,0.0356370593624109
bs128_lr0.0001_distCOV_wd0.01_filterlen40_learndecoderFalse_schedulerTrue_windows0_dropout0.0_loralr0.0_preprocessorFalse_preencoderFalse_cutfillFalse_learnpredecoderFalse_learnloraFalse_debugFalse,7,all,0.5117285195738077,0.8095757575757576,0.8893400311470032,0.6839999999999999,0.7168498754501342,0.738,0.4758746658718035,0.1928770144411317,0.04079919801461708,0.020736441353327664,0.034149191619395315,0.026832815729997513
bs128_lr0.0001_distCOV_wd0.01_filterlen40_learndecoderFalse_schedulerTrue_windows0_dropout0.0_loralr0.0_preprocessorFalse_preencoderFalse_cutfillFalse_learnpredecoderFalse_learnloraFalse_debugFalse,7,pooled,0.3811378352344036,0.9962222222222223,1.0021169424057006,0.638,1.3162971258163452,0.516,0.23053976227463777,0.003201080064641721,0.03182066336685068,0.010954451150103319,0.06449140302351364,0.03646916505762097
bs128_lr0.0001_distCOV_wd0.01_filterlen40_learndecoderFalse_schedulerTrue_windows0_dropout0.0_loralr0.0_preprocessorFalse_preencoderFalse_cutfillFalse_learnpredecoderFalse_learnloraFalse_debugFalse,7,single,0.0242253009229898,1.0,1.2829204082489014,0.488,1.4301873445510864,0.45999999999999996,0.007963124236685206,0.0,0.07756373817779603,0.05069516742254634,0.09028571139456455,0.04242640687119285
bs128_lr0.0001_distCOV_wd0.01_filterlen40_learndecoderFalse_schedulerTrue_windows0_dropout0.0_loralr0.0_preprocessorFalse_preencoderFalse_cutfillFalse_learnpredecoderFalse_learnloraFalse_debugFalse,8,all,0.5117285195738077,0.8095757575757576,0.8893400311470032,0.6839999999999999,0.7168498754501342,0.738,0.4758746658718035,0.1928770144411317,0.04079919801461708,0.020736441353327664,0.034149191619395315,0.026832815729997513
bs128_lr0.0001_distCOV_wd0.01_filterlen40_learndecoderFalse_schedulerTrue_windows0_dropout0.0_loralr0.0_preprocessorFalse_preencoderFalse_cutfillFalse_learnpredecoderFalse_learnloraFalse_debugFalse,8,pooled,1.4541373014450074,0.34306666666666663,1.5957173824310302,0.23399999999999999,1.6156771183013916,0.22400000000000003,0.17439440783107235,0.14379970638202139,0.013556810291876298,0.042190046219457995,0.011864935972344875,0.026076809620810593
bs128_lr0.0001_distCOV_wd0.01_filterlen40_learndecoderFalse_schedulerTrue_windows0_dropout0.0_loralr0.0_preprocessorFalse_preencoderFalse_cutfillFalse_learnpredecoderFalse_learnloraFalse_debugFalse,8,single,1.5768275499343871,0.2786666666666666,1.607221245765686,0.22400000000000003,1.6039090871810913,0.22400000000000003,0.08261743699259347,0.12047590814949037,0.007866315952096631,0.036469165057620934,0.011454110219437758,0.03646916505762093
bs128_lr0.0001_distCOV_wd0.01_filterlen40_learndecoderFalse_schedulerTrue_windows0_dropout0.0_loralr0.0_preprocessorFalse_preencoderFalse_cutfillFalse_learnpredecoderFalse_learnloraFalse_debugFalse,9,all,0.5117285195738077,0.8095757575757576,0.8893400311470032,0.6839999999999999,0.7168498754501342,0.738,0.4758746658718035,0.1928770144411317,0.04079919801461708,0.020736441353327664,0.034149191619395315,0.026832815729997513
bs128_lr0.0001_distCOV_wd0.01_filterlen40_learndecoderFalse_schedulerTrue_windows0_dropout0.0_loralr0.0_preprocessorFalse_preencoderFalse_cutfillFalse_learnpredecoderFalse_learnloraFalse_debugFalse,9,pooled,0.01883783265948292,1.0,0.31882460117340083,0.9259999999999999,0.7972148537635804,0.72,0.00405674854044861,0.0,0.0313512219738494,0.02880972058177586,0.07384164424992866,0.024494897427831824
bs128_lr0.0001_distCOV_wd0.01_filterlen40_learndecoderFalse_schedulerTrue_windows0_dropout0.0_loralr0.0_preprocessorFalse_preencoderFalse_cutfillFalse_learnpredecoderFalse_learnloraFalse_debugFalse,9,single,0.01883783265948292,1.0,0.31882460117340083,0.9259999999999999,0.7972148537635804,0.72,0.00405674854044861,0.0,0.0313512219738494,0.02880972058177586,0.07384164424992866,0.024494897427831824
bs128_lr0.0001_distCOV_wd0.01_filterlen40_learndecoderFalse_schedulerTrue_windows0_dropout0.0_loralr0.0_preprocessorFalse_preencoderFalse_cutfillFalse_learnpredecoderFalse_learnloraFalse_debugFalse,10,all,0.5117285195738077,0.8095757575757576,0.8893400311470032,0.6839999999999999,0.7168498754501342,0.738,0.4758746658718035,0.1928770144411317,0.04079919801461708,0.020736441353327664,0.034149191619395315,0.026832815729997513
bs128_lr0.0001_distCOV_wd0.01_filterlen40_learndecoderFalse_schedulerTrue_windows0_dropout0.0_loralr0.0_preprocessorFalse_preencoderFalse_cutfillFalse_learnpredecoderFalse_learnloraFalse_debugFalse,10,pooled,0.29497082084417336,0.9943333333333332,0.9340697407722474,0.624,1.0745983362197875,0.5820000000000001,0.30780115763316457,0.0066943868139519806,0.06794999892202504,0.07197221686178631,0.06027449245568022,0.04147288270665545
bs128_lr0.0001_distCOV_wd0.01_filterlen40_learndecoderFalse_schedulerTrue_windows0_dropout0.0_loralr0.0_preprocessorFalse_preencoderFalse_cutfillFalse_learnpredecoderFalse_learnloraFalse_debugFalse,10,single,0.0451392345130443,1.0,1.2852267742156982,0.484,1.245783019065857,0.49800000000000005,0.0467421297880571,0.0,0.06145640212816177,0.0427784992724149,0.07046152787322452,0.06496152707564687
bs128_lr0.0001_distCOV_wd0.01_filterlen40_learndecoderFalse_schedulerTrue_windows0_dropout0.0_loralr0.0_preprocessorFalse_preencoderFalse_cutfillFalse_learnpredecoderFalse_learnloraFalse_debugFalse,11,all,0.5117285195738077,0.8095757575757576,0.8893400311470032,0.6839999999999999,0.7168498754501342,0.738,0.4758746658718035,0.1928770144411317,0.04079919801461708,0.020736441353327664,0.034149191619395315,0.026832815729997513
bs128_lr0.0001_distCOV_wd0.01_filterlen40_learndecoderFalse_schedulerTrue_windows0_dropout0.0_loralr0.0_preprocessorFalse_preencoderFalse_cutfillFalse_learnpredecoderFalse_learnloraFalse_debugFalse,11,pooled,0.01477964762598272,1.0,0.7026361346244812,0.734,0.6199965238571167,0.79,0.00800604199673569,0.0,0.09863262512015311,0.05770615218501407,0.03552714884671546,0.015811388300841923
bs128_lr0.0001_distCOV_wd0.01_filterlen40_learndecoderFalse_schedulerTrue_windows0_dropout0.0_loralr0.0_preprocessorFalse_preencoderFalse_cutfillFalse_learnpredecoderFalse_learnloraFalse_debugFalse,11,single,0.01749687436968084,1.0,0.9942951560020447,0.658,0.8438255667686463,0.7,0.0031268658365246334,0.0,0.05503507730266,0.019235384061671353,0.04948199474145366,0.049497474683058276
bs128_lr0.001_distAE_wd0.001_filterlen40_learndecoderFalse_schedulerTrue_windows0_dropout0.0_loralr0.0_preprocessorFalse_preencoderFalse_cutfillFalse_learnpredecoderFalse_learnloraFalse_debugFalse,1,all,0.42460469538345935,0.8424848484848486,0.7837270975112915,0.73,0.686970317363739,0.766,0.42528339628038453,0.15578092031166613,0.042896531669966195,0.05338539126015659,0.08991681569169983,0.05366563145999498
bs128_lr0.001_distAE_wd0.001_filterlen40_learndecoderFalse_schedulerTrue_windows0_dropout0.0_loralr0.0_preprocessorFalse_preencoderFalse_cutfillFalse_learnpredecoderFalse_learnloraFalse_debugFalse,1,pooled,0.41378040611743927,0.8644444444444443,0.7307147026062012,0.74,0.6866364121437073,0.754,0.23229349037875277,0.06773678177281728,0.07132325607522078,0.04358898943540679,0.11367999003172516,0.05224940191045254
bs128_lr0.001_distAE_wd0.001_filterlen40_learndecoderFalse_schedulerTrue_windows0_dropout0.0_loralr0.0_preprocessorFalse_preencoderFalse_cutfillFalse_learnpredecoderFalse_learnloraFalse_debugFalse,1,single,0.01046194704249498,1.0,0.819530475139618,0.704,0.7460168719291687,0.764,0.005770508333694135,0.0,0.11913827417001895,0.04219004621945798,0.09415372453054356,0.040373258476372686
bs128_lr0.001_distAE_wd0.001_filterlen40_learndecoderFalse_schedulerTrue_windows0_dropout0.0_loralr0.0_preprocessorFalse_preencoderFalse_cutfillFalse_learnpredecoderFalse_learnloraFalse_debugFalse,2,all,0.42460469538345935,0.8424848484848486,0.7837270975112915,0.73,0.686970317363739,0.766,0.42528339628038453,0.15578092031166613,0.042896531669966195,0.05338539126015659,0.08991681569169983,0.05366563145999498
bs128_lr0.001_distAE_wd0.001_filterlen40_learndecoderFalse_schedulerTrue_windows0_dropout0.0_loralr0.0_preprocessorFalse_preencoderFalse_cutfillFalse_learnpredecoderFalse_learnloraFalse_debugFalse,2,pooled,0.7034350901842117,0.99,0.503283542394638,0.8219999999999998,0.5993395984172821,0.8720000000000001,0.464536091106101,0.005211573066470453,0.0602823758421571,0.031144823004794847,0.21032557958274095,0.03701351104664348
bs128_lr0.001_distAE_wd0.001_filterlen40_learndecoderFalse_schedulerTrue_windows0_dropout0.0_loralr0.0_preprocessorFalse_preencoderFalse_cutfillFalse_learnpredecoderFalse_learnloraFalse_debugFalse,2,single,0.036634721606969775,0.998,0.6522881627082825,0.782,0.642779392004013,0.8240000000000001,0.04444964448444121,0.002981423969999771,0.08707315883345924,0.044384682042344276,0.12602909550575947,0.02701851217221255
bs128_lr0.001_distAE_wd0.001_filterlen40_learndecoderFalse_schedulerTrue_windows0_dropout0.0_loralr0.0_preprocessorFalse_preencoderFalse_cutfillFalse_learnpredecoderFalse_learnloraFalse_debugFalse,3,all,0.42460469538345935,0.8424848484848486,0.7837270975112915,0.73,0.686970317363739,0.766,0.42528339628038453,0.15578092031166613,0.042896531669966195,0.05338539126015659,0.08991681569169983,0.05366563145999498
bs128_lr0.001_distAE_wd0.001_filterlen40_learndecoderFalse_schedulerTrue_windows0_dropout0.0_loralr0.0_preprocessorFalse_preencoderFalse_cutfillFalse_learnpredecoderFalse_learnloraFalse_debugFalse,3,pooled,0.5525681912899018,0.8871111111111111,1.2769797921180726,0.522,1.5128114700317383,0.47000000000000003,0.48591299262661386,0.09787747442593729,0.17393565564452948,0.11233877335986893,0.1336328471033919,0.08306623862918074
bs128_lr0.001_distAE_wd0.001_filterlen40_learndecoderFalse_schedulerTrue_windows0_dropout0.0_loralr0.0_preprocessorFalse_preencoderFalse_cutfillFalse_learnpredecoderFalse_learnloraFalse_debugFalse,3,single,0.6272211918607354,0.8246666666666667,1.5226581811904907,0.354,1.533298420906067,0.33999999999999997,0.4594267452958692,0.1479038726861321,0.05791743355688935,0.04979959839195493,0.060334631650559786,0.06557438524301999
bs128_lr0.001_distAE_wd0.001_filterlen40_learndecoderFalse_schedulerTrue_windows0_dropout0.0_loralr0.0_preprocessorFalse_preencoderFalse_cutfillFalse_learnpredecoderFalse_learnloraFalse_debugFalse,4,all,0.42460469538345935,0.8424848484848486,0.7837270975112915,0.73,0.686970317363739,0.766,0.42528339628038453,0.15578092031166613,0.042896531669966195,0.05338539126015659,0.08991681569169983,0.05366563145999498
bs128_lr0.001_distAE_wd0.001_filterlen40_learndecoderFalse_schedulerTrue_windows0_dropout0.0_loralr0.0_preprocessorFalse_preencoderFalse_cutfillFalse_learnpredecoderFalse_learnloraFalse_debugFalse,4,pooled,1.4577049493789673,0.4136666666666667,1.5969826459884644,0.20600000000000002,1.6185406923294068,0.192,0.12771833600224924,0.16497221988363175,0.010684100460791632,0.044497190922573975,0.01134706551297371,0.023874672772626646
bs128_lr0.001_distAE_wd0.001_filterlen40_learndecoderFalse_schedulerTrue_windows0_dropout0.0_loralr0.0_preprocessorFalse_preencoderFalse_cutfillFalse_learnpredecoderFalse_learnloraFalse_debugFalse,4,single,1.1872291088104248,0.6573333333333333,1.5946594953536988,0.25,1.6181946516036987,0.21600000000000003,0.24708253610968448,0.12990167221573573,0.006440906373901416,0.05291502622129182,0.0186030337557821,0.033615472627943205
bs128_lr0.001_distAE_wd0.001_filterlen40_learndecoderFalse_schedulerTrue_windows0_dropout0.0_loralr0.0_preprocessorFalse_preencoderFalse_cutfillFalse_learnpredecoderFalse_learnloraFalse_debugFalse,5,all,0.42460469538345935,0.8424848484848486,0.7837270975112915,0.73,0.686970317363739,0.766,0.42528339628038453,0.15578092031166613,0.042896531669966195,0.05338539126015659,0.08991681569169983,0.05366563145999498
bs128_lr0.001_distAE_wd0.001_filterlen40_learndecoderFalse_schedulerTrue_windows0_dropout0.0_loralr0.0_preprocessorFalse_preencoderFalse_cutfillFalse_learnpredecoderFalse_learnloraFalse_debugFalse,5,pooled,1.578274917602539,0.2813333333333333,1.6052461862564087,0.21400000000000002,1.6095648288726807,0.22000000000000003,0.01400254000984488,0.06538773245460926,0.0015394520178041602,0.008944271909999166,0.000801664455913318,0.027386127875258303
bs128_lr0.001_distAE_wd0.001_filterlen40_learndecoderFalse_schedulerTrue_windows0_dropout0.0_loralr0.0_preprocessorFalse_preencoderFalse_cutfillFalse_learnpredecoderFalse_learnloraFalse_debugFalse,5,single,1.578274917602539,0.2813333333333333,1.6052461862564087,0.21400000000000002,1.6095648288726807,0.22000000000000003,0.01400254000984488,0.06538773245460926,0.0015394520178041602,0.008944271909999166,0.000801664455913318,0.027386127875258303
bs128_lr0.001_distAE_wd0.001_filterlen40_learndecoderFalse_schedulerTrue_windows0_dropout0.0_loralr0.0_preprocessorFalse_preencoderFalse_cutfillFalse_learnpredecoderFalse_learnloraFalse_debugFalse,6,all,0.42460469538345935,0.8424848484848486,0.7837270975112915,0.73,0.686970317363739,0.766,0.42528339628038453,0.15578092031166613,0.042896531669966195,0.05338539126015659,0.08991681569169983,0.05366563145999498
bs128_lr0.001_distAE_wd0.001_filterlen40_learndecoderFalse_schedulerTrue_windows0_dropout0.0_loralr0.0_preprocessorFalse_preencoderFalse_cutfillFalse_learnpredecoderFalse_learnloraFalse_debugFalse,6,pooled,0.7884025104343891,0.9813333333333333,0.6084864556789398,0.784,0.8170136213302612,0.72,0.8851933804654509,0.03191810508314624,0.06236359523675387,0.016733200530681527,0.20925190450705955,0.04847679857416327
bs128_lr0.001_distAE_wd0.001_filterlen40_learndecoderFalse_schedulerTrue_windows0_dropout0.0_loralr0.0_preprocessorFalse_preencoderFalse_cutfillFalse_learnpredecoderFalse_learnloraFalse_debugFalse,6,single,0.0094907050952315,1.0,0.8074898958206177,0.7,1.1571382761001587,0.612,0.006403201243172926,0.0,0.18224255028183464,0.05916079783099618,0.12399949965717458,0.058906705900092574
bs128_lr0.001_distAE_wd0.001_filterlen40_learndecoderFalse_schedulerTrue_windows0_dropout0.0_loralr0.0_preprocessorFalse_preencoderFalse_cutfillFalse_learnpredecoderFalse_learnloraFalse_debugFalse,7,all,0.42460469538345935,0.8424848484848486,0.7837270975112915,0.73,0.686970317363739,0.766,0.42528339628038453,0.15578092031166613,0.042896531669966195,0.05338539126015659,0.08991681569169983,0.05366563145999498
bs128_lr0.001_distAE_wd0.001_filterlen40_learndecoderFalse_schedulerTrue_windows0_dropout0.0_loralr0.0_preprocessorFalse_preencoderFalse_cutfillFalse_learnpredecoderFalse_learnloraFalse_debugFalse,7,pooled,0.057982381759211374,0.9906666666666666,0.8666020393371582,0.6719999999999999,1.0890883088111878,0.656,0.11322032223707364,0.020869967789998018,0.13292326869736243,0.07395944834840237,0.1303141039834453,0.04159326868617084
bs128_lr0.001_distAE_wd0.001_filterlen40_learndecoderFalse_schedulerTrue_windows0_dropout0.0_loralr0.0_preprocessorFalse_preencoderFalse_cutfillFalse_learnpredecoderFalse_learnloraFalse_debugFalse,7,single,0.057982381759211374,0.9906666666666666,0.8666020393371582,0.6719999999999999,1.0890883088111878,0.656,0.11322032223707364,0.020869967789998018,0.13292326869736243,0.07395944834840237,0.1303141039834453,0.04159326868617084
bs128_lr0.001_distAE_wd0.001_filterlen40_learndecoderFalse_schedulerTrue_windows0_dropout0.0_loralr0.0_preprocessorFalse_preencoderFalse_cutfillFalse_learnpredecoderFalse_learnloraFalse_debugFalse,8,all,0.42460469538345935,0.8424848484848486,0.7837270975112915,0.73,0.686970317363739,0.766,0.42528339628038453,0.15578092031166613,0.042896531669966195,0.05338539126015659,0.08991681569169983,0.05366563145999498
bs128_lr0.001_distAE_wd0.001_filterlen40_learndecoderFalse_schedulerTrue_windows0_dropout0.0_loralr0.0_preprocessorFalse_preencoderFalse_cutfillFalse_learnpredecoderFalse_learnloraFalse_debugFalse,8,pooled,1.5369282245635987,0.29316666666666663,1.6014328718185424,0.22599999999999998,1.6001551866531372,0.25,0.05563808411082196,0.08654919923886578,0.007855728928366718,0.032093613071762415,0.008790926246139499,0.018708286933869715
bs128_lr0.001_distAE_wd0.001_filterlen40_learndecoderFalse_schedulerTrue_windows0_dropout0.0_loralr0.0_preprocessorFalse_preencoderFalse_cutfillFalse_learnpredecoderFalse_learnloraFalse_debugFalse,8,single,1.5616569995880127,0.2666666666666666,1.6106511116027833,0.192,1.6124690055847168,0.198,0.13505582044981634,0.1528797639395817,0.005716277902384057,0.033466401061363026,0.006111155930064399,0.037682887362833546
bs128_lr0.001_distAE_wd0.001_filterlen40_learndecoderFalse_schedulerTrue_windows0_dropout0.0_loralr0.0_preprocessorFalse_preencoderFalse_cutfillFalse_learnpredecoderFalse_learnloraFalse_debugFalse,9,all,0.42460469538345935,0.8424848484848486,0.7837270975112915,0.73,0.686970317363739,0.766,0.42528339628038453,0.15578092031166613,0.042896531669966195,0.05338539126015659,0.08991681569169983,0.05366563145999498
bs128_lr0.001_distAE_wd0.001_filterlen40_learndecoderFalse_schedulerTrue_windows0_dropout0.0_loralr0.0_preprocessorFalse_preencoderFalse_cutfillFalse_learnpredecoderFalse_learnloraFalse_debugFalse,9,pooled,0.686390733718872,0.9395555555555555,0.18436435163021084,0.9359999999999999,0.9670628905296326,0.724,0.31374876897415155,0.08352422580483036,0.07814276057177261,0.023021728866442628,0.15077204165895683,0.04037325847637269
bs128_lr0.001_distAE_wd0.001_filterlen40_learndecoderFalse_schedulerTrue_windows0_dropout0.0_loralr0.0_preprocessorFalse_preencoderFalse_cutfillFalse_learnpredecoderFalse_learnloraFalse_debugFalse,9,single,0.0104408326093107,1.0,0.1111976101994514,0.9640000000000001,0.4652407467365265,0.834,0.009054770836773734,0.0,0.01825828216315348,0.015165750888103105,0.0569725974577985,0.03507135583350038
bs128_lr0.001_distAE_wd0.001_filterlen40_learndecoderFalse_schedulerTrue_windows0_dropout0.0_loralr0.0_preprocessorFalse_preencoderFalse_cutfillFalse_learnpredecoderFalse_learnloraFalse_debugFalse,10,all,0.42460469538345935,0.8424848484848486,0.7837270975112915,0.73,0.686970317363739,0.766,0.42528339628038453,0.15578092031166613,0.042896531669966195,0.05338539126015659,0.08991681569169983,0.05366563145999498
bs128_lr0.001_distAE_wd0.001_filterlen40_learndecoderFalse_schedulerTrue_windows0_dropout0.0_loralr0.0_preprocessorFalse_preencoderFalse_cutfillFalse_learnpredecoderFalse_learnloraFalse_debugFalse,10,pooled,0.661513352394104,0.9073333333333334,1.3013696193695068,0.51,1.3692487001419067,0.538,0.1387155280128797,0.06549714912276622,0.09943538302351948,0.06204836822995427,0.10645251409664423,0.06300793600809342
bs128_lr0.001_distAE_wd0.001_filterlen40_learndecoderFalse_schedulerTrue_windows0_dropout0.0_loralr0.0_preprocessorFalse_preencoderFalse_cutfillFalse_learnpredecoderFalse_learnloraFalse_debugFalse,10,single,0.00907517075538632,1.0,1.1260444879531861,0.576,1.2349342346191405,0.55,0.005509673178588434,0.0,0.08001506336723156,0.011401754250991322,0.1664514163219534,0.029999999999999985
bs128_lr0.001_distAE_wd0.001_filterlen40_learndecoderFalse_schedulerTrue_windows0_dropout0.0_loralr0.0_preprocessorFalse_preencoderFalse_cutfillFalse_learnpredecoderFalse_learnloraFalse_debugFalse,11,all,0.42460469538345935,0.8424848484848486,0.7837270975112915,0.73,0.686970317363739,0.766,0.42528339628038453,0.15578092031166613,0.042896531669966195,0.05338539126015659,0.08991681569169983,0.05366563145999498
bs128_lr0.001_distAE_wd0.001_filterlen40_learndecoderFalse_schedulerTrue_windows0_dropout0.0_loralr0.0_preprocessorFalse_preencoderFalse_cutfillFalse_learnpredecoderFalse_learnloraFalse_debugFalse,11,pooled,0.2967711620032787,0.9233333333333335,0.6859866738319397,0.762,0.6915200352668762,0.7779999999999999,0.38238136132674977,0.06552259058174681,0.108699057727528,0.03633180424916994,0.15408517821577855,0.05118593556827891
bs128_lr0.001_distAE_wd0.001_filterlen40_learndecoderFalse_schedulerTrue_windows0_dropout0.0_loralr0.0_preprocessorFalse_preencoderFalse_cutfillFalse_learnpredecoderFalse_learnloraFalse_debugFalse,11,single,0.006519534159451659,1.0,0.7123268723487854,0.752,0.6174684405326843,0.8039999999999999,0.002816059532567158,0.0,0.09128406512624639,0.04324349662087933,0.09865837557191767,0.03911521443121585
bs128_lr0.001_distAE_wd0.01_filterlen40_learndecoderFalse_schedulerTrue_windows0_dropout0.0_loralr0.0_preprocessorFalse_preencoderFalse_cutfillFalse_learnpredecoderFalse_learnloraFalse_debugFalse,1,all,0.06316479034721846,0.9897575757575758,0.6913804888725281,0.76,0.6029762148857116,0.782,0.04541040606052402,0.01389386504061261,0.049881643406865454,0.028284271247461926,0.038017300407184096,0.021679483388678825
bs128_lr0.001_distAE_wd0.01_filterlen40_learndecoderFalse_schedulerTrue_windows0_dropout0.0_loralr0.0_preprocessorFalse_preencoderFalse_cutfillFalse_learnpredecoderFalse_learnloraFalse_debugFalse,1,pooled,0.18766572326421735,0.9493333333333333,0.6717494010925293,0.782,0.5859998285770416,0.798,0.17222816562893195,0.06509448261309607,0.032187964305827294,0.016431676725155005,0.08856453500653044,0.03492849839314596
bs128_lr0.001_distAE_wd0.01_filterlen40_learndecoderFalse_schedulerTrue_windows0_dropout0.0_loralr0.0_preprocessorFalse_preencoderFalse_cutfillFalse_learnpredecoderFalse_learnloraFalse_debugFalse,1,single,0.01902676038444036,1.0,0.6883556723594666,0.772,0.5852437615394592,0.796,0.0035307656638483196,0.0,0.05130714606171686,0.01788854381999833,0.04139235923696496,0.03049590136395379
bs128_lr0.001_distAE_wd0.01_filterlen40_learndecoderFalse_schedulerTrue_windows0_dropout0.0_loralr0.0_preprocessorFalse_preencoderFalse_cutfillFalse_learnpredecoderFalse_learnloraFalse_debugFalse,2,all,0.06316479034721846,0.9897575757575758,0.6913804888725281,0.76,0.6029762148857116,0.782,0.04541040606052402,0.01389386504061261,0.049881643406865454,0.028284271247461926,0.038017300407184096,0.021679483388678825
bs128_lr0.001_distAE_wd0.01_filterlen40_learndecoderFalse_schedulerTrue_windows0_dropout0.0_loralr0.0_preprocessorFalse_preencoderFalse_cutfillFalse_learnpredecoderFalse_learnloraFalse_debugFalse,2,pooled,0.041908438131213144,0.9970000000000001,0.43490307331085204,0.8619999999999999,0.36868137717247007,0.8720000000000001,0.03594619173510346,0.0058214163988575835,0.03333683005543243,0.013038404810405314,0.04068443054641062,0.01923538406167136
bs128_lr0.001_distAE_wd0.01_filterlen40_learndecoderFalse_schedulerTrue_windows0_dropout0.0_loralr0.0_preprocessorFalse_preencoderFalse_cutfillFalse_learnpredecoderFalse_learnloraFalse_debugFalse,2,single,0.05720380768179888,0.9966666666666667,0.5180523276329041,0.82,0.42741203904151914,0.8480000000000001,0.0614314990671523,0.007453559924999379,0.03927044972033503,0.024494897427831744,0.03155922278706248,0.01643167672515502
bs128_lr0.001_distAE_wd0.01_filterlen40_learndecoderFalse_schedulerTrue_windows0_dropout0.0_loralr0.0_preprocessorFalse_preencoderFalse_cutfillFalse_learnpredecoderFalse_learnloraFalse_debugFalse,3,all,0.06316479034721846,0.9897575757575758,0.6913804888725281,0.76,0.6029762148857116,0.782,0.04541040606052402,0.01389386504061261,0.049881643406865454,0.028284271247461926,0.038017300407184096,0.021679483388678825
bs128_lr0.001_distAE_wd0.01_filterlen40_learndecoderFalse_schedulerTrue_windows0_dropout0.0_loralr0.0_preprocessorFalse_preencoderFalse_cutfillFalse_learnpredecoderFalse_learnloraFalse_debugFalse,3,pooled,0.03805541619658466,0.998,0.8360137343406677,0.71,1.072846519947052,0.614,0.017836177651991875,0.004472135954999596,0.06923770941788276,0.023452078799117194,0.09037787081527972,0.027018512172212617
bs128_lr0.001_distAE_wd0.01_filterlen40_learndecoderFalse_schedulerTrue_windows0_dropout0.0_loralr0.0_preprocessorFalse_preencoderFalse_cutfillFalse_learnpredecoderFalse_learnloraFalse_debugFalse,3,single,0.01853653471916908,1.0,1.2243037700653077,0.54,1.3145869970321655,0.49000000000000005,0.010834762070880452,0.0,0.13235298808282425,0.05291502622129182,0.10040201840933684,0.058736700622353644
bs128_lr0.001_distAE_wd0.01_filterlen40_learndecoderFalse_schedulerTrue_windows0_dropout0.0_loralr0.0_preprocessorFalse_preencoderFalse_cutfillFalse_learnpredecoderFalse_learnloraFalse_debugFalse,4,all,0.06316479034721846,0.9897575757575758,0.6913804888725281,0.76,0.6029762148857116,0.782,0.04541040606052402,0.01389386504061261,0.049881643406865454,0.028284271247461926,0.038017300407184096,0.021679483388678825
bs128_lr0.001_distAE_wd0.01_filterlen40_learndecoderFalse_schedulerTrue_windows0_dropout0.0_loralr0.0_preprocessorFalse_preencoderFalse_cutfillFalse_learnpredecoderFalse_learnloraFalse_debugFalse,4,pooled,0.5244903089478612,0.834,1.5971454620361327,0.27999999999999997,1.75246000289917,0.194,0.7081092258594334,0.23840208798489068,0.0051684574584650225,0.0659545297913646,0.12262492059269417,0.019493588689617928
bs128_lr0.001_distAE_wd0.01_filterlen40_learndecoderFalse_schedulerTrue_windows0_dropout0.0_loralr0.0_preprocessorFalse_preencoderFalse_cutfillFalse_learnpredecoderFalse_learnloraFalse_debugFalse,4,single,0.5244903089478612,0.834,1.5971454620361327,0.27999999999999997,1.75246000289917,0.194,0.7081092258594334,0.23840208798489068,0.0051684574584650225,0.0659545297913646,0.12262492059269417,0.019493588689617928
bs128_lr0.001_distAE_wd0.01_filterlen40_learndecoderFalse_schedulerTrue_windows0_dropout0.0_loralr0.0_preprocessorFalse_preencoderFalse_cutfillFalse_learnpredecoderFalse_learnloraFalse_debugFalse,5,all,0.06316479034721846,0.9897575757575758,0.6913804888725281,0.76,0.6029762148857116,0.782,0.04541040606052402,0.01389386504061261,0.049881643406865454,0.028284271247461926,0.038017300407184096,0.021679483388678825
bs128_lr0.001_distAE_wd0.01_filterlen40_learndecoderFalse_schedulerTrue_windows0_dropout0.0_loralr0.0_preprocessorFalse_preencoderFalse_cutfillFalse_learnpredecoderFalse_learnloraFalse_debugFalse,5,pooled,0.8259437382221222,0.8586666666666666,1.4253573417663574,0.446,1.512128233909607,0.4,0.4066411750702557,0.11655920977218426,0.03356747298962433,0.040373258476372686,0.06671058620442932,0.08689073598491381
bs128_lr0.001_distAE_wd0.01_filterlen40_learndecoderFalse_schedulerTrue_windows0_dropout0.0_loralr0.0_preprocessorFalse_preencoderFalse_cutfillFalse_learnpredecoderFalse_learnloraFalse_debugFalse,5,single,1.5530250310897826,0.2726666666666666,1.6043240070343017,0.22000000000000003,1.6069691181182861,0.23200000000000004,0.03339903799911369,0.047457583400571726,0.0046180887883569485,0.015811388300841892,0.0043798319975427765,0.031144823004794875
bs128_lr0.001_distAE_wd0.01_filterlen40_learndecoderFalse_schedulerTrue_windows0_dropout0.0_loralr0.0_preprocessorFalse_preencoderFalse_cutfillFalse_learnpredecoderFalse_learnloraFalse_debugFalse,6,all,0.06316479034721846,0.9897575757575758,0.6913804888725281,0.76,0.6029762148857116,0.782,0.04541040606052402,0.01389386504061261,0.049881643406865454,0.028284271247461926,0.038017300407184096,0.021679483388678825
bs128_lr0.001_distAE_wd0.01_filterlen40_learndecoderFalse_schedulerTrue_windows0_dropout0.0_loralr0.0_preprocessorFalse_preencoderFalse_cutfillFalse_learnpredecoderFalse_learnloraFalse_debugFalse,6,pooled,0.02484811395406718,1.0,0.46263513565063474,0.844,0.7495136022567749,0.722,0.007420507368091192,0.0,0.025479076841568818,0.032863353450309954,0.06856966222261417,0.04604345773288539
bs128_lr0.001_distAE_wd0.01_filterlen40_learndecoderFalse_schedulerTrue_windows0_dropout0.0_loralr0.0_preprocessorFalse_preencoderFalse_cutfillFalse_learnpredecoderFalse_learnloraFalse_debugFalse,6,single,0.02484811395406718,1.0,0.46263513565063474,0.844,0.7495136022567749,0.722,0.007420507368091192,0.0,0.025479076841568818,0.032863353450309954,0.06856966222261417,0.04604345773288539
bs128_lr0.001_distAE_wd0.01_filterlen40_learndecoderFalse_schedulerTrue_windows0_dropout0.0_loralr0.0_preprocessorFalse_preencoderFalse_cutfillFalse_learnpredecoderFalse_learnloraFalse_debugFalse,7,all,0.06316479034721846,0.9897575757575758,0.6913804888725281,0.76,0.6029762148857116,0.782,0.04541040606052402,0.01389386504061261,0.049881643406865454,0.028284271247461926,0.038017300407184096,0.021679483388678825
bs128_lr0.001_distAE_wd0.01_filterlen40_learndecoderFalse_schedulerTrue_windows0_dropout0.0_loralr0.0_preprocessorFalse_preencoderFalse_cutfillFalse_learnpredecoderFalse_learnloraFalse_debugFalse,7,pooled,0.05723768062889571,0.998,0.6802428603172302,0.758,0.9793033003807068,0.6519999999999999,0.03541908157708322,0.002981423969999772,0.04303323454736405,0.047644516998286424,0.05711649827617614,0.04658325879540845
bs128_lr0.001_distAE_wd0.01_filterlen40_learndecoderFalse_schedulerTrue_windows0_dropout0.0_loralr0.0_preprocessorFalse_preencoderFalse_cutfillFalse_learnpredecoderFalse_learnloraFalse_debugFalse,7,single,0.05723768062889571,0.998,0.6802428603172302,0.758,0.9793033003807068,0.6519999999999999,0.03541908157708322,0.002981423969999772,0.04303323454736405,0.047644516998286424,0.05711649827617614,0.04658325879540845
bs128_lr0.001_distAE_wd0.01_filterlen40_learndecoderFalse_schedulerTrue_windows0_dropout0.0_loralr0.0_preprocessorFalse_preencoderFalse_cutfillFalse_learnpredecoderFalse_learnloraFalse_debugFalse,8,all,0.06316479034721846,0.9897575757575758,0.6913804888725281,0.76,0.6029762148857116,0.782,0.04541040606052402,0.01389386504061261,0.049881643406865454,0.028284271247461926,0.038017300407184096,0.021679483388678825
bs128_lr0.001_distAE_wd0.01_filterlen40_learndecoderFalse_schedulerTrue_windows0_dropout0.0_loralr0.0_preprocessorFalse_preencoderFalse_cutfillFalse_learnpredecoderFalse_learnloraFalse_debugFalse,8,pooled,1.2548082232475282,0.49000000000000005,1.601266860961914,0.246,1.669989252090454,0.22400000000000003,0.4055321913334077,0.2954667786468567,0.010482077400702037,0.04393176527297759,0.08078505701531118,0.020736441353327723
bs128_lr0.001_distAE_wd0.01_filterlen40_learndecoderFalse_schedulerTrue_windows0_dropout0.0_loralr0.0_preprocessorFalse_preencoderFalse_cutfillFalse_learnpredecoderFalse_learnloraFalse_debugFalse,8,single,1.4826350212097168,0.36266666666666664,1.6081002473831176,0.20600000000000002,1.6124306440353393,0.188,0.1508533025290661,0.18925878814176342,0.003080220117427312,0.008944271909999149,0.005455895345296326,0.02683281572999747
bs128_lr0.001_distAE_wd0.01_filterlen40_learndecoderFalse_schedulerTrue_windows0_dropout0.0_loralr0.0_preprocessorFalse_preencoderFalse_cutfillFalse_learnpredecoderFalse_learnloraFalse_debugFalse,9,all,0.06316479034721846,0.9897575757575758,0.6913804888725281,0.76,0.6029762148857116,0.782,0.04541040606052402,0.01389386504061261,0.049881643406865454,0.028284271247461926,0.038017300407184096,0.021679483388678825
bs128_lr0.001_distAE_wd0.01_filterlen40_learndecoderFalse_schedulerTrue_windows0_dropout0.0_loralr0.0_preprocessorFalse_preencoderFalse_cutfillFalse_learnpredecoderFalse_learnloraFalse_debugFalse,9,pooled,0.6064428001642227,0.913111111111111,0.2166520923376083,0.9199999999999999,0.6285300314426422,0.766,0.365215233619962,0.04655674885768472,0.02912047482676408,0.01870828693386969,0.14540797931418253,0.054129474410897445
bs128_lr0.001_distAE_wd0.01_filterlen40_learndecoderFalse_schedulerTrue_windows0_dropout0.0_loralr0.0_preprocessorFalse_preencoderFalse_cutfillFalse_learnpredecoderFalse_learnloraFalse_debugFalse,9,single,0.04309644363820548,0.9986666666666666,0.14004488140344615,0.9640000000000001,0.5584512948989868,0.8019999999999999,0.03005160398619868,0.002981423969999784,0.019451144025941856,0.00894427190999918,0.11425201629605021,0.06016643582596528
bs128_lr0.001_distAE_wd0.01_filterlen40_learndecoderFalse_schedulerTrue_windows0_dropout0.0_loralr0.0_preprocessorFalse_preencoderFalse_cutfillFalse_learnpredecoderFalse_learnloraFalse_debugFalse,10,all,0.06316479034721846,0.9897575757575758,0.6913804888725281,0.76,0.6029762148857116,0.782,0.04541040606052402,0.01389386504061261,0.049881643406865454,0.028284271247461926,0.038017300407184096,0.021679483388678825
bs128_lr0.001_distAE_wd0.01_filterlen40_learndecoderFalse_schedulerTrue_windows0_dropout0.0_loralr0.0_preprocessorFalse_preencoderFalse_cutfillFalse_learnpredecoderFalse_learnloraFalse_debugFalse,10,pooled,0.8957654237747192,0.9477777777777778,0.9392155647277832,0.666,1.205128264427185,0.584,0.527427378094674,0.04761600519381359,0.03641317847161778,0.018165902124584934,0.14620491132772254,0.026076809620810583
bs128_lr0.001_distAE_wd0.01_filterlen40_learndecoderFalse_schedulerTrue_windows0_dropout0.0_loralr0.0_preprocessorFalse_preencoderFalse_cutfillFalse_learnpredecoderFalse_learnloraFalse_debugFalse,10,single,0.016739581152796678,1.0,0.9524915933609008,0.624,1.1049116134643555,0.586,0.0018393977073744541,0.0,0.06766689879597132,0.04722287581247038,0.04751162662590999,0.008944271909999179
bs128_lr0.001_distAE_wd0.01_filterlen40_learndecoderFalse_schedulerTrue_windows0_dropout0.0_loralr0.0_preprocessorFalse_preencoderFalse_cutfillFalse_learnpredecoderFalse_learnloraFalse_debugFalse,11,all,0.06316479034721846,0.9897575757575758,0.6913804888725281,0.76,0.6029762148857116,0.782,0.04541040606052402,0.01389386504061261,0.049881643406865454,0.028284271247461926,0.038017300407184096,0.021679483388678825
bs128_lr0.001_distAE_wd0.01_filterlen40_learndecoderFalse_schedulerTrue_windows0_dropout0.0_loralr0.0_preprocessorFalse_preencoderFalse_cutfillFalse_learnpredecoderFalse_learnloraFalse_debugFalse,11,pooled,0.25334520936012267,0.976888888888889,0.43745012283325196,0.836,0.34869632720947263,0.868,0.21252412393503303,0.011260112053473973,0.040460014896984114,0.016733200530681516,0.05298167888529545,0.0311448230047949
bs128_lr0.001_distAE_wd0.01_filterlen40_learndecoderFalse_schedulerTrue_windows0_dropout0.0_loralr0.0_preprocessorFalse_preencoderFalse_cutfillFalse_learnpredecoderFalse_learnloraFalse_debugFalse,11,single,0.0364566903561353,1.0,0.37720735073089595,0.8960000000000001,0.3193037092685699,0.9099999999999999,0.014856899425791919,0.0,0.06679554872605951,0.04335896677735758,0.059454082267402404,0.041833001326703784
bs128_lr0.001_distCOV_wd0.001_filterlen40_learndecoderFalse_schedulerTrue_windows0_dropout0.0_loralr0.0_preprocessorFalse_preencoderFalse_cutfillFalse_learnpredecoderFalse_learnloraFalse_debugFalse,1,all,0.2779240206349641,0.892909090909091,0.7886294722557068,0.734,0.6607680797576905,0.772,0.342505134268865,0.13823623330497364,0.04104567508413956,0.023021728866442694,0.040370765403288204,0.026832815729997503
bs128_lr0.001_distCOV_wd0.001_filterlen40_learndecoderFalse_schedulerTrue_windows0_dropout0.0_loralr0.0_preprocessorFalse_preencoderFalse_cutfillFalse_learnpredecoderFalse_learnloraFalse_debugFalse,1,pooled,0.07143767848610877,0.9866666666666667,0.8441654920578003,0.6839999999999999,0.7158880710601807,0.73,0.14608219169033332,0.029814239699997237,0.07288277441729295,0.037815340802378056,0.043459433803780534,0.02549509756796396
bs128_lr0.001_distCOV_wd0.001_filterlen40_learndecoderFalse_schedulerTrue_windows0_dropout0.0_loralr0.0_preprocessorFalse_preencoderFalse_cutfillFalse_learnpredecoderFalse_learnloraFalse_debugFalse,1,single,0.07143767848610877,0.9866666666666667,0.8441654920578003,0.6839999999999999,0.7158880710601807,0.73,0.14608219169033332,0.029814239699997237,0.07288277441729295,0.037815340802378056,0.043459433803780534,0.02549509756796396
bs128_lr0.001_distCOV_wd0.001_filterlen40_learndecoderFalse_schedulerTrue_windows0_dropout0.0_loralr0.0_preprocessorFalse_preencoderFalse_cutfillFalse_learnpredecoderFalse_learnloraFalse_debugFalse,2,all,0.2779240206349641,0.892909090909091,0.7886294722557068,0.734,0.6607680797576905,0.772,0.342505134268865,0.13823623330497364,0.04104567508413956,0.023021728866442694,0.040370765403288204,0.026832815729997503
bs128_lr0.001_distCOV_wd0.001_filterlen40_learndecoderFalse_schedulerTrue_windows0_dropout0.0_loralr0.0_preprocessorFalse_preencoderFalse_cutfillFalse_learnpredecoderFalse_learnloraFalse_debugFalse,2,pooled,0.7268807709217071,0.9412222222222223,0.6402884602546692,0.776,0.8178468465805053,0.796,0.5049397500267647,0.045573167327353,0.075938329241643,0.025099800796022267,0.2187680424749479,0.018165902124584934
bs128_lr0.001_distCOV_wd0.001_filterlen40_learndecoderFalse_schedulerTrue_windows0_dropout0.0_loralr0.0_preprocessorFalse_preencoderFalse_cutfillFalse_learnpredecoderFalse_learnloraFalse_debugFalse,2,single,0.00777604309841988,1.0,0.7379945099353791,0.75,0.591828453540802,0.8300000000000001,0.006525220903057522,0.0,0.22004538560184983,0.08366600265340754,0.09302590490064842,0.04795831523312718
bs128_lr0.001_distCOV_wd0.001_filterlen40_learndecoderFalse_schedulerTrue_windows0_dropout0.0_loralr0.0_preprocessorFalse_preencoderFalse_cutfillFalse_learnpredecoderFalse_learnloraFalse_debugFalse,3,all,0.2779240206349641,0.892909090909091,0.7886294722557068,0.734,0.6607680797576905,0.772,0.342505134268865,0.13823623330497364,0.04104567508413956,0.023021728866442694,0.040370765403288204,0.026832815729997503
bs128_lr0.001_distCOV_wd0.001_filterlen40_learndecoderFalse_schedulerTrue_windows0_dropout0.0_loralr0.0_preprocessorFalse_preencoderFalse_cutfillFalse_learnpredecoderFalse_learnloraFalse_debugFalse,3,pooled,0.5743955135345459,0.9273333333333333,1.3243247509002685,0.49000000000000005,1.4726170778274537,0.472,0.19980549474364345,0.049966655548141954,0.10144595135893582,0.06284902544988268,0.08031779322776408,0.02683281572999748
bs128_lr0.001_distCOV_wd0.001_filterlen40_learndecoderFalse_schedulerTrue_windows0_dropout0.0_loralr0.0_preprocessorFalse_preencoderFalse_cutfillFalse_learnpredecoderFalse_learnloraFalse_debugFalse,3,single,0.22878011204302307,0.9400000000000001,1.488890242576599,0.422,1.4908843755722045,0.434,0.49858284685227094,0.1341640786499874,0.08269832447436358,0.06180614856144977,0.07209356716448592,0.09126883367283707
bs128_lr0.001_distCOV_wd0.001_filterlen40_learndecoderFalse_schedulerTrue_windows0_dropout0.0_loralr0.0_preprocessorFalse_preencoderFalse_cutfillFalse_learnpredecoderFalse_learnloraFalse_debugFalse,4,all,0.2779240206349641,0.892909090909091,0.7886294722557068,0.734,0.6607680797576905,0.772,0.342505134268865,0.13823623330497364,0.04104567508413956,0.023021728866442694,0.040370765403288204,0.026832815729997503
bs128_lr0.001_distCOV_wd0.001_filterlen40_learndecoderFalse_schedulerTrue_windows0_dropout0.0_loralr0.0_preprocessorFalse_preencoderFalse_cutfillFalse_learnpredecoderFalse_learnloraFalse_debugFalse,4,pooled,1.4982917308807373,0.3029523809523809,1.5690868377685547,0.324,1.6210692882537843,0.23200000000000004,0.08395155980109706,0.05416381468159047,0.02283370942875431,0.0687749954561976,0.023363782046165637,0.03492849839314596
bs128_lr0.001_distCOV_wd0.001_filterlen40_learndecoderFalse_schedulerTrue_windows0_dropout0.0_loralr0.0_preprocessorFalse_preencoderFalse_cutfillFalse_learnpredecoderFalse_learnloraFalse_debugFalse,4,single,1.1710225343704224,0.7106666666666667,1.5973630666732788,0.22799999999999998,1.6387905836105348,0.22999999999999998,0.12444557584048206,0.1176246383865028,0.013862962029085412,0.047644516998286375,0.020372511708327636,0.014142135623730947
bs128_lr0.001_distCOV_wd0.001_filterlen40_learndecoderFalse_schedulerTrue_windows0_dropout0.0_loralr0.0_preprocessorFalse_preencoderFalse_cutfillFalse_learnpredecoderFalse_learnloraFalse_debugFalse,5,all,0.2779240206349641,0.892909090909091,0.7886294722557068,0.734,0.6607680797576905,0.772,0.342505134268865,0.13823623330497364,0.04104567508413956,0.023021728866442694,0.040370765403288204,0.026832815729997503
bs128_lr0.001_distCOV_wd0.001_filterlen40_learndecoderFalse_schedulerTrue_windows0_dropout0.0_loralr0.0_preprocessorFalse_preencoderFalse_cutfillFalse_learnpredecoderFalse_learnloraFalse_debugFalse,5,pooled,0.7022218644618988,0.8464444444444444,1.4997259378433228,0.38,1.6799049377441406,0.32,0.47606482328183125,0.052159536845629816,0.07733721918943902,0.0479583152331272,0.10641473511636611,0.027386127875258313
bs128_lr0.001_distCOV_wd0.001_filterlen40_learndecoderFalse_schedulerTrue_windows0_dropout0.0_loralr0.0_preprocessorFalse_preencoderFalse_cutfillFalse_learnpredecoderFalse_learnloraFalse_debugFalse,5,single,1.5901609897613525,0.26266666666666666,1.6098066091537475,0.2,1.613647747039795,0.198,0.07795819796317996,0.09858442518414805,0.004202072517394353,0.018708286933869705,0.003779289225006129,0.017888543819998316
bs128_lr0.001_distCOV_wd0.001_filterlen40_learndecoderFalse_schedulerTrue_windows0_dropout0.0_loralr0.0_preprocessorFalse_preencoderFalse_cutfillFalse_learnpredecoderFalse_learnloraFalse_debugFalse,6,all,0.2779240206349641,0.892909090909091,0.7886294722557068,0.734,0.6607680797576905,0.772,0.342505134268865,0.13823623330497364,0.04104567508413956,0.023021728866442694,0.040370765403288204,0.026832815729997503
bs128_lr0.001_distCOV_wd0.001_filterlen40_learndecoderFalse_schedulerTrue_windows0_dropout0.0_loralr0.0_preprocessorFalse_preencoderFalse_cutfillFalse_learnpredecoderFalse_learnloraFalse_debugFalse,6,pooled,0.2629262141883373,0.9813333333333333,0.5526937961578369,0.818,0.8515484452247619,0.746,0.2737640197390515,0.011925695879998937,0.03662084520677123,0.033466401061363005,0.2537028469454985,0.037815340802378104
bs128_lr0.001_distCOV_wd0.001_filterlen40_learndecoderFalse_schedulerTrue_windows0_dropout0.0_loralr0.0_preprocessorFalse_preencoderFalse_cutfillFalse_learnpredecoderFalse_learnloraFalse_debugFalse,6,single,0.0063133233692496595,1.0,0.6686943173408508,0.744,1.01737060546875,0.6719999999999999,0.003955027666030771,0.0,0.14796558607590352,0.07092249290598858,0.1451679849434964,0.059329587896765255
bs128_lr0.001_distCOV_wd0.001_filterlen40_learndecoderFalse_schedulerTrue_windows0_dropout0.0_loralr0.0_preprocessorFalse_preencoderFalse_cutfillFalse_learnpredecoderFalse_learnloraFalse_debugFalse,7,all,0.2779240206349641,0.892909090909091,0.7886294722557068,0.734,0.6607680797576905,0.772,0.342505134268865,0.13823623330497364,0.04104567508413956,0.023021728866442694,0.040370765403288204,0.026832815729997503
bs128_lr0.001_distCOV_wd0.001_filterlen40_learndecoderFalse_schedulerTrue_windows0_dropout0.0_loralr0.0_preprocessorFalse_preencoderFalse_cutfillFalse_learnpredecoderFalse_learnloraFalse_debugFalse,7,pooled,0.02273682933300728,0.9993333333333334,0.9091660857200623,0.656,1.2082052946090698,0.588,0.03743050597980697,0.0014907119849997834,0.2687495231480543,0.1316434578701122,0.12007844996908121,0.0914877040918614
bs128_lr0.001_distCOV_wd0.001_filterlen40_learndecoderFalse_schedulerTrue_windows0_dropout0.0_loralr0.0_preprocessorFalse_preencoderFalse_cutfillFalse_learnpredecoderFalse_learnloraFalse_debugFalse,7,single,0.02273682933300728,0.9993333333333334,0.9091660857200623,0.656,1.2082052946090698,0.588,0.03743050597980697,0.0014907119849997834,0.2687495231480543,0.1316434578701122,0.12007844996908121,0.0914877040918614
bs128_lr0.001_distCOV_wd0.001_filterlen40_learndecoderFalse_schedulerTrue_windows0_dropout0.0_loralr0.0_preprocessorFalse_preencoderFalse_cutfillFalse_learnpredecoderFalse_learnloraFalse_debugFalse,8,all,0.2779240206349641,0.892909090909091,0.7886294722557068,0.734,0.6607680797576905,0.772,0.342505134268865,0.13823623330497364,0.04104567508413956,0.023021728866442694,0.040370765403288204,0.026832815729997503
bs128_lr0.001_distCOV_wd0.001_filterlen40_learndecoderFalse_schedulerTrue_windows0_dropout0.0_loralr0.0_preprocessorFalse_preencoderFalse_cutfillFalse_learnpredecoderFalse_learnloraFalse_debugFalse,8,pooled,1.703642225265503,0.24688888888888885,1.6108123064041138,0.2,1.6186279296875,0.188,0.20388819033182967,0.08800042087441441,0.012639281494522295,0.040620192023179805,0.011939402746966815,0.029495762407505254
bs128_lr0.001_distCOV_wd0.001_filterlen40_learndecoderFalse_schedulerTrue_windows0_dropout0.0_loralr0.0_preprocessorFalse_preencoderFalse_cutfillFalse_learnpredecoderFalse_learnloraFalse_debugFalse,8,single,1.609999656677246,0.27066666666666667,1.608168601989746,0.22800000000000004,1.6083543300628662,0.236,0.053042506979222755,0.062066272823669874,0.002960483597680992,0.02387467277262663,0.0028577235203226022,0.027018512172212603
bs128_lr0.001_distCOV_wd0.001_filterlen40_learndecoderFalse_schedulerTrue_windows0_dropout0.0_loralr0.0_preprocessorFalse_preencoderFalse_cutfillFalse_learnpredecoderFalse_learnloraFalse_debugFalse,9,all,0.2779240206349641,0.892909090909091,0.7886294722557068,0.734,0.6607680797576905,0.772,0.342505134268865,0.13823623330497364,0.04104567508413956,0.023021728866442694,0.040370765403288204,0.026832815729997503
bs128_lr0.001_distCOV_wd0.001_filterlen40_learndecoderFalse_schedulerTrue_windows0_dropout0.0_loralr0.0_preprocessorFalse_preencoderFalse_cutfillFalse_learnpredecoderFalse_learnloraFalse_debugFalse,9,pooled,0.7418062783777714,0.9304444444444444,0.16878212690353392,0.946,0.7779499173164368,0.744,0.5256385125355442,0.07647964305924247,0.01478472156999459,0.008944271909999179,0.1729349844090121,0.031304951684997084
bs128_lr0.001_distCOV_wd0.001_filterlen40_learndecoderFalse_schedulerTrue_windows0_dropout0.0_loralr0.0_preprocessorFalse_preencoderFalse_cutfillFalse_learnpredecoderFalse_learnloraFalse_debugFalse,9,single,0.006647218018770181,1.0,0.12481517940759654,0.96,0.47938785552978513,0.8160000000000001,0.002970691291841871,0.0,0.015883899448739237,0.00999999999999999,0.06812572810042385,0.046151923036857286
bs128_lr0.001_distCOV_wd0.001_filterlen40_learndecoderFalse_schedulerTrue_windows0_dropout0.0_loralr0.0_preprocessorFalse_preencoderFalse_cutfillFalse_learnpredecoderFalse_learnloraFalse_debugFalse,10,all,0.2779240206349641,0.892909090909091,0.7886294722557068,0.734,0.6607680797576905,0.772,0.342505134268865,0.13823623330497364,0.04104567508413956,0.023021728866442694,0.040370765403288204,0.026832815729997503
bs128_lr0.001_distCOV_wd0.001_filterlen40_learndecoderFalse_schedulerTrue_windows0_dropout0.0_loralr0.0_preprocessorFalse_preencoderFalse_cutfillFalse_learnpredecoderFalse_learnloraFalse_debugFalse,10,pooled,0.7157381176948547,0.8646666666666667,1.1794788599014283,0.5780000000000001,1.1406660199165344,0.5780000000000001,0.23534945280215697,0.0603201336082615,0.09525430095088488,0.047116875957559014,0.11348750162756162,0.05974947698515862
bs128_lr0.001_distCOV_wd0.001_filterlen40_learndecoderFalse_schedulerTrue_windows0_dropout0.0_loralr0.0_preprocessorFalse_preencoderFalse_cutfillFalse_learnpredecoderFalse_learnloraFalse_debugFalse,10,single,0.0271746079437434,0.9993333333333334,1.1669081926345826,0.54,1.1766107559204102,0.556,0.03748994658562044,0.0014907119849997834,0.04653382749300619,0.039999999999999994,0.08717945430865197,0.04505552130427522
bs128_lr0.001_distCOV_wd0.001_filterlen40_learndecoderFalse_schedulerTrue_windows0_dropout0.0_loralr0.0_preprocessorFalse_preencoderFalse_cutfillFalse_learnpredecoderFalse_learnloraFalse_debugFalse,11,all,0.2779240206349641,0.892909090909091,0.7886294722557068,0.734,0.6607680797576905,0.772,0.342505134268865,0.13823623330497364,0.04104567508413956,0.023021728866442694,0.040370765403288204,0.026832815729997503
bs128_lr0.001_distCOV_wd0.001_filterlen40_learndecoderFalse_schedulerTrue_windows0_dropout0.0_loralr0.0_preprocessorFalse_preencoderFalse_cutfillFalse_learnpredecoderFalse_learnloraFalse_debugFalse,11,pooled,0.4796760730445385,0.9931111111111111,0.3396691262722015,0.892,0.2913687199354172,0.9019999999999999,0.5048211423906948,0.004112612338515897,0.03188470656510678,0.021679483388678825,0.05977012610822344,0.019235384061671367
bs128_lr0.001_distCOV_wd0.001_filterlen40_learndecoderFalse_schedulerTrue_windows0_dropout0.0_loralr0.0_preprocessorFalse_preencoderFalse_cutfillFalse_learnpredecoderFalse_learnloraFalse_debugFalse,11,single,0.00484293801710002,1.0,0.63746218085289,0.762,0.49438210129737853,0.8240000000000001,0.0025056610713221935,0.0,0.14774197540341671,0.07085195833567341,0.1043800048328847,0.05319774431308154
bs128_lr0.001_distCOV_wd0.01_filterlen40_learndecoderFalse_schedulerTrue_windows0_dropout0.0_loralr0.0_preprocessorFalse_preencoderFalse_cutfillFalse_learnpredecoderFalse_learnloraFalse_debugFalse,1,all,0.1871804147958755,0.9479393939393939,0.6649354577064515,0.764,0.679590392112732,0.762,0.13830170935301175,0.07830926891368697,0.04777814795140308,0.023021728866442694,0.06980299263754075,0.04969909455915672
bs128_lr0.001_distCOV_wd0.01_filterlen40_learndecoderFalse_schedulerTrue_windows0_dropout0.0_loralr0.0_preprocessorFalse_preencoderFalse_cutfillFalse_learnpredecoderFalse_learnloraFalse_debugFalse,1,pooled,0.39783173575997355,0.9528888888888888,0.7107631683349609,0.78,0.5633688986301422,0.796,0.4505634354315083,0.041711827377973666,0.03489659977261313,0.02345207879911716,0.1677303158288044,0.0716240183178799
bs128_lr0.001_distCOV_wd0.01_filterlen40_learndecoderFalse_schedulerTrue_windows0_dropout0.0_loralr0.0_preprocessorFalse_preencoderFalse_cutfillFalse_learnpredecoderFalse_learnloraFalse_debugFalse,1,single,0.02076797690242526,1.0,0.651661479473114,0.774,0.5064263105392456,0.834,0.01099452788470862,0.0,0.018565624159469704,0.013416407864998758,0.048048463793875396,0.03130495168499704
bs128_lr0.001_distCOV_wd0.01_filterlen40_learndecoderFalse_schedulerTrue_windows0_dropout0.0_loralr0.0_preprocessorFalse_preencoderFalse_cutfillFalse_learnpredecoderFalse_learnloraFalse_debugFalse,2,all,0.1871804147958755,0.9479393939393939,0.6649354577064515,0.764,0.679590392112732,0.762,0.13830170935301175,0.07830926891368697,0.04777814795140308,0.023021728866442694,0.06980299263754075,0.04969909455915672
bs128_lr0.001_distCOV_wd0.01_filterlen40_learndecoderFalse_schedulerTrue_windows0_dropout0.0_loralr0.0_preprocessorFalse_preencoderFalse_cutfillFalse_learnpredecoderFalse_learnloraFalse_debugFalse,2,pooled,0.053971114382147765,0.9953333333333333,0.43347925543785093,0.852,0.3778561592102051,0.8939999999999999,0.02949181316611748,0.004314059701848259,0.04082691866904786,0.025884358211089604,0.08056447987553221,0.024083189157584617
bs128_lr0.001_distCOV_wd0.01_filterlen40_learndecoderFalse_schedulerTrue_windows0_dropout0.0_loralr0.0_preprocessorFalse_preencoderFalse_cutfillFalse_learnpredecoderFalse_learnloraFalse_debugFalse,2,single,0.02540581021457906,1.0,0.5056286096572876,0.8460000000000001,0.4972915232181549,0.85,0.006939999342978929,0.0,0.06257050376555558,0.038470768123342686,0.06529895394643633,0.02449489742783179
bs128_lr0.001_distCOV_wd0.01_filterlen40_learndecoderFalse_schedulerTrue_windows0_dropout0.0_loralr0.0_preprocessorFalse_preencoderFalse_cutfillFalse_learnpredecoderFalse_learnloraFalse_debugFalse,3,all,0.1871804147958755,0.9479393939393939,0.6649354577064515,0.764,0.679590392112732,0.762,0.13830170935301175,0.07830926891368697,0.04777814795140308,0.023021728866442694,0.06980299263754075,0.04969909455915672
bs128_lr0.001_distCOV_wd0.01_filterlen40_learndecoderFalse_schedulerTrue_windows0_dropout0.0_loralr0.0_preprocessorFalse_preencoderFalse_cutfillFalse_learnpredecoderFalse_learnloraFalse_debugFalse,3,pooled,1.0113706171512604,0.9013333333333333,1.1160105466842651,0.57,1.2426766633987427,0.528,0.5765786383127667,0.12532279309501448,0.09724649777055545,0.03535533905932739,0.0840789949863077,0.03563705936241094
bs128_lr0.001_distCOV_wd0.01_filterlen40_learndecoderFalse_schedulerTrue_windows0_dropout0.0_loralr0.0_preprocessorFalse_preencoderFalse_cutfillFalse_learnpredecoderFalse_learnloraFalse_debugFalse,3,single,0.02277067396789782,1.0,1.153284740447998,0.526,1.2319148063659668,0.528,0.009189581788210844,0.0,0.07085345454416818,0.02701851217221258,0.05647484566638267,0.03346640106136298
bs128_lr0.001_distCOV_wd0.01_filterlen40_learndecoderFalse_schedulerTrue_windows0_dropout0.0_loralr0.0_preprocessorFalse_preencoderFalse_cutfillFalse_learnpredecoderFalse_learnloraFalse_debugFalse,4,all,0.1871804147958755,0.9479393939393939,0.6649354577064515,0.764,0.679590392112732,0.762,0.13830170935301175,0.07830926891368697,0.04777814795140308,0.023021728866442694,0.06980299263754075,0.04969909455915672
bs128_lr0.001_distCOV_wd0.01_filterlen40_learndecoderFalse_schedulerTrue_windows0_dropout0.0_loralr0.0_preprocessorFalse_preencoderFalse_cutfillFalse_learnpredecoderFalse_learnloraFalse_debugFalse,4,pooled,1.094469203054905,0.6093333333333333,1.6013298988342286,0.22400000000000003,1.6587951898574829,0.192,0.6139371088263551,0.2526020145956437,0.007238589894545233,0.04277849927241487,0.08802109143026252,0.029495762407505254
bs128_lr0.001_distCOV_wd0.01_filterlen40_learndecoderFalse_schedulerTrue_windows0_dropout0.0_loralr0.0_preprocessorFalse_preencoderFalse_cutfillFalse_learnpredecoderFalse_learnloraFalse_debugFalse,4,single,1.094469203054905,0.6093333333333333,1.6013298988342286,0.22400000000000003,1.6587951898574829,0.192,0.6139371088263551,0.2526020145956437,0.007238589894545233,0.04277849927241487,0.08802109143026252,0.029495762407505254
bs128_lr0.001_distCOV_wd0.01_filterlen40_learndecoderFalse_schedulerTrue_windows0_dropout0.0_loralr0.0_preprocessorFalse_preencoderFalse_cutfillFalse_learnpredecoderFalse_learnloraFalse_debugFalse,5,all,0.1871804147958755,0.9479393939393939,0.6649354577064515,0.764,0.679590392112732,0.762,0.13830170935301175,0.07830926891368697,0.04777814795140308,0.023021728866442694,0.06980299263754075,0.04969909455915672
bs128_lr0.001_distCOV_wd0.01_filterlen40_learndecoderFalse_schedulerTrue_windows0_dropout0.0_loralr0.0_preprocessorFalse_preencoderFalse_cutfillFalse_learnpredecoderFalse_learnloraFalse_debugFalse,5,pooled,0.6897258698940277,0.9466666666666667,1.345218300819397,0.5,1.5984368085861207,0.396,0.4972333199959122,0.04574486411164205,0.0489539337493881,0.040620192023179756,0.22256048583428475,0.058991524815010486
bs128_lr0.001_distCOV_wd0.01_filterlen40_learndecoderFalse_schedulerTrue_windows0_dropout0.0_loralr0.0_preprocessorFalse_preencoderFalse_cutfillFalse_learnpredecoderFalse_learnloraFalse_debugFalse,5,single,1.5880463361740111,0.25999999999999995,1.608576202392578,0.21800000000000003,1.6086971282958984,0.22199999999999998,0.026833149328687123,0.05612486080160912,0.0036038408763664938,0.026832815729997468,0.0035406613647154883,0.017888543819998305
bs128_lr0.001_distCOV_wd0.01_filterlen40_learndecoderFalse_schedulerTrue_windows0_dropout0.0_loralr0.0_preprocessorFalse_preencoderFalse_cutfillFalse_learnpredecoderFalse_learnloraFalse_debugFalse,6,all,0.1871804147958755,0.9479393939393939,0.6649354577064515,0.764,0.679590392112732,0.762,0.13830170935301175,0.07830926891368697,0.04777814795140308,0.023021728866442694,0.06980299263754075,0.04969909455915672
bs128_lr0.001_distCOV_wd0.01_filterlen40_learndecoderFalse_schedulerTrue_windows0_dropout0.0_loralr0.0_preprocessorFalse_preencoderFalse_cutfillFalse_learnpredecoderFalse_learnloraFalse_debugFalse,6,pooled,0.03551610298454758,0.998,0.30892048776149744,0.908,0.6263052463531494,0.778,0.016877689484571246,0.0027847983842311146,0.04866943121370209,0.029495762407505236,0.06669228752705465,0.03563705936241089
bs128_lr0.001_distCOV_wd0.01_filterlen40_learndecoderFalse_schedulerTrue_windows0_dropout0.0_loralr0.0_preprocessorFalse_preencoderFalse_cutfillFalse_learnpredecoderFalse_learnloraFalse_debugFalse,6,single,0.01891051270067688,1.0,0.47892541289329527,0.834,0.7607546329498291,0.732,0.00775853183098154,0.0,0.0622051453874314,0.027018512172212603,0.1188884786647299,0.04764451699828642
bs128_lr0.001_distCOV_wd0.01_filterlen40_learndecoderFalse_schedulerTrue_windows0_dropout0.0_loralr0.0_preprocessorFalse_preencoderFalse_cutfillFalse_learnpredecoderFalse_learnloraFalse_debugFalse,7,all,0.1871804147958755,0.9479393939393939,0.6649354577064515,0.764,0.679590392112732,0.762,0.13830170935301175,0.07830926891368697,0.04777814795140308,0.023021728866442694,0.06980299263754075,0.04969909455915672
bs128_lr0.001_distCOV_wd0.01_filterlen40_learndecoderFalse_schedulerTrue_windows0_dropout0.0_loralr0.0_preprocessorFalse_preencoderFalse_cutfillFalse_learnpredecoderFalse_learnloraFalse_debugFalse,7,pooled,0.5435934215784073,0.9875555555555555,0.5816457271575928,0.796,0.9265549898147583,0.6599999999999999,0.517548653254009,0.016876457413059723,0.06760575324819815,0.036469165057620934,0.08807952563790446,0.04472135954999579
bs128_lr0.001_distCOV_wd0.01_filterlen40_learndecoderFalse_schedulerTrue_windows0_dropout0.0_loralr0.0_preprocessorFalse_preencoderFalse_cutfillFalse_learnpredecoderFalse_learnloraFalse_debugFalse,7,single,0.058915636502206284,0.9966666666666667,0.7101877927780151,0.752,0.9993690609931946,0.642,0.08164754240527297,0.007453559924999391,0.0820710753443552,0.0268328157299975,0.10261940190150096,0.036331804249169854
bs128_lr0.001_distCOV_wd0.01_filterlen40_learndecoderFalse_schedulerTrue_windows0_dropout0.0_loralr0.0_preprocessorFalse_preencoderFalse_cutfillFalse_learnpredecoderFalse_learnloraFalse_debugFalse,8,all,0.1871804147958755,0.9479393939393939,0.6649354577064515,0.764,0.679590392112732,0.762,0.13830170935301175,0.07830926891368697,0.04777814795140308,0.023021728866442694,0.06980299263754075,0.04969909455915672
bs128_lr0.001_distCOV_wd0.01_filterlen40_learndecoderFalse_schedulerTrue_windows0_dropout0.0_loralr0.0_preprocessorFalse_preencoderFalse_cutfillFalse_learnpredecoderFalse_learnloraFalse_debugFalse,8,pooled,1.556612753868103,0.2873333333333333,1.6064535856246949,0.22400000000000003,1.6054083347320556,0.22799999999999998,0.057276533910620604,0.0905354442561954,0.004750583546802841,0.018165902124584948,0.005422430924542658,0.021679483388678797
bs128_lr0.001_distCOV_wd0.01_filterlen40_learndecoderFalse_schedulerTrue_windows0_dropout0.0_loralr0.0_preprocessorFalse_preencoderFalse_cutfillFalse_learnpredecoderFalse_learnloraFalse_debugFalse,8,single,1.556612753868103,0.2873333333333333,1.6064535856246949,0.22400000000000003,1.6054083347320556,0.22799999999999998,0.057276533910620604,0.0905354442561954,0.004750583546802841,0.018165902124584948,0.005422430924542658,0.021679483388678797
bs128_lr0.001_distCOV_wd0.01_filterlen40_learndecoderFalse_schedulerTrue_windows0_dropout0.0_loralr0.0_preprocessorFalse_preencoderFalse_cutfillFalse_learnpredecoderFalse_learnloraFalse_debugFalse,9,all,0.1871804147958755,0.9479393939393939,0.6649354577064515,0.764,0.679590392112732,0.762,0.13830170935301175,0.07830926891368697,0.04777814795140308,0.023021728866442694,0.06980299263754075,0.04969909455915672
bs128_lr0.001_distCOV_wd0.01_filterlen40_learndecoderFalse_schedulerTrue_windows0_dropout0.0_loralr0.0_preprocessorFalse_preencoderFalse_cutfillFalse_learnpredecoderFalse_learnloraFalse_debugFalse,9,pooled,0.6802605986595154,0.9073333333333334,0.2151147842407226,0.942,0.7115218758583068,0.748,0.21251275953466553,0.04133273595745134,0.033127361832644885,0.010954451150103317,0.09827528959098517,0.05019960159204453
bs128_lr0.001_distCOV_wd0.01_filterlen40_learndecoderFalse_schedulerTrue_windows0_dropout0.0_loralr0.0_preprocessorFalse_preencoderFalse_cutfillFalse_learnpredecoderFalse_learnloraFalse_debugFalse,9,single,0.03646123670041556,0.9986666666666666,0.1239721432328224,0.968,0.42122204303741456,0.8480000000000001,0.01776841772045203,0.002981423969999784,0.016758183338199617,0.014832396974191354,0.04575590991330309,0.023874672772626615
bs128_lr0.001_distCOV_wd0.01_filterlen40_learndecoderFalse_schedulerTrue_windows0_dropout0.0_loralr0.0_preprocessorFalse_preencoderFalse_cutfillFalse_learnpredecoderFalse_learnloraFalse_debugFalse,10,all,0.1871804147958755,0.9479393939393939,0.6649354577064515,0.764,0.679590392112732,0.762,0.13830170935301175,0.07830926891368697,0.04777814795140308,0.023021728866442694,0.06980299263754075,0.04969909455915672
bs128_lr0.001_distCOV_wd0.01_filterlen40_learndecoderFalse_schedulerTrue_windows0_dropout0.0_loralr0.0_preprocessorFalse_preencoderFalse_cutfillFalse_learnpredecoderFalse_learnloraFalse_debugFalse,10,pooled,0.0273212399333715,1.0,0.9655155062675476,0.636,1.0863130331039428,0.584,0.01148867986567467,0.0,0.0962731064332155,0.035071355833500406,0.07827949145602896,0.03507135583350033
bs128_lr0.001_distCOV_wd0.01_filterlen40_learndecoderFalse_schedulerTrue_windows0_dropout0.0_loralr0.0_preprocessorFalse_preencoderFalse_cutfillFalse_learnpredecoderFalse_learnloraFalse_debugFalse,10,single,0.0273212399333715,1.0,0.9655155062675476,0.636,1.0863130331039428,0.584,0.01148867986567467,0.0,0.0962731064332155,0.035071355833500406,0.07827949145602896,0.03507135583350033
bs128_lr0.001_distCOV_wd0.01_filterlen40_learndecoderFalse_schedulerTrue_windows0_dropout0.0_loralr0.0_preprocessorFalse_preencoderFalse_cutfillFalse_learnpredecoderFalse_learnloraFalse_debugFalse,11,all,0.1871804147958755,0.9479393939393939,0.6649354577064515,0.764,0.679590392112732,0.762,0.13830170935301175,0.07830926891368697,0.04777814795140308,0.023021728866442694,0.06980299263754075,0.04969909455915672
bs128_lr0.001_distCOV_wd0.01_filterlen40_learndecoderFalse_schedulerTrue_windows0_dropout0.0_loralr0.0_preprocessorFalse_preencoderFalse_cutfillFalse_learnpredecoderFalse_learnloraFalse_debugFalse,11,pooled,0.7003362238407135,0.9653333333333334,0.3301004827022552,0.8880000000000001,0.26542038619518277,0.9120000000000001,0.337076097376727,0.013662601021279445,0.017464373742155936,0.01643167672515499,0.013043297546021473,0.010954451150103333
bs128_lr0.001_distCOV_wd0.01_filterlen40_learndecoderFalse_schedulerTrue_windows0_dropout0.0_loralr0.0_preprocessorFalse_preencoderFalse_cutfillFalse_learnpredecoderFalse_learnloraFalse_debugFalse,11,single,0.03365955259650942,1.0,0.37769604027271264,0.898,0.354826146364212,0.8880000000000001,0.03615098548712408,0.0,0.09889883408148176,0.043243496620879306,0.048328559278619704,0.013038404810405304
bs64_lr0.0001_distAE_wd0.001_filterlen40_learndecoderFalse_schedulerTrue_windows0_dropout0.0_loralr0.0_preprocessorFalse_preencoderFalse_cutfillFalse_learnpredecoderFalse_learnloraFalse_debugFalse,1,all,0.6617756068706513,0.7892121212121213,0.8822676181793213,0.664,0.7641854584217072,0.72,0.47784195716241734,0.18574652693424956,0.042964576973134834,0.01949358868961792,0.10665133929359008,0.0524404424085076
bs64_lr0.0001_distAE_wd0.001_filterlen40_learndecoderFalse_schedulerTrue_windows0_dropout0.0_loralr0.0_preprocessorFalse_preencoderFalse_cutfillFalse_learnpredecoderFalse_learnloraFalse_debugFalse,1,pooled,0.25420216643251475,0.9317142857142857,0.8267040610313415,0.6900000000000001,0.7352591216564178,0.75,0.2966393473312762,0.0869622119305556,0.07999201714982704,0.03464101615137753,0.12899419047499533,0.04183300132670382
bs64_lr0.0001_distAE_wd0.001_filterlen40_learndecoderFalse_schedulerTrue_windows0_dropout0.0_loralr0.0_preprocessorFalse_preencoderFalse_cutfillFalse_learnpredecoderFalse_learnloraFalse_debugFalse,1,single,0.015152743086218782,1.0,0.939279043674469,0.616,0.9157893598079682,0.6799999999999999,0.009959482797016934,0.0,0.05493470506770155,0.01140175425099139,0.08776363309984041,0.02999999999999998
bs64_lr0.0001_distAE_wd0.001_filterlen40_learndecoderFalse_schedulerTrue_windows0_dropout0.0_loralr0.0_preprocessorFalse_preencoderFalse_cutfillFalse_learnpredecoderFalse_learnloraFalse_debugFalse,2,all,0.6617756068706513,0.7892121212121213,0.8822676181793213,0.664,0.7641854584217072,0.72,0.47784195716241734,0.18574652693424956,0.042964576973134834,0.01949358868961792,0.10665133929359008,0.0524404424085076
bs64_lr0.0001_distAE_wd0.001_filterlen40_learndecoderFalse_schedulerTrue_windows0_dropout0.0_loralr0.0_preprocessorFalse_preencoderFalse_cutfillFalse_learnpredecoderFalse_learnloraFalse_debugFalse,2,pooled,0.6611461117863655,0.6933333333333332,1.3874809980392455,0.398,1.1050685226917267,0.54,0.8869672295089055,0.4199801582614747,0.21521407039861923,0.23145193885556456,0.48673655767021884,0.33800887562311144
bs64_lr0.0001_distAE_wd0.001_filterlen40_learndecoderFalse_schedulerTrue_windows0_dropout0.0_loralr0.0_preprocessorFalse_preencoderFalse_cutfillFalse_learnpredecoderFalse_learnloraFalse_debugFalse,2,single,0.6611461117863655,0.6933333333333332,1.3874809980392455,0.398,1.1050685226917267,0.54,0.8869672295089055,0.4199801582614747,0.21521407039861923,0.23145193885556456,0.48673655767021884,0.33800887562311144
bs64_lr0.0001_distAE_wd0.001_filterlen40_learndecoderFalse_schedulerTrue_windows0_dropout0.0_loralr0.0_preprocessorFalse_preencoderFalse_cutfillFalse_learnpredecoderFalse_learnloraFalse_debugFalse,3,all,0.6617756068706513,0.7892121212121213,0.8822676181793213,0.664,0.7641854584217072,0.72,0.47784195716241734,0.18574652693424956,0.042964576973134834,0.01949358868961792,0.10665133929359008,0.0524404424085076
bs64_lr0.0001_distAE_wd0.001_filterlen40_learndecoderFalse_schedulerTrue_windows0_dropout0.0_loralr0.0_preprocessorFalse_preencoderFalse_cutfillFalse_learnpredecoderFalse_learnloraFalse_debugFalse,3,pooled,0.2682140548713505,0.9546666666666667,1.4171555042266846,0.42800000000000005,1.5491052865982056,0.414,0.41564920838554514,0.08974810428205277,0.0698121480616036,0.06140032573203501,0.12562192707491968,0.050299105359837136
bs64_lr0.0001_distAE_wd0.001_filterlen40_learndecoderFalse_schedulerTrue_windows0_dropout0.0_loralr0.0_preprocessorFalse_preencoderFalse_cutfillFalse_learnpredecoderFalse_learnloraFalse_debugFalse,3,single,0.21235977411270138,0.998,1.5042107820510864,0.364,1.507218062877655,0.386,0.1280798156055978,0.002981423969999747,0.06748141018632335,0.037815340802378083,0.06777147308967102,0.029664793948382638
bs64_lr0.0001_distAE_wd0.001_filterlen40_learndecoderFalse_schedulerTrue_windows0_dropout0.0_loralr0.0_preprocessorFalse_preencoderFalse_cutfillFalse_learnpredecoderFalse_learnloraFalse_debugFalse,4,all,0.6617756068706513,0.7892121212121213,0.8822676181793213,0.664,0.7641854584217072,0.72,0.47784195716241734,0.18574652693424956,0.042964576973134834,0.01949358868961792,0.10665133929359008,0.0524404424085076
bs64_lr0.0001_distAE_wd0.001_filterlen40_learndecoderFalse_schedulerTrue_windows0_dropout0.0_loralr0.0_preprocessorFalse_preencoderFalse_cutfillFalse_learnpredecoderFalse_learnloraFalse_debugFalse,4,pooled,1.0544549092650413,0.5393333333333333,1.5834974765777587,0.256,1.7189192414283752,0.192,0.7970511492349981,0.4216791829499452,0.04114458905635144,0.07956129712366433,0.14512716350495952,0.03834057902536162
bs64_lr0.0001_distAE_wd0.001_filterlen40_learndecoderFalse_schedulerTrue_windows0_dropout0.0_loralr0.0_preprocessorFalse_preencoderFalse_cutfillFalse_learnpredecoderFalse_learnloraFalse_debugFalse,4,single,1.0544549092650413,0.5393333333333333,1.5834974765777587,0.256,1.7189192414283752,0.192,0.7970511492349981,0.4216791829499452,0.04114458905635144,0.07956129712366433,0.14512716350495952,0.03834057902536162
bs64_lr0.0001_distAE_wd0.001_filterlen40_learndecoderFalse_schedulerTrue_windows0_dropout0.0_loralr0.0_preprocessorFalse_preencoderFalse_cutfillFalse_learnpredecoderFalse_learnloraFalse_debugFalse,5,all,0.6617756068706513,0.7892121212121213,0.8822676181793213,0.664,0.7641854584217072,0.72,0.47784195716241734,0.18574652693424956,0.042964576973134834,0.01949358868961792,0.10665133929359008,0.0524404424085076
bs64_lr0.0001_distAE_wd0.001_filterlen40_learndecoderFalse_schedulerTrue_windows0_dropout0.0_loralr0.0_preprocessorFalse_preencoderFalse_cutfillFalse_learnpredecoderFalse_learnloraFalse_debugFalse,5,pooled,1.3006256222724915,0.49479999999999996,1.561221170425415,0.258,1.6586976051330566,0.21600000000000003,0.30147236963399415,0.171098671986534,0.022398708729222082,0.07014271166700073,0.032534227223319785,0.03847076812334269
bs64_lr0.0001_distAE_wd0.001_filterlen40_learndecoderFalse_schedulerTrue_windows0_dropout0.0_loralr0.0_preprocessorFalse_preencoderFalse_cutfillFalse_learnpredecoderFalse_learnloraFalse_debugFalse,5,single,1.5925855398178101,0.23666666666666664,1.6003837823867797,0.18,1.6104119777679444,0.194,0.06275238994108792,0.041028445416970594,0.014042090231229602,0.03391164991562634,0.008784566071269886,0.03646916505762093
bs64_lr0.0001_distAE_wd0.001_filterlen40_learndecoderFalse_schedulerTrue_windows0_dropout0.0_loralr0.0_preprocessorFalse_preencoderFalse_cutfillFalse_learnpredecoderFalse_learnloraFalse_debugFalse,6,all,0.6617756068706513,0.7892121212121213,0.8822676181793213,0.664,0.7641854584217072,0.72,0.47784195716241734,0.18574652693424956,0.042964576973134834,0.01949358868961792,0.10665133929359008,0.0524404424085076
bs64_lr0.0001_distAE_wd0.001_filterlen40_learndecoderFalse_schedulerTrue_windows0_dropout0.0_loralr0.0_preprocessorFalse_preencoderFalse_cutfillFalse_learnpredecoderFalse_learnloraFalse_debugFalse,6,pooled,0.7667719703167677,0.998,0.7640284657478332,0.724,0.9568933784961701,0.658,0.9679852616951264,0.0027666443551086608,0.08148225799102156,0.02701851217221261,0.07694717533225143,0.021679483388678786
bs64_lr0.0001_distAE_wd0.001_filterlen40_learndecoderFalse_schedulerTrue_windows0_dropout0.0_loralr0.0_preprocessorFalse_preencoderFalse_cutfillFalse_learnpredecoderFalse_learnloraFalse_debugFalse,6,single,0.01814541500061744,1.0,1.1532912492752074,0.54,1.5143949031829833,0.426,0.010456628820077618,0.0,0.06631026847030119,0.040000000000000036,0.10556455243809414,0.04159326868617082
bs64_lr0.0001_distAE_wd0.001_filterlen40_learndecoderFalse_schedulerTrue_windows0_dropout0.0_loralr0.0_preprocessorFalse_preencoderFalse_cutfillFalse_learnpredecoderFalse_learnloraFalse_debugFalse,7,all,0.6617756068706513,0.7892121212121213,0.8822676181793213,0.664,0.7641854584217072,0.72,0.47784195716241734,0.18574652693424956,0.042964576973134834,0.01949358868961792,0.10665133929359008,0.0524404424085076
bs64_lr0.0001_distAE_wd0.001_filterlen40_learndecoderFalse_schedulerTrue_windows0_dropout0.0_loralr0.0_preprocessorFalse_preencoderFalse_cutfillFalse_learnpredecoderFalse_learnloraFalse_debugFalse,7,pooled,0.01285421736538408,1.0,1.22853262424469,0.49400000000000005,1.4649123072624206,0.45599999999999996,0.006896538728645528,0.0,0.09091849389949751,0.04929503017546495,0.12372889875035598,0.03974921382870356
bs64_lr0.0001_distAE_wd0.001_filterlen40_learndecoderFalse_schedulerTrue_windows0_dropout0.0_loralr0.0_preprocessorFalse_preencoderFalse_cutfillFalse_learnpredecoderFalse_learnloraFalse_debugFalse,7,single,0.01285421736538408,1.0,1.22853262424469,0.49400000000000005,1.4649123072624206,0.45599999999999996,0.006896538728645528,0.0,0.09091849389949751,0.04929503017546495,0.12372889875035598,0.03974921382870356
bs64_lr0.0001_distAE_wd0.001_filterlen40_learndecoderFalse_schedulerTrue_windows0_dropout0.0_loralr0.0_preprocessorFalse_preencoderFalse_cutfillFalse_learnpredecoderFalse_learnloraFalse_debugFalse,8,all,0.6617756068706513,0.7892121212121213,0.8822676181793213,0.664,0.7641854584217072,0.72,0.47784195716241734,0.18574652693424956,0.042964576973134834,0.01949358868961792,0.10665133929359008,0.0524404424085076
bs64_lr0.0001_distAE_wd0.001_filterlen40_learndecoderFalse_schedulerTrue_windows0_dropout0.0_loralr0.0_preprocessorFalse_preencoderFalse_cutfillFalse_learnpredecoderFalse_learnloraFalse_debugFalse,8,pooled,1.5428172111511231,0.3453333333333333,1.5973733901977538,0.23199999999999998,1.598118531703949,0.21600000000000003,0.05607117264168637,0.09186644895958723,0.007339363300810562,0.02588435821108957,0.008077633216981682,0.02509980079602226
bs64_lr0.0001_distAE_wd0.001_filterlen40_learndecoderFalse_schedulerTrue_windows0_dropout0.0_loralr0.0_preprocessorFalse_preencoderFalse_cutfillFalse_learnpredecoderFalse_learnloraFalse_debugFalse,8,single,1.5824700355529786,0.282,1.6060152769088745,0.196,1.603755533695221,0.202,0.055560960593648054,0.10555672513971917,0.008548299723273695,0.029664793948382652,0.007158310947358604,0.03346640106136302
bs64_lr0.0001_distAE_wd0.001_filterlen40_learndecoderFalse_schedulerTrue_windows0_dropout0.0_loralr0.0_preprocessorFalse_preencoderFalse_cutfillFalse_learnpredecoderFalse_learnloraFalse_debugFalse,9,all,0.6617756068706513,0.7892121212121213,0.8822676181793213,0.664,0.7641854584217072,0.72,0.47784195716241734,0.18574652693424956,0.042964576973134834,0.01949358868961792,0.10665133929359008,0.0524404424085076
bs64_lr0.0001_distAE_wd0.001_filterlen40_learndecoderFalse_schedulerTrue_windows0_dropout0.0_loralr0.0_preprocessorFalse_preencoderFalse_cutfillFalse_learnpredecoderFalse_learnloraFalse_debugFalse,9,pooled,0.0120694383513182,1.0,0.24360026121139527,0.908,0.8003320693969727,0.694,0.007152497645032526,0.0,0.05250303250329787,0.021679483388678776,0.15181148885393206,0.0661815684310972
bs64_lr0.0001_distAE_wd0.001_filterlen40_learndecoderFalse_schedulerTrue_windows0_dropout0.0_loralr0.0_preprocessorFalse_preencoderFalse_cutfillFalse_learnpredecoderFalse_learnloraFalse_debugFalse,9,single,0.0081141164526343,1.0,0.272495299577713,0.9120000000000001,0.8347839117050171,0.6900000000000001,0.0024735720507601156,0.0,0.08813816398500308,0.044384682042344296,0.208139161068057,0.08215838362577495
bs64_lr0.0001_distAE_wd0.001_filterlen40_learndecoderFalse_schedulerTrue_windows0_dropout0.0_loralr0.0_preprocessorFalse_preencoderFalse_cutfillFalse_learnpredecoderFalse_learnloraFalse_debugFalse,10,all,0.6617756068706513,0.7892121212121213,0.8822676181793213,0.664,0.7641854584217072,0.72,0.47784195716241734,0.18574652693424956,0.042964576973134834,0.01949358868961792,0.10665133929359008,0.0524404424085076
bs64_lr0.0001_distAE_wd0.001_filterlen40_learndecoderFalse_schedulerTrue_windows0_dropout0.0_loralr0.0_preprocessorFalse_preencoderFalse_cutfillFalse_learnpredecoderFalse_learnloraFalse_debugFalse,10,pooled,0.038442603871226264,1.0,1.4211494684219361,0.404,1.3951669931411743,0.44000000000000006,0.013633114987480412,0.0,0.05673283216521227,0.03714835124201344,0.08382921534478441,0.04415880433163923
bs64_lr0.0001_distAE_wd0.001_filterlen40_learndecoderFalse_schedulerTrue_windows0_dropout0.0_loralr0.0_preprocessorFalse_preencoderFalse_cutfillFalse_learnpredecoderFalse_learnloraFalse_debugFalse,10,single,0.038442603871226264,1.0,1.4211494684219361,0.404,1.3951669931411743,0.44000000000000006,0.013633114987480412,0.0,0.05673283216521227,0.03714835124201344,0.08382921534478441,0.04415880433163923
bs64_lr0.0001_distAE_wd0.001_filterlen40_learndecoderFalse_schedulerTrue_windows0_dropout0.0_loralr0.0_preprocessorFalse_preencoderFalse_cutfillFalse_learnpredecoderFalse_learnloraFalse_debugFalse,11,all,0.6617756068706513,0.7892121212121213,0.8822676181793213,0.664,0.7641854584217072,0.72,0.47784195716241734,0.18574652693424956,0.042964576973134834,0.01949358868961792,0.10665133929359008,0.0524404424085076
bs64_lr0.0001_distAE_wd0.001_filterlen40_learndecoderFalse_schedulerTrue_windows0_dropout0.0_loralr0.0_preprocessorFalse_preencoderFalse_cutfillFalse_learnpredecoderFalse_learnloraFalse_debugFalse,11,pooled,0.004847574327141,1.0,1.0172410607337952,0.6,0.8407151758670807,0.696,0.002095838434756297,0.0,0.08952582139349244,0.06284902544988265,0.0938147040610255,0.05029910535983717
bs64_lr0.0001_distAE_wd0.001_filterlen40_learndecoderFalse_schedulerTrue_windows0_dropout0.0_loralr0.0_preprocessorFalse_preencoderFalse_cutfillFalse_learnpredecoderFalse_learnloraFalse_debugFalse,11,single,0.01585863111540672,1.0,1.0075117826461792,0.6020000000000001,0.7903471350669861,0.708,0.011424585499349202,0.0,0.15774164141998825,0.08318653737234168,0.0817708410702269,0.051672042731055266
bs64_lr0.0001_distAE_wd0.01_filterlen40_learndecoderFalse_schedulerTrue_windows0_dropout0.0_loralr0.0_preprocessorFalse_preencoderFalse_cutfillFalse_learnpredecoderFalse_learnloraFalse_debugFalse,1,all,0.4931795598939061,0.8586060606060606,0.8031818032264709,0.6980000000000001,0.6883097022771836,0.744,0.6521295802225998,0.19401698258575317,0.05215943063864135,0.03114482300479488,0.06785938350035267,0.0461519230368573
bs64_lr0.0001_distAE_wd0.01_filterlen40_learndecoderFalse_schedulerTrue_windows0_dropout0.0_loralr0.0_preprocessorFalse_preencoderFalse_cutfillFalse_learnpredecoderFalse_learnloraFalse_debugFalse,1,pooled,0.3413261756300926,0.992,0.7638396382331848,0.726,0.7075242102146149,0.752,0.46470777099803584,0.011396339026629381,0.059364507413002095,0.05319774431308155,0.06945821421435631,0.013038404810405295
bs64_lr0.0001_distAE_wd0.01_filterlen40_learndecoderFalse_schedulerTrue_windows0_dropout0.0_loralr0.0_preprocessorFalse_preencoderFalse_cutfillFalse_learnpredecoderFalse_learnloraFalse_debugFalse,1,single,0.01464030612260098,1.0,0.8868178963661194,0.656,0.8176245331764221,0.722,0.00508531558583852,0.0,0.06437617162935184,0.035071355833500364,0.0894870295408712,0.046043457732885346
bs64_lr0.0001_distAE_wd0.01_filterlen40_learndecoderFalse_schedulerTrue_windows0_dropout0.0_loralr0.0_preprocessorFalse_preencoderFalse_cutfillFalse_learnpredecoderFalse_learnloraFalse_debugFalse,2,all,0.4931795598939061,0.8586060606060606,0.8031818032264709,0.6980000000000001,0.6883097022771836,0.744,0.6521295802225998,0.19401698258575317,0.05215943063864135,0.03114482300479488,0.06785938350035267,0.0461519230368573
bs64_lr0.0001_distAE_wd0.01_filterlen40_learndecoderFalse_schedulerTrue_windows0_dropout0.0_loralr0.0_preprocessorFalse_preencoderFalse_cutfillFalse_learnpredecoderFalse_learnloraFalse_debugFalse,2,pooled,0.5769215762615204,0.994,0.8889477491378784,0.674,0.5317211478948594,0.852,0.22015759803625837,0.009115175245330577,0.12285983048269865,0.03781534080237808,0.12404171772891671,0.031144823004794885
bs64_lr0.0001_distAE_wd0.01_filterlen40_learndecoderFalse_schedulerTrue_windows0_dropout0.0_loralr0.0_preprocessorFalse_preencoderFalse_cutfillFalse_learnpredecoderFalse_learnloraFalse_debugFalse,2,single,0.33586266729980696,0.8413333333333334,1.3852068185806274,0.44000000000000006,1.0713051438331604,0.65,0.7117193032059445,0.3547894524299667,0.1902770075113525,0.15132745950421556,0.33395280569558544,0.2525866188063018
bs64_lr0.0001_distAE_wd0.01_filterlen40_learndecoderFalse_schedulerTrue_windows0_dropout0.0_loralr0.0_preprocessorFalse_preencoderFalse_cutfillFalse_learnpredecoderFalse_learnloraFalse_debugFalse,3,all,0.4931795598939061,0.8586060606060606,0.8031818032264709,0.6980000000000001,0.6883097022771836,0.744,0.6521295802225998,0.19401698258575317,0.05215943063864135,0.03114482300479488,0.06785938350035267,0.0461519230368573
bs64_lr0.0001_distAE_wd0.01_filterlen40_learndecoderFalse_schedulerTrue_windows0_dropout0.0_loralr0.0_preprocessorFalse_preencoderFalse_cutfillFalse_learnpredecoderFalse_learnloraFalse_debugFalse,3,pooled,0.19951745951548214,0.9416666666666667,1.4291207313537597,0.422,1.4974239945411683,0.396,0.33577126610441566,0.12950761453374943,0.09789106656777191,0.0779102047231298,0.1291362644857169,0.0896102672688794
bs64_lr0.0001_distAE_wd0.01_filterlen40_learndecoderFalse_schedulerTrue_windows0_dropout0.0_loralr0.0_preprocessorFalse_preencoderFalse_cutfillFalse_learnpredecoderFalse_learnloraFalse_debugFalse,3,single,0.22307283394038677,0.9646666666666667,1.4468698024749755,0.392,1.493491542339325,0.386,0.434614916694451,0.07900773520499257,0.08945041909227171,0.06833739825307955,0.07394822051202958,0.08080841540334767
bs64_lr0.0001_distAE_wd0.01_filterlen40_learndecoderFalse_schedulerTrue_windows0_dropout0.0_loralr0.0_preprocessorFalse_preencoderFalse_cutfillFalse_learnpredecoderFalse_learnloraFalse_debugFalse,4,all,0.4931795598939061,0.8586060606060606,0.8031818032264709,0.6980000000000001,0.6883097022771836,0.744,0.6521295802225998,0.19401698258575317,0.05215943063864135,0.03114482300479488,0.06785938350035267,0.0461519230368573
bs64_lr0.0001_distAE_wd0.01_filterlen40_learndecoderFalse_schedulerTrue_windows0_dropout0.0_loralr0.0_preprocessorFalse_preencoderFalse_cutfillFalse_learnpredecoderFalse_learnloraFalse_debugFalse,4,pooled,1.5154592752456666,0.3926666666666666,1.5593446493148804,0.3,1.6835874915122986,0.21999999999999997,0.25784607630261513,0.09350958886593688,0.024192257764052108,0.0644204936336256,0.06254546058405021,0.045276925690687087
bs64_lr0.0001_distAE_wd0.01_filterlen40_learndecoderFalse_schedulerTrue_windows0_dropout0.0_loralr0.0_preprocessorFalse_preencoderFalse_cutfillFalse_learnpredecoderFalse_learnloraFalse_debugFalse,4,single,1.3182648211717605,0.364,1.5915032863616942,0.22999999999999998,1.6581950068473816,0.20800000000000002,0.6512976691729487,0.35707453314710397,0.03810858519403481,0.05916079783099616,0.10327886309410549,0.031144823004794868
bs64_lr0.0001_distAE_wd0.01_filterlen40_learndecoderFalse_schedulerTrue_windows0_dropout0.0_loralr0.0_preprocessorFalse_preencoderFalse_cutfillFalse_learnpredecoderFalse_learnloraFalse_debugFalse,5,all,0.4931795598939061,0.8586060606060606,0.8031818032264709,0.6980000000000001,0.6883097022771836,0.744,0.6521295802225998,0.19401698258575317,0.05215943063864135,0.03114482300479488,0.06785938350035267,0.0461519230368573
bs64_lr0.0001_distAE_wd0.01_filterlen40_learndecoderFalse_schedulerTrue_windows0_dropout0.0_loralr0.0_preprocessorFalse_preencoderFalse_cutfillFalse_learnpredecoderFalse_learnloraFalse_debugFalse,5,pooled,1.5317272663116455,0.33666666666666667,1.591258716583252,0.24000000000000005,1.6116733789443969,0.22999999999999998,0.14375111426012693,0.07487850241195258,0.008462804107943965,0.03162277660168379,0.017916394841937678,0.018708286933869684
bs64_lr0.0001_distAE_wd0.01_filterlen40_learndecoderFalse_schedulerTrue_windows0_dropout0.0_loralr0.0_preprocessorFalse_preencoderFalse_cutfillFalse_learnpredecoderFalse_learnloraFalse_debugFalse,5,single,1.5753144025802612,0.2613333333333333,1.597120451927185,0.21400000000000002,1.6060879707336426,0.22000000000000003,0.020427707313489283,0.06149074004361233,0.016360069184455636,0.03130495168499706,0.011019749357465969,0.029154759474226508
bs64_lr0.0001_distAE_wd0.01_filterlen40_learndecoderFalse_schedulerTrue_windows0_dropout0.0_loralr0.0_preprocessorFalse_preencoderFalse_cutfillFalse_learnpredecoderFalse_learnloraFalse_debugFalse,6,all,0.4931795598939061,0.8586060606060606,0.8031818032264709,0.6980000000000001,0.6883097022771836,0.744,0.6521295802225998,0.19401698258575317,0.05215943063864135,0.03114482300479488,0.06785938350035267,0.0461519230368573
bs64_lr0.0001_distAE_wd0.01_filterlen40_learndecoderFalse_schedulerTrue_windows0_dropout0.0_loralr0.0_preprocessorFalse_preencoderFalse_cutfillFalse_learnpredecoderFalse_learnloraFalse_debugFalse,6,pooled,0.28649001717567446,0.9973333333333333,0.8592397212982178,0.678,1.0400281190872191,0.64,0.3588940920685664,0.002304049039258664,0.07385387506909609,0.027748873851023176,0.16859712075108285,0.05567764362830023
bs64_lr0.0001_distAE_wd0.01_filterlen40_learndecoderFalse_schedulerTrue_windows0_dropout0.0_loralr0.0_preprocessorFalse_preencoderFalse_cutfillFalse_learnpredecoderFalse_learnloraFalse_debugFalse,6,single,0.0235217202454805,1.0,1.0912903666496276,0.5599999999999999,1.393036961555481,0.48,0.010778609686690253,0.0,0.19263403729786277,0.05244044240850758,0.15663424284673372,0.0787400787401181
bs64_lr0.0001_distAE_wd0.01_filterlen40_learndecoderFalse_schedulerTrue_windows0_dropout0.0_loralr0.0_preprocessorFalse_preencoderFalse_cutfillFalse_learnpredecoderFalse_learnloraFalse_debugFalse,7,all,0.4931795598939061,0.8586060606060606,0.8031818032264709,0.6980000000000001,0.6883097022771836,0.744,0.6521295802225998,0.19401698258575317,0.05215943063864135,0.03114482300479488,0.06785938350035267,0.0461519230368573
bs64_lr0.0001_distAE_wd0.01_filterlen40_learndecoderFalse_schedulerTrue_windows0_dropout0.0_loralr0.0_preprocessorFalse_preencoderFalse_cutfillFalse_learnpredecoderFalse_learnloraFalse_debugFalse,7,pooled,0.41393263041973116,0.9982222222222223,1.149202537536621,0.5660000000000001,1.482360315322876,0.506,0.21497266441920312,0.001266861583443471,0.05404718746699347,0.03507135583350036,0.036753961725790686,0.045607017003965515
bs64_lr0.0001_distAE_wd0.01_filterlen40_learndecoderFalse_schedulerTrue_windows0_dropout0.0_loralr0.0_preprocessorFalse_preencoderFalse_cutfillFalse_learnpredecoderFalse_learnloraFalse_debugFalse,7,single,0.02506532762199636,1.0,1.1289795160293579,0.548,1.3269272804260255,0.516,0.011327955052125395,0.0,0.12890893018386312,0.08786353054595518,0.1360896642039731,0.05319774431308157
bs64_lr0.0001_distAE_wd0.01_filterlen40_learndecoderFalse_schedulerTrue_windows0_dropout0.0_loralr0.0_preprocessorFalse_preencoderFalse_cutfillFalse_learnpredecoderFalse_learnloraFalse_debugFalse,8,all,0.4931795598939061,0.8586060606060606,0.8031818032264709,0.6980000000000001,0.6883097022771836,0.744,0.6521295802225998,0.19401698258575317,0.05215943063864135,0.03114482300479488,0.06785938350035267,0.0461519230368573
bs64_lr0.0001_distAE_wd0.01_filterlen40_learndecoderFalse_schedulerTrue_windows0_dropout0.0_loralr0.0_preprocessorFalse_preencoderFalse_cutfillFalse_learnpredecoderFalse_learnloraFalse_debugFalse,8,pooled,1.3961060523986817,0.4877777777777778,1.5855714797973632,0.27599999999999997,1.626171314716339,0.21800000000000003,0.20230848824142753,0.14067079158424567,0.015403142116353873,0.02408318915758459,0.03095665891732571,0.04604345773288535
bs64_lr0.0001_distAE_wd0.01_filterlen40_learndecoderFalse_schedulerTrue_windows0_dropout0.0_loralr0.0_preprocessorFalse_preencoderFalse_cutfillFalse_learnpredecoderFalse_learnloraFalse_debugFalse,8,single,1.6047054290771485,0.29533333333333334,1.6016881704330443,0.20600000000000002,1.6093341827392578,0.21200000000000002,0.04566976947921556,0.10221437167922025,0.00816382598772988,0.028809720581775864,0.0064979538978460274,0.030331501776206193
bs64_lr0.0001_distAE_wd0.01_filterlen40_learndecoderFalse_schedulerTrue_windows0_dropout0.0_loralr0.0_preprocessorFalse_preencoderFalse_cutfillFalse_learnpredecoderFalse_learnloraFalse_debugFalse,9,all,0.4931795598939061,0.8586060606060606,0.8031818032264709,0.6980000000000001,0.6883097022771836,0.744,0.6521295802225998,0.19401698258575317,0.05215943063864135,0.03114482300479488,0.06785938350035267,0.0461519230368573
bs64_lr0.0001_distAE_wd0.01_filterlen40_learndecoderFalse_schedulerTrue_windows0_dropout0.0_loralr0.0_preprocessorFalse_preencoderFalse_cutfillFalse_learnpredecoderFalse_learnloraFalse_debugFalse,9,pooled,0.4747278541326523,0.9977777777777778,0.24473180174827572,0.924,1.085386973619461,0.67,0.5219081358277907,0.0013608276348794916,0.034793614653821824,0.01949358868961788,0.2578197660314677,0.0484767985741633
bs64_lr0.0001_distAE_wd0.01_filterlen40_learndecoderFalse_schedulerTrue_windows0_dropout0.0_loralr0.0_preprocessorFalse_preencoderFalse_cutfillFalse_learnpredecoderFalse_learnloraFalse_debugFalse,9,single,0.01106616035103794,1.0,0.2413305163383484,0.942,0.72140531539917,0.716,0.0026127788648640997,0.0,0.04684741637539685,0.010954451150103265,0.14945665505367378,0.055946402922797484
bs64_lr0.0001_distAE_wd0.01_filterlen40_learndecoderFalse_schedulerTrue_windows0_dropout0.0_loralr0.0_preprocessorFalse_preencoderFalse_cutfillFalse_learnpredecoderFalse_learnloraFalse_debugFalse,10,all,0.4931795598939061,0.8586060606060606,0.8031818032264709,0.6980000000000001,0.6883097022771836,0.744,0.6521295802225998,0.19401698258575317,0.05215943063864135,0.03114482300479488,0.06785938350035267,0.0461519230368573
bs64_lr0.0001_distAE_wd0.01_filterlen40_learndecoderFalse_schedulerTrue_windows0_dropout0.0_loralr0.0_preprocessorFalse_preencoderFalse_cutfillFalse_learnpredecoderFalse_learnloraFalse_debugFalse,10,pooled,0.029867258109152285,1.0,1.2161843299865722,0.48,1.2221941471099853,0.516,0.03585167632803327,0.0,0.10910906468124269,0.03674234614174769,0.0953520630801447,0.04827007354458866
bs64_lr0.0001_distAE_wd0.01_filterlen40_learndecoderFalse_schedulerTrue_windows0_dropout0.0_loralr0.0_preprocessorFalse_preencoderFalse_cutfillFalse_learnpredecoderFalse_learnloraFalse_debugFalse,10,single,0.029867258109152285,1.0,1.2161843299865722,0.48,1.2221941471099853,0.516,0.03585167632803327,0.0,0.10910906468124269,0.03674234614174769,0.0953520630801447,0.04827007354458866
bs64_lr0.0001_distAE_wd0.01_filterlen40_learndecoderFalse_schedulerTrue_windows0_dropout0.0_loralr0.0_preprocessorFalse_preencoderFalse_cutfillFalse_learnpredecoderFalse_learnloraFalse_debugFalse,11,all,0.4931795598939061,0.8586060606060606,0.8031818032264709,0.6980000000000001,0.6883097022771836,0.744,0.6521295802225998,0.19401698258575317,0.05215943063864135,0.03114482300479488,0.06785938350035267,0.0461519230368573
bs64_lr0.0001_distAE_wd0.01_filterlen40_learndecoderFalse_schedulerTrue_windows0_dropout0.0_loralr0.0_preprocessorFalse_preencoderFalse_cutfillFalse_learnpredecoderFalse_learnloraFalse_debugFalse,11,pooled,0.03076934460550542,0.9994999999999999,0.8553565740585327,0.656,0.8180315494537354,0.674,0.03967657361339477,0.0007453559924999823,0.04698606526989366,0.030495901363953797,0.11081916841637969,0.04159326868617083
bs64_lr0.0001_distAE_wd0.01_filterlen40_learndecoderFalse_schedulerTrue_windows0_dropout0.0_loralr0.0_preprocessorFalse_preencoderFalse_cutfillFalse_learnpredecoderFalse_learnloraFalse_debugFalse,11,single,0.02075991407036778,1.0,0.8332272529602051,0.6599999999999999,0.7301490426063537,0.728,0.009492734625115112,0.0,0.08829455900614298,0.033166247903553964,0.06394862063114551,0.02280350850198278
bs64_lr0.0001_distCOV_wd0.001_filterlen40_learndecoderFalse_schedulerTrue_windows0_dropout0.0_loralr0.0_preprocessorFalse_preencoderFalse_cutfillFalse_learnpredecoderFalse_learnloraFalse_debugFalse,1,all,0.8284841775894165,0.707090909090909,0.8322043180465698,0.6759999999999999,0.7589695811271667,0.72,0.3183594452643948,0.167835105355023,0.06793949312508514,0.04219004621945797,0.07525991141511923,0.0393700393700591
bs64_lr0.0001_distCOV_wd0.001_filterlen40_learndecoderFalse_schedulerTrue_windows0_dropout0.0_loralr0.0_preprocessorFalse_preencoderFalse_cutfillFalse_learnpredecoderFalse_learnloraFalse_debugFalse,1,pooled,0.01589047163724894,1.0,0.9653008818626402,0.634,0.8623445868492127,0.666,0.006019875737470049,0.0,0.03674985422012355,0.025099800796022288,0.11638384318732113,0.060249481325568253
bs64_lr0.0001_distCOV_wd0.001_filterlen40_learndecoderFalse_schedulerTrue_windows0_dropout0.0_loralr0.0_preprocessorFalse_preencoderFalse_cutfillFalse_learnpredecoderFalse_learnloraFalse_debugFalse,1,single,0.01589047163724894,1.0,0.9653008818626402,0.634,0.8623445868492127,0.666,0.006019875737470049,0.0,0.03674985422012355,0.025099800796022288,0.11638384318732113,0.060249481325568253
bs64_lr0.0001_distCOV_wd0.001_filterlen40_learndecoderFalse_schedulerTrue_windows0_dropout0.0_loralr0.0_preprocessorFalse_preencoderFalse_cutfillFalse_learnpredecoderFalse_learnloraFalse_debugFalse,2,all,0.8284841775894165,0.707090909090909,0.8322043180465698,0.6759999999999999,0.7589695811271667,0.72,0.3183594452643948,0.167835105355023,0.06793949312508514,0.04219004621945797,0.07525991141511923,0.0393700393700591
bs64_lr0.0001_distCOV_wd0.001_filterlen40_learndecoderFalse_schedulerTrue_windows0_dropout0.0_loralr0.0_preprocessorFalse_preencoderFalse_cutfillFalse_learnpredecoderFalse_learnloraFalse_debugFalse,2,pooled,0.06661993674933908,0.9990666666666665,1.0591659545898438,0.616,0.6478122174739838,0.818,0.11800768077036325,0.002086996778999894,0.18400849822984858,0.08264381404557751,0.09805118194689849,0.02167948338867874
bs64_lr0.0001_distCOV_wd0.001_filterlen40_learndecoderFalse_schedulerTrue_windows0_dropout0.0_loralr0.0_preprocessorFalse_preencoderFalse_cutfillFalse_learnpredecoderFalse_learnloraFalse_debugFalse,2,single,0.3274254783987999,0.8266666666666665,1.4107845067977904,0.44399999999999995,0.9084424555301667,0.664,0.7023106858013938,0.38758511609996354,0.18668754414404046,0.15565988564816563,0.4124878127111282,0.2832490070591599
bs64_lr0.0001_distCOV_wd0.001_filterlen40_learndecoderFalse_schedulerTrue_windows0_dropout0.0_loralr0.0_preprocessorFalse_preencoderFalse_cutfillFalse_learnpredecoderFalse_learnloraFalse_debugFalse,3,all,0.8284841775894165,0.707090909090909,0.8322043180465698,0.6759999999999999,0.7589695811271667,0.72,0.3183594452643948,0.167835105355023,0.06793949312508514,0.04219004621945797,0.07525991141511923,0.0393700393700591
bs64_lr0.0001_distCOV_wd0.001_filterlen40_learndecoderFalse_schedulerTrue_windows0_dropout0.0_loralr0.0_preprocessorFalse_preencoderFalse_cutfillFalse_learnpredecoderFalse_learnloraFalse_debugFalse,3,pooled,0.5636107593774795,0.978,1.420413041114807,0.42800000000000005,1.5306957244873047,0.42400000000000004,0.45135098187567274,0.034268367157691076,0.07816069652557373,0.0506951674225463,0.08343341635658372,0.03049590136395383
bs64_lr0.0001_distCOV_wd0.001_filterlen40_learndecoderFalse_schedulerTrue_windows0_dropout0.0_loralr0.0_preprocessorFalse_preencoderFalse_cutfillFalse_learnpredecoderFalse_learnloraFalse_debugFalse,3,single,0.404161188751459,0.9393333333333335,1.4918693542480468,0.356,1.5045869946479797,0.38,0.4363821913147386,0.12833116881291504,0.03388381431139618,0.04827007354458866,0.06595427136063806,0.0748331477354788
bs64_lr0.0001_distCOV_wd0.001_filterlen40_learndecoderFalse_schedulerTrue_windows0_dropout0.0_loralr0.0_preprocessorFalse_preencoderFalse_cutfillFalse_learnpredecoderFalse_learnloraFalse_debugFalse,4,all,0.8284841775894165,0.707090909090909,0.8322043180465698,0.6759999999999999,0.7589695811271667,0.72,0.3183594452643948,0.167835105355023,0.06793949312508514,0.04219004621945797,0.07525991141511923,0.0393700393700591
bs64_lr0.0001_distCOV_wd0.001_filterlen40_learndecoderFalse_schedulerTrue_windows0_dropout0.0_loralr0.0_preprocessorFalse_preencoderFalse_cutfillFalse_learnpredecoderFalse_learnloraFalse_debugFalse,4,pooled,1.6278679609298705,0.2053333333333333,1.607072377204895,0.20400000000000001,1.6160458326339722,0.192,0.01797105091673186,0.036560452221856686,0.00920696078746846,0.027018512172212593,0.00736818187143386,0.02280350850198277
bs64_lr0.0001_distCOV_wd0.001_filterlen40_learndecoderFalse_schedulerTrue_windows0_dropout0.0_loralr0.0_preprocessorFalse_preencoderFalse_cutfillFalse_learnpredecoderFalse_learnloraFalse_debugFalse,4,single,1.6278679609298705,0.2053333333333333,1.607072377204895,0.20400000000000001,1.6160458326339722,0.192,0.01797105091673186,0.036560452221856686,0.00920696078746846,0.027018512172212593,0.00736818187143386,0.02280350850198277
bs64_lr0.0001_distCOV_wd0.001_filterlen40_learndecoderFalse_schedulerTrue_windows0_dropout0.0_loralr0.0_preprocessorFalse_preencoderFalse_cutfillFalse_learnpredecoderFalse_learnloraFalse_debugFalse,5,all,0.8284841775894165,0.707090909090909,0.8322043180465698,0.6759999999999999,0.7589695811271667,0.72,0.3183594452643948,0.167835105355023,0.06793949312508514,0.04219004621945797,0.07525991141511923,0.0393700393700591
bs64_lr0.0001_distCOV_wd0.001_filterlen40_learndecoderFalse_schedulerTrue_windows0_dropout0.0_loralr0.0_preprocessorFalse_preencoderFalse_cutfillFalse_learnpredecoderFalse_learnloraFalse_debugFalse,5,pooled,0.9094704568386078,0.6923333333333334,1.5651379823684692,0.294,1.7799749851226807,0.22199999999999998,0.46196474241083463,0.22685607894776713,0.037676919303481576,0.047222875812470366,0.17887236840042814,0.042071367935925266
bs64_lr0.0001_distCOV_wd0.001_filterlen40_learndecoderFalse_schedulerTrue_windows0_dropout0.0_loralr0.0_preprocessorFalse_preencoderFalse_cutfillFalse_learnpredecoderFalse_learnloraFalse_debugFalse,5,single,1.6241360187530518,0.18999999999999997,1.606308102607727,0.21200000000000002,1.6130467772483825,0.198,0.07945261149437192,0.03472111109333278,0.010655229677569942,0.019235384061671336,0.009960438384080705,0.010954451150103326
bs64_lr0.0001_distCOV_wd0.001_filterlen40_learndecoderFalse_schedulerTrue_windows0_dropout0.0_loralr0.0_preprocessorFalse_preencoderFalse_cutfillFalse_learnpredecoderFalse_learnloraFalse_debugFalse,6,all,0.8284841775894165,0.707090909090909,0.8322043180465698,0.6759999999999999,0.7589695811271667,0.72,0.3183594452643948,0.167835105355023,0.06793949312508514,0.04219004621945797,0.07525991141511923,0.0393700393700591
bs64_lr0.0001_distCOV_wd0.001_filterlen40_learndecoderFalse_schedulerTrue_windows0_dropout0.0_loralr0.0_preprocessorFalse_preencoderFalse_cutfillFalse_learnpredecoderFalse_learnloraFalse_debugFalse,6,pooled,0.01036208863370118,1.0,0.6946143984794617,0.748,0.8770731031894684,0.694,0.009186790343607138,0.0,0.15446032367654364,0.04868264577855239,0.10218407815658778,0.05272570530585624
bs64_lr0.0001_distCOV_wd0.001_filterlen40_learndecoderFalse_schedulerTrue_windows0_dropout0.0_loralr0.0_preprocessorFalse_preencoderFalse_cutfillFalse_learnpredecoderFalse_learnloraFalse_debugFalse,6,single,0.00955417724326248,1.0,1.1380428791046142,0.524,1.429673981666565,0.458,0.002641424241830082,0.0,0.10595704088221412,0.05128352561983234,0.08070659987577698,0.03898717737923586
bs64_lr0.0001_distCOV_wd0.001_filterlen40_learndecoderFalse_schedulerTrue_windows0_dropout0.0_loralr0.0_preprocessorFalse_preencoderFalse_cutfillFalse_learnpredecoderFalse_learnloraFalse_debugFalse,7,all,0.8284841775894165,0.707090909090909,0.8322043180465698,0.6759999999999999,0.7589695811271667,0.72,0.3183594452643948,0.167835105355023,0.06793949312508514,0.04219004621945797,0.07525991141511923,0.0393700393700591
bs64_lr0.0001_distCOV_wd0.001_filterlen40_learndecoderFalse_schedulerTrue_windows0_dropout0.0_loralr0.0_preprocessorFalse_preencoderFalse_cutfillFalse_learnpredecoderFalse_learnloraFalse_debugFalse,7,pooled,0.016369557660073,1.0,1.0439746022224425,0.5980000000000001,1.3375080943107605,0.53,0.00891761147501135,0.0,0.09867216714349844,0.04868264577855236,0.061494071605347235,0.04636809247747851
bs64_lr0.0001_distCOV_wd0.001_filterlen40_learndecoderFalse_schedulerTrue_windows0_dropout0.0_loralr0.0_preprocessorFalse_preencoderFalse_cutfillFalse_learnpredecoderFalse_learnloraFalse_debugFalse,7,single,0.01954853804782028,1.0,1.2226481914520264,0.48200000000000004,1.459727442264557,0.49000000000000005,0.009869097315250897,0.0,0.10228587679140025,0.04266145801540309,0.1755433719842407,0.06819090848492929
bs64_lr0.0001_distCOV_wd0.001_filterlen40_learndecoderFalse_schedulerTrue_windows0_dropout0.0_loralr0.0_preprocessorFalse_preencoderFalse_cutfillFalse_learnpredecoderFalse_learnloraFalse_debugFalse,8,all,0.8284841775894165,0.707090909090909,0.8322043180465698,0.6759999999999999,0.7589695811271667,0.72,0.3183594452643948,0.167835105355023,0.06793949312508514,0.04219004621945797,0.07525991141511923,0.0393700393700591
bs64_lr0.0001_distCOV_wd0.001_filterlen40_learndecoderFalse_schedulerTrue_windows0_dropout0.0_loralr0.0_preprocessorFalse_preencoderFalse_cutfillFalse_learnpredecoderFalse_learnloraFalse_debugFalse,8,pooled,1.526892614364624,0.34633333333333327,1.5974075078964234,0.21800000000000003,1.6118853569030762,0.22599999999999998,0.1498593272948546,0.14340792632673183,0.008286589971952021,0.02167948338867878,0.010931231263417393,0.021908902300206638
bs64_lr0.0001_distCOV_wd0.001_filterlen40_learndecoderFalse_schedulerTrue_windows0_dropout0.0_loralr0.0_preprocessorFalse_preencoderFalse_cutfillFalse_learnpredecoderFalse_learnloraFalse_debugFalse,8,single,1.5476709365844727,0.3466666666666666,1.594765067100525,0.244,1.5958797454833984,0.21800000000000003,0.09805866747727204,0.0993590570719259,0.006882531878587175,0.020736441353327726,0.010700239712121118,0.0438178046004133
bs64_lr0.0001_distCOV_wd0.001_filterlen40_learndecoderFalse_schedulerTrue_windows0_dropout0.0_loralr0.0_preprocessorFalse_preencoderFalse_cutfillFalse_learnpredecoderFalse_learnloraFalse_debugFalse,9,all,0.8284841775894165,0.707090909090909,0.8322043180465698,0.6759999999999999,0.7589695811271667,0.72,0.3183594452643948,0.167835105355023,0.06793949312508514,0.04219004621945797,0.07525991141511923,0.0393700393700591
bs64_lr0.0001_distCOV_wd0.001_filterlen40_learndecoderFalse_schedulerTrue_windows0_dropout0.0_loralr0.0_preprocessorFalse_preencoderFalse_cutfillFalse_learnpredecoderFalse_learnloraFalse_debugFalse,9,pooled,0.00540162525139744,1.0,0.26027199327945705,0.8939999999999999,0.8955369830131531,0.6839999999999999,0.004538905227417334,0.0,0.08366834381199677,0.05366563145999494,0.13443305703023442,0.036469165057620934
bs64_lr0.0001_distCOV_wd0.001_filterlen40_learndecoderFalse_schedulerTrue_windows0_dropout0.0_loralr0.0_preprocessorFalse_preencoderFalse_cutfillFalse_learnpredecoderFalse_learnloraFalse_debugFalse,9,single,0.010354977659881059,1.0,0.2961375147104263,0.898,0.9001476287841796,0.656,0.0012849656048730224,0.0,0.09506808609639979,0.050695167422546296,0.05771499839025253,0.019493588689617963
bs64_lr0.0001_distCOV_wd0.001_filterlen40_learndecoderFalse_schedulerTrue_windows0_dropout0.0_loralr0.0_preprocessorFalse_preencoderFalse_cutfillFalse_learnpredecoderFalse_learnloraFalse_debugFalse,10,all,0.8284841775894165,0.707090909090909,0.8322043180465698,0.6759999999999999,0.7589695811271667,0.72,0.3183594452643948,0.167835105355023,0.06793949312508514,0.04219004621945797,0.07525991141511923,0.0393700393700591
bs64_lr0.0001_distCOV_wd0.001_filterlen40_learndecoderFalse_schedulerTrue_windows0_dropout0.0_loralr0.0_preprocessorFalse_preencoderFalse_cutfillFalse_learnpredecoderFalse_learnloraFalse_debugFalse,10,pooled,0.34155476130545137,0.9935555555555554,1.247114396095276,0.51,1.4394269347190858,0.504,0.23632641817615768,0.005952486771546136,0.045985059907939906,0.020000000000000004,0.17342486676123875,0.03847076812334272
bs64_lr0.0001_distCOV_wd0.001_filterlen40_learndecoderFalse_schedulerTrue_windows0_dropout0.0_loralr0.0_preprocessorFalse_preencoderFalse_cutfillFalse_learnpredecoderFalse_learnloraFalse_debugFalse,10,single,0.038668733462691264,1.0,1.3759369850158691,0.422,1.4121147394180298,0.414,0.03037317649745415,0.0,0.10839724690046203,0.08074651695274537,0.10527731054366422,0.061073725938409866
bs64_lr0.0001_distCOV_wd0.001_filterlen40_learndecoderFalse_schedulerTrue_windows0_dropout0.0_loralr0.0_preprocessorFalse_preencoderFalse_cutfillFalse_learnpredecoderFalse_learnloraFalse_debugFalse,11,all,0.8284841775894165,0.707090909090909,0.8322043180465698,0.6759999999999999,0.7589695811271667,0.72,0.3183594452643948,0.167835105355023,0.06793949312508514,0.04219004621945797,0.07525991141511923,0.0393700393700591
bs64_lr0.0001_distCOV_wd0.001_filterlen40_learndecoderFalse_schedulerTrue_windows0_dropout0.0_loralr0.0_preprocessorFalse_preencoderFalse_cutfillFalse_learnpredecoderFalse_learnloraFalse_debugFalse,11,pooled,0.10777631103992458,0.9992222222222221,0.6771106839179992,0.718,0.6394561499357223,0.772,0.05116948967457493,0.0011520245196293204,0.04246634795980678,0.02863564212655268,0.15122338166066485,0.029495762407505288
bs64_lr0.0001_distCOV_wd0.001_filterlen40_learndecoderFalse_schedulerTrue_windows0_dropout0.0_loralr0.0_preprocessorFalse_preencoderFalse_cutfillFalse_learnpredecoderFalse_learnloraFalse_debugFalse,11,single,0.0152404267340898,1.0,0.9798431634902954,0.6,0.8927675783634186,0.67,0.008628157037544933,0.0,0.06773645345664135,0.03391164991562633,0.12516214042848267,0.060415229867972854
bs64_lr0.0001_distCOV_wd0.01_filterlen40_learndecoderFalse_schedulerTrue_windows0_dropout0.0_loralr0.0_preprocessorFalse_preencoderFalse_cutfillFalse_learnpredecoderFalse_learnloraFalse_debugFalse,1,all,0.03183309212327,0.9972121212121212,0.7167468667030334,0.722,0.642165732383728,0.776,0.011600841450656029,0.0062338864827267285,0.028395445754764836,0.04438468204234426,0.08536915798836238,0.029664793948382694
bs64_lr0.0001_distCOV_wd0.01_filterlen40_learndecoderFalse_schedulerTrue_windows0_dropout0.0_loralr0.0_preprocessorFalse_preencoderFalse_cutfillFalse_learnpredecoderFalse_learnloraFalse_debugFalse,1,pooled,0.1363376412540674,0.9687619047619048,0.7251944065093994,0.72,0.672841489315033,0.752,0.26540419807850263,0.06958461137772895,0.0393818433479118,0.024494897427831796,0.07103925007453994,0.03563705936241096
bs64_lr0.0001_distCOV_wd0.01_filterlen40_learndecoderFalse_schedulerTrue_windows0_dropout0.0_loralr0.0_preprocessorFalse_preencoderFalse_cutfillFalse_learnpredecoderFalse_learnloraFalse_debugFalse,1,single,0.047895588167011706,1.0,0.7836594581604004,0.7,0.7140725553035736,0.734,0.07781747390514919,0.0,0.1614988760217853,0.0761577310586391,0.1479638405742009,0.04393176527297756
bs64_lr0.0001_distCOV_wd0.01_filterlen40_learndecoderFalse_schedulerTrue_windows0_dropout0.0_loralr0.0_preprocessorFalse_preencoderFalse_cutfillFalse_learnpredecoderFalse_learnloraFalse_debugFalse,2,all,0.03183309212327,0.9972121212121212,0.7167468667030334,0.722,0.642165732383728,0.776,0.011600841450656029,0.0062338864827267285,0.028395445754764836,0.04438468204234426,0.08536915798836238,0.029664793948382694
bs64_lr0.0001_distCOV_wd0.01_filterlen40_learndecoderFalse_schedulerTrue_windows0_dropout0.0_loralr0.0_preprocessorFalse_preencoderFalse_cutfillFalse_learnpredecoderFalse_learnloraFalse_debugFalse,2,pooled,0.01786700244992966,0.9998333333333334,0.7271956086158753,0.72,0.5383826673030854,0.844,0.0073115555643074705,0.00037267799624997355,0.0694676665149395,0.04690415759823431,0.07702058811024329,0.03286335345030997
bs64_lr0.0001_distCOV_wd0.01_filterlen40_learndecoderFalse_schedulerTrue_windows0_dropout0.0_loralr0.0_preprocessorFalse_preencoderFalse_cutfillFalse_learnpredecoderFalse_learnloraFalse_debugFalse,2,single,0.02925642728805538,1.0,1.2352915287017823,0.53,0.6460804790258408,0.772,0.008104087911675337,0.0,0.18703735658178933,0.07071067811865482,0.11124775764205572,0.048682645778552365
bs64_lr0.0001_distCOV_wd0.01_filterlen40_learndecoderFalse_schedulerTrue_windows0_dropout0.0_loralr0.0_preprocessorFalse_preencoderFalse_cutfillFalse_learnpredecoderFalse_learnloraFalse_debugFalse,3,all,0.03183309212327,0.9972121212121212,0.7167468667030334,0.722,0.642165732383728,0.776,0.011600841450656029,0.0062338864827267285,0.028395445754764836,0.04438468204234426,0.08536915798836238,0.029664793948382694
bs64_lr0.0001_distCOV_wd0.01_filterlen40_learndecoderFalse_schedulerTrue_windows0_dropout0.0_loralr0.0_preprocessorFalse_preencoderFalse_cutfillFalse_learnpredecoderFalse_learnloraFalse_debugFalse,3,pooled,0.2587744146585464,0.9279999999999999,1.4492446184158325,0.386,1.4983848690986634,0.4,0.4330157105837673,0.16099689437998488,0.04614863854364966,0.024083189157584596,0.04275504920341971,0.03999999999999998
bs64_lr0.0001_distCOV_wd0.01_filterlen40_learndecoderFalse_schedulerTrue_windows0_dropout0.0_loralr0.0_preprocessorFalse_preencoderFalse_cutfillFalse_learnpredecoderFalse_learnloraFalse_debugFalse,3,single,0.2587744146585464,0.9279999999999999,1.4492446184158325,0.386,1.4983848690986634,0.4,0.4330157105837673,0.16099689437998488,0.04614863854364966,0.024083189157584596,0.04275504920341971,0.03999999999999998
bs64_lr0.0001_distCOV_wd0.01_filterlen40_learndecoderFalse_schedulerTrue_windows0_dropout0.0_loralr0.0_preprocessorFalse_preencoderFalse_cutfillFalse_learnpredecoderFalse_learnloraFalse_debugFalse,4,all,0.03183309212327,0.9972121212121212,0.7167468667030334,0.722,0.642165732383728,0.776,0.011600841450656029,0.0062338864827267285,0.028395445754764836,0.04438468204234426,0.08536915798836238,0.029664793948382694
bs64_lr0.0001_distCOV_wd0.01_filterlen40_learndecoderFalse_schedulerTrue_windows0_dropout0.0_loralr0.0_preprocessorFalse_preencoderFalse_cutfillFalse_learnpredecoderFalse_learnloraFalse_debugFalse,4,pooled,1.2767894763499499,0.42699999999999994,1.5993653535842896,0.264,1.6916242957115173,0.21400000000000002,0.7021771822698939,0.32263595325588457,0.007450742466121872,0.06426507605223852,0.13967646010072876,0.061886993787063214
bs64_lr0.0001_distCOV_wd0.01_filterlen40_learndecoderFalse_schedulerTrue_windows0_dropout0.0_loralr0.0_preprocessorFalse_preencoderFalse_cutfillFalse_learnpredecoderFalse_learnloraFalse_debugFalse,4,single,1.0962587364017964,0.5093333333333333,1.6050346136093139,0.244,1.7103613257408141,0.20800000000000002,0.7780866761210394,0.44166603773540125,0.007722140184527632,0.04827007354458866,0.14692847140111842,0.013038404810405295
bs64_lr0.0001_distCOV_wd0.01_filterlen40_learndecoderFalse_schedulerTrue_windows0_dropout0.0_loralr0.0_preprocessorFalse_preencoderFalse_cutfillFalse_learnpredecoderFalse_learnloraFalse_debugFalse,5,all,0.03183309212327,0.9972121212121212,0.7167468667030334,0.722,0.642165732383728,0.776,0.011600841450656029,0.0062338864827267285,0.028395445754764836,0.04438468204234426,0.08536915798836238,0.029664793948382694
bs64_lr0.0001_distCOV_wd0.01_filterlen40_learndecoderFalse_schedulerTrue_windows0_dropout0.0_loralr0.0_preprocessorFalse_preencoderFalse_cutfillFalse_learnpredecoderFalse_learnloraFalse_debugFalse,5,pooled,1.6102291345596313,0.22799999999999998,1.6014381170272827,0.22000000000000003,1.6087677001953125,0.21600000000000003,0.027906808129280848,0.04200529067206232,0.008901647895819702,0.01581138830084189,0.006683767807224739,0.027018512172212576
bs64_lr0.0001_distCOV_wd0.01_filterlen40_learndecoderFalse_schedulerTrue_windows0_dropout0.0_loralr0.0_preprocessorFalse_preencoderFalse_cutfillFalse_learnpredecoderFalse_learnloraFalse_debugFalse,5,single,1.6102291345596313,0.22799999999999998,1.6014381170272827,0.22000000000000003,1.6087677001953125,0.21600000000000003,0.027906808129280848,0.04200529067206232,0.008901647895819702,0.01581138830084189,0.006683767807224739,0.027018512172212576
bs64_lr0.0001_distCOV_wd0.01_filterlen40_learndecoderFalse_schedulerTrue_windows0_dropout0.0_loralr0.0_preprocessorFalse_preencoderFalse_cutfillFalse_learnpredecoderFalse_learnloraFalse_debugFalse,6,all,0.03183309212327,0.9972121212121212,0.7167468667030334,0.722,0.642165732383728,0.776,0.011600841450656029,0.0062338864827267285,0.028395445754764836,0.04438468204234426,0.08536915798836238,0.029664793948382694
bs64_lr0.0001_distCOV_wd0.01_filterlen40_learndecoderFalse_schedulerTrue_windows0_dropout0.0_loralr0.0_preprocessorFalse_preencoderFalse_cutfillFalse_learnpredecoderFalse_learnloraFalse_debugFalse,6,pooled,0.02527782544493672,1.0,1.0169941902160644,0.58,1.3215855360031128,0.488,0.00713820869347118,0.0,0.13845784609273393,0.07713624310270757,0.08989150146745209,0.07120393247567161
bs64_lr0.0001_distCOV_wd0.01_filterlen40_learndecoderFalse_schedulerTrue_windows0_dropout0.0_loralr0.0_preprocessorFalse_preencoderFalse_cutfillFalse_learnpredecoderFalse_learnloraFalse_debugFalse,6,single,0.02527782544493672,1.0,1.0169941902160644,0.58,1.3215855360031128,0.488,0.00713820869347118,0.0,0.13845784609273393,0.07713624310270757,0.08989150146745209,0.07120393247567161
bs64_lr0.0001_distCOV_wd0.01_filterlen40_learndecoderFalse_schedulerTrue_windows0_dropout0.0_loralr0.0_preprocessorFalse_preencoderFalse_cutfillFalse_learnpredecoderFalse_learnloraFalse_debugFalse,7,all,0.03183309212327,0.9972121212121212,0.7167468667030334,0.722,0.642165732383728,0.776,0.011600841450656029,0.0062338864827267285,0.028395445754764836,0.04438468204234426,0.08536915798836238,0.029664793948382694
bs64_lr0.0001_distCOV_wd0.01_filterlen40_learndecoderFalse_schedulerTrue_windows0_dropout0.0_loralr0.0_preprocessorFalse_preencoderFalse_cutfillFalse_learnpredecoderFalse_learnloraFalse_debugFalse,7,pooled,0.01028263429179784,1.0,0.8279477238655091,0.6799999999999999,1.0389040291309357,0.604,0.00298348646806664,0.0,0.05221167031450966,0.021213203435596368,0.10927926504919006,0.030495901363953807
bs64_lr0.0001_distCOV_wd0.01_filterlen40_learndecoderFalse_schedulerTrue_windows0_dropout0.0_loralr0.0_preprocessorFalse_preencoderFalse_cutfillFalse_learnpredecoderFalse_learnloraFalse_debugFalse,7,single,0.030921377800404982,1.0,1.1446402311325072,0.512,1.2886426091194152,0.51,0.03632939321559833,0.0,0.22599885212579093,0.12029131306956463,0.1606899574538147,0.09027735042633887
bs64_lr0.0001_distCOV_wd0.01_filterlen40_learndecoderFalse_schedulerTrue_windows0_dropout0.0_loralr0.0_preprocessorFalse_preencoderFalse_cutfillFalse_learnpredecoderFalse_learnloraFalse_debugFalse,8,all,0.03183309212327,0.9972121212121212,0.7167468667030334,0.722,0.642165732383728,0.776,0.011600841450656029,0.0062338864827267285,0.028395445754764836,0.04438468204234426,0.08536915798836238,0.029664793948382694
bs64_lr0.0001_distCOV_wd0.01_filterlen40_learndecoderFalse_schedulerTrue_windows0_dropout0.0_loralr0.0_preprocessorFalse_preencoderFalse_cutfillFalse_learnpredecoderFalse_learnloraFalse_debugFalse,8,pooled,1.4799737930297852,0.4003333333333333,1.6055970668792725,0.23199999999999998,1.6077355742454529,0.21600000000000003,0.1880435839971075,0.16489643214252195,0.00945592478632491,0.019235384061671346,0.007952984203805547,0.018165902124584934
bs64_lr0.0001_distCOV_wd0.01_filterlen40_learndecoderFalse_schedulerTrue_windows0_dropout0.0_loralr0.0_preprocessorFalse_preencoderFalse_cutfillFalse_learnpredecoderFalse_learnloraFalse_debugFalse,8,single,1.5654101133346559,0.30199999999999994,1.6037335872650147,0.19,1.6127317667007446,0.202,0.11729564791887331,0.17892580709457329,0.013722519428977759,0.028284271247461898,0.005324800803026882,0.06260990336999411
bs64_lr0.0001_distCOV_wd0.01_filterlen40_learndecoderFalse_schedulerTrue_windows0_dropout0.0_loralr0.0_preprocessorFalse_preencoderFalse_cutfillFalse_learnpredecoderFalse_learnloraFalse_debugFalse,9,all,0.03183309212327,0.9972121212121212,0.7167468667030334,0.722,0.642165732383728,0.776,0.011600841450656029,0.0062338864827267285,0.028395445754764836,0.04438468204234426,0.08536915798836238,0.029664793948382694
bs64_lr0.0001_distCOV_wd0.01_filterlen40_learndecoderFalse_schedulerTrue_windows0_dropout0.0_loralr0.0_preprocessorFalse_preencoderFalse_cutfillFalse_learnpredecoderFalse_learnloraFalse_debugFalse,9,pooled,0.46264933198690417,0.9982222222222223,0.2834447860717773,0.898,1.0268334090709685,0.63,0.31600869330145726,0.0012668615834434468,0.03980929221581953,0.037013511046643466,0.166300729408865,0.06708203932499368
bs64_lr0.0001_distCOV_wd0.01_filterlen40_learndecoderFalse_schedulerTrue_windows0_dropout0.0_loralr0.0_preprocessorFalse_preencoderFalse_cutfillFalse_learnpredecoderFalse_learnloraFalse_debugFalse,9,single,0.0183309288695454,1.0,0.19421774148941034,0.942,0.6410940527915955,0.784,0.013866554685839706,0.0,0.04342753588284273,0.023874672772626615,0.09151909458826983,0.03130495168499706
bs64_lr0.0001_distCOV_wd0.01_filterlen40_learndecoderFalse_schedulerTrue_windows0_dropout0.0_loralr0.0_preprocessorFalse_preencoderFalse_cutfillFalse_learnpredecoderFalse_learnloraFalse_debugFalse,10,all,0.03183309212327,0.9972121212121212,0.7167468667030334,0.722,0.642165732383728,0.776,0.011600841450656029,0.0062338864827267285,0.028395445754764836,0.04438468204234426,0.08536915798836238,0.029664793948382694
bs64_lr0.0001_distCOV_wd0.01_filterlen40_learndecoderFalse_schedulerTrue_windows0_dropout0.0_loralr0.0_preprocessorFalse_preencoderFalse_cutfillFalse_learnpredecoderFalse_learnloraFalse_debugFalse,10,pooled,0.2370031043887138,0.9993333333333332,1.1450946807861329,0.534,1.276850962638855,0.526,0.1729433937668775,0.0009938079899999021,0.12638957566978481,0.05727128425310541,0.12116439077511983,0.05458937625582471
bs64_lr0.0001_distCOV_wd0.01_filterlen40_learndecoderFalse_schedulerTrue_windows0_dropout0.0_loralr0.0_preprocessorFalse_preencoderFalse_cutfillFalse_learnpredecoderFalse_learnloraFalse_debugFalse,10,single,0.02741059195250266,1.0,1.2726458311080933,0.46399999999999997,1.3216501116752624,0.47400000000000003,0.014219201163580737,0.0,0.13040901973002336,0.09528903399657278,0.10982764888082143,0.062289646009589736
bs64_lr0.0001_distCOV_wd0.01_filterlen40_learndecoderFalse_schedulerTrue_windows0_dropout0.0_loralr0.0_preprocessorFalse_preencoderFalse_cutfillFalse_learnpredecoderFalse_learnloraFalse_debugFalse,11,all,0.03183309212327,0.9972121212121212,0.7167468667030334,0.722,0.642165732383728,0.776,0.011600841450656029,0.0062338864827267285,0.028395445754764836,0.04438468204234426,0.08536915798836238,0.029664793948382694
bs64_lr0.0001_distCOV_wd0.01_filterlen40_learndecoderFalse_schedulerTrue_windows0_dropout0.0_loralr0.0_preprocessorFalse_preencoderFalse_cutfillFalse_learnpredecoderFalse_learnloraFalse_debugFalse,11,pooled,0.01258702706545586,1.0,0.9370683312416077,0.624,0.8101284146308899,0.702,0.003359410206383106,0.0,0.11231610291340002,0.0665582451691749,0.14895456594187242,0.06496152707564688
bs64_lr0.0001_distCOV_wd0.01_filterlen40_learndecoderFalse_schedulerTrue_windows0_dropout0.0_loralr0.0_preprocessorFalse_preencoderFalse_cutfillFalse_learnpredecoderFalse_learnloraFalse_debugFalse,11,single,0.01258702706545586,1.0,0.9370683312416077,0.624,0.8101284146308899,0.702,0.003359410206383106,0.0,0.11231610291340002,0.0665582451691749,0.14895456594187242,0.06496152707564688
bs64_lr0.001_distAE_wd0.001_filterlen40_learndecoderFalse_schedulerTrue_windows0_dropout0.0_loralr0.0_preprocessorFalse_preencoderFalse_cutfillFalse_learnpredecoderFalse_learnloraFalse_debugFalse,1,all,0.14748955881223078,0.981030303030303,0.7171870827674866,0.748,0.6875612646341324,0.768,0.17503300432856395,0.025335761809076898,0.07123430777713231,0.027748873851023242,0.09718409761493521,0.03898717737923587
bs64_lr0.001_distAE_wd0.001_filterlen40_learndecoderFalse_schedulerTrue_windows0_dropout0.0_loralr0.0_preprocessorFalse_preencoderFalse_cutfillFalse_learnpredecoderFalse_learnloraFalse_debugFalse,1,pooled,0.31972270682454107,0.9868888888888889,0.6410923957824707,0.766,0.7571259588003159,0.7859999999999999,0.5029304929898,0.012506788280226831,0.02716119780939888,0.025099800796022285,0.23941696084062775,0.0550454357780915
bs64_lr0.001_distAE_wd0.001_filterlen40_learndecoderFalse_schedulerTrue_windows0_dropout0.0_loralr0.0_preprocessorFalse_preencoderFalse_cutfillFalse_learnpredecoderFalse_learnloraFalse_debugFalse,1,single,0.0030532044358550997,1.0,0.7188767194747925,0.722,0.6395913749933243,0.774,0.001325378798262838,0.0,0.05359019427983149,0.01923538406167136,0.07591036951085842,0.03646916505762092
bs64_lr0.001_distAE_wd0.001_filterlen40_learndecoderFalse_schedulerTrue_windows0_dropout0.0_loralr0.0_preprocessorFalse_preencoderFalse_cutfillFalse_learnpredecoderFalse_learnloraFalse_debugFalse,2,all,0.14748955881223078,0.981030303030303,0.7171870827674866,0.748,0.6875612646341324,0.768,0.17503300432856395,0.025335761809076898,0.07123430777713231,0.027748873851023242,0.09718409761493521,0.03898717737923587
bs64_lr0.001_distAE_wd0.001_filterlen40_learndecoderFalse_schedulerTrue_windows0_dropout0.0_loralr0.0_preprocessorFalse_preencoderFalse_cutfillFalse_learnpredecoderFalse_learnloraFalse_debugFalse,2,pooled,1.1579038739204406,0.9857777777777776,0.44039562344551086,0.842,0.568402611464262,0.8699999999999999,0.49901898149952006,0.010869597423462713,0.06884402019508766,0.02387467277262663,0.292512095400646,0.03535533905932741
bs64_lr0.001_distAE_wd0.001_filterlen40_learndecoderFalse_schedulerTrue_windows0_dropout0.0_loralr0.0_preprocessorFalse_preencoderFalse_cutfillFalse_learnpredecoderFalse_learnloraFalse_debugFalse,2,single,0.00905804885551328,1.0,0.5136493682861328,0.8240000000000001,0.5207391202449798,0.8480000000000001,0.006252396065737122,0.0,0.037547093655564745,0.04098780306383841,0.035061598228189314,0.031144823004794837
bs64_lr0.001_distAE_wd0.001_filterlen40_learndecoderFalse_schedulerTrue_windows0_dropout0.0_loralr0.0_preprocessorFalse_preencoderFalse_cutfillFalse_learnpredecoderFalse_learnloraFalse_debugFalse,3,all,0.14748955881223078,0.981030303030303,0.7171870827674866,0.748,0.6875612646341324,0.768,0.17503300432856395,0.025335761809076898,0.07123430777713231,0.027748873851023242,0.09718409761493521,0.03898717737923587
bs64_lr0.001_distAE_wd0.001_filterlen40_learndecoderFalse_schedulerTrue_windows0_dropout0.0_loralr0.0_preprocessorFalse_preencoderFalse_cutfillFalse_learnpredecoderFalse_learnloraFalse_debugFalse,3,pooled,0.19423106545582408,0.9884444444444445,1.1041098594665528,0.642,1.4946072101593018,0.562,0.1525617598305324,0.016491673918737786,0.27038896497986054,0.06572670690061992,0.28887079773770274,0.08408329203831165
bs64_lr0.001_distAE_wd0.001_filterlen40_learndecoderFalse_schedulerTrue_windows0_dropout0.0_loralr0.0_preprocessorFalse_preencoderFalse_cutfillFalse_learnpredecoderFalse_learnloraFalse_debugFalse,3,single,0.1948100712150335,0.9326666666666666,1.4193729400634765,0.41200000000000003,1.5184441447257995,0.41600000000000004,0.3375238327701037,0.14316656965460436,0.05593055860805386,0.034928498393145976,0.0555743566845461,0.033615472627943205
bs64_lr0.001_distAE_wd0.001_filterlen40_learndecoderFalse_schedulerTrue_windows0_dropout0.0_loralr0.0_preprocessorFalse_preencoderFalse_cutfillFalse_learnpredecoderFalse_learnloraFalse_debugFalse,4,all,0.14748955881223078,0.981030303030303,0.7171870827674866,0.748,0.6875612646341324,0.768,0.17503300432856395,0.025335761809076898,0.07123430777713231,0.027748873851023242,0.09718409761493521,0.03898717737923587
bs64_lr0.001_distAE_wd0.001_filterlen40_learndecoderFalse_schedulerTrue_windows0_dropout0.0_loralr0.0_preprocessorFalse_preencoderFalse_cutfillFalse_learnpredecoderFalse_learnloraFalse_debugFalse,4,pooled,1.4897441625595094,0.32466666666666666,1.6084566116333008,0.20600000000000002,1.6406054735183715,0.196,0.2462305988684119,0.25662986749185857,0.011179911580772235,0.05224940191045252,0.050992843954791346,0.015165750888103097
bs64_lr0.001_distAE_wd0.001_filterlen40_learndecoderFalse_schedulerTrue_windows0_dropout0.0_loralr0.0_preprocessorFalse_preencoderFalse_cutfillFalse_learnpredecoderFalse_learnloraFalse_debugFalse,4,single,1.4897441625595094,0.32466666666666666,1.6084566116333008,0.20600000000000002,1.6406054735183715,0.196,0.2462305988684119,0.25662986749185857,0.011179911580772235,0.05224940191045252,0.050992843954791346,0.015165750888103097
bs64_lr0.001_distAE_wd0.001_filterlen40_learndecoderFalse_schedulerTrue_windows0_dropout0.0_loralr0.0_preprocessorFalse_preencoderFalse_cutfillFalse_learnpredecoderFalse_learnloraFalse_debugFalse,5,all,0.14748955881223078,0.981030303030303,0.7171870827674866,0.748,0.6875612646341324,0.768,0.17503300432856395,0.025335761809076898,0.07123430777713231,0.027748873851023242,0.09718409761493521,0.03898717737923587
bs64_lr0.001_distAE_wd0.001_filterlen40_learndecoderFalse_schedulerTrue_windows0_dropout0.0_loralr0.0_preprocessorFalse_preencoderFalse_cutfillFalse_learnpredecoderFalse_learnloraFalse_debugFalse,5,pooled,1.3090912461280824,0.4531111111111111,1.5593552589416504,0.27999999999999997,1.6496853947639465,0.23399999999999999,0.43827318327235637,0.2667423503710678,0.05594536545400993,0.07905694150420947,0.08027896674629116,0.05941380311005178
bs64_lr0.001_distAE_wd0.001_filterlen40_learndecoderFalse_schedulerTrue_windows0_dropout0.0_loralr0.0_preprocessorFalse_preencoderFalse_cutfillFalse_learnpredecoderFalse_learnloraFalse_debugFalse,5,single,1.539237642288208,0.288,1.6076424837112426,0.22000000000000003,1.6106257319450379,0.20600000000000002,0.025194444853127936,0.06751954449556728,0.005641188577488705,0.03391164991562634,0.004765202988197985,0.030495901363953807
bs64_lr0.001_distAE_wd0.001_filterlen40_learndecoderFalse_schedulerTrue_windows0_dropout0.0_loralr0.0_preprocessorFalse_preencoderFalse_cutfillFalse_learnpredecoderFalse_learnloraFalse_debugFalse,6,all,0.14748955881223078,0.981030303030303,0.7171870827674866,0.748,0.6875612646341324,0.768,0.17503300432856395,0.025335761809076898,0.07123430777713231,0.027748873851023242,0.09718409761493521,0.03898717737923587
bs64_lr0.001_distAE_wd0.001_filterlen40_learndecoderFalse_schedulerTrue_windows0_dropout0.0_loralr0.0_preprocessorFalse_preencoderFalse_cutfillFalse_learnpredecoderFalse_learnloraFalse_debugFalse,6,pooled,0.0031913984566926596,1.0,0.7459371447563171,0.7060000000000001,1.0702374517917632,0.62,0.0011646984415822296,0.0,0.07702818714527436,0.04722287581247039,0.13674116654507748,0.08514693182963197
bs64_lr0.001_distAE_wd0.001_filterlen40_learndecoderFalse_schedulerTrue_windows0_dropout0.0_loralr0.0_preprocessorFalse_preencoderFalse_cutfillFalse_learnpredecoderFalse_learnloraFalse_debugFalse,6,single,0.0031913984566926596,1.0,0.7459371447563171,0.7060000000000001,1.0702374517917632,0.62,0.0011646984415822296,0.0,0.07702818714527436,0.04722287581247039,0.13674116654507748,0.08514693182963197
bs64_lr0.001_distAE_wd0.001_filterlen40_learndecoderFalse_schedulerTrue_windows0_dropout0.0_loralr0.0_preprocessorFalse_preencoderFalse_cutfillFalse_learnpredecoderFalse_learnloraFalse_debugFalse,7,all,0.14748955881223078,0.981030303030303,0.7171870827674866,0.748,0.6875612646341324,0.768,0.17503300432856395,0.025335761809076898,0.07123430777713231,0.027748873851023242,0.09718409761493521,0.03898717737923587
bs64_lr0.001_distAE_wd0.001_filterlen40_learndecoderFalse_schedulerTrue_windows0_dropout0.0_loralr0.0_preprocessorFalse_preencoderFalse_cutfillFalse_learnpredecoderFalse_learnloraFalse_debugFalse,7,pooled,0.00447255503386254,1.0,0.7316020727157593,0.704,1.085419875383377,0.64,0.002781351009956402,0.0,0.10776870097780512,0.04722287581247034,0.09820648991419995,0.05244044240850759
bs64_lr0.001_distAE_wd0.001_filterlen40_learndecoderFalse_schedulerTrue_windows0_dropout0.0_loralr0.0_preprocessorFalse_preencoderFalse_cutfillFalse_learnpredecoderFalse_learnloraFalse_debugFalse,7,single,0.00447255503386254,1.0,0.7316020727157593,0.704,1.085419875383377,0.64,0.002781351009956402,0.0,0.10776870097780512,0.04722287581247034,0.09820648991419995,0.05244044240850759
bs64_lr0.001_distAE_wd0.001_filterlen40_learndecoderFalse_schedulerTrue_windows0_dropout0.0_loralr0.0_preprocessorFalse_preencoderFalse_cutfillFalse_learnpredecoderFalse_learnloraFalse_debugFalse,8,all,0.14748955881223078,0.981030303030303,0.7171870827674866,0.748,0.6875612646341324,0.768,0.17503300432856395,0.025335761809076898,0.07123430777713231,0.027748873851023242,0.09718409761493521,0.03898717737923587
bs64_lr0.001_distAE_wd0.001_filterlen40_learndecoderFalse_schedulerTrue_windows0_dropout0.0_loralr0.0_preprocessorFalse_preencoderFalse_cutfillFalse_learnpredecoderFalse_learnloraFalse_debugFalse,8,pooled,1.5764135360717773,0.2733333333333333,1.6017059803009033,0.238,1.6181823134422302,0.2,0.08405310050607959,0.08155510142168446,0.011383722116569323,0.02280350850198275,0.03323250915211635,0.017320508075688766
bs64_lr0.001_distAE_wd0.001_filterlen40_learndecoderFalse_schedulerTrue_windows0_dropout0.0_loralr0.0_preprocessorFalse_preencoderFalse_cutfillFalse_learnpredecoderFalse_learnloraFalse_debugFalse,8,single,1.570835781097412,0.24933333333333332,1.608654761314392,0.2,1.6100115776062012,0.2,0.03984244041361354,0.05823324747179322,0.00393567212394555,0.007071067811865469,0.004719506680621606,0.0
bs64_lr0.001_distAE_wd0.001_filterlen40_learndecoderFalse_schedulerTrue_windows0_dropout0.0_loralr0.0_preprocessorFalse_preencoderFalse_cutfillFalse_learnpredecoderFalse_learnloraFalse_debugFalse,9,all,0.14748955881223078,0.981030303030303,0.7171870827674866,0.748,0.6875612646341324,0.768,0.17503300432856395,0.025335761809076898,0.07123430777713231,0.027748873851023242,0.09718409761493521,0.03898717737923587
bs64_lr0.001_distAE_wd0.001_filterlen40_learndecoderFalse_schedulerTrue_windows0_dropout0.0_loralr0.0_preprocessorFalse_preencoderFalse_cutfillFalse_learnpredecoderFalse_learnloraFalse_debugFalse,9,pooled,0.046730743022635524,0.9961333333333334,0.15802916884422302,0.9339999999999999,0.8125886440277099,0.73,0.09773414104775037,0.007577745193804146,0.03452907221099397,0.01949358868961791,0.18814786641431633,0.04527692569068707
bs64_lr0.001_distAE_wd0.001_filterlen40_learndecoderFalse_schedulerTrue_windows0_dropout0.0_loralr0.0_preprocessorFalse_preencoderFalse_cutfillFalse_learnpredecoderFalse_learnloraFalse_debugFalse,9,single,0.00861901883035894,1.0,0.1228919148445129,0.954,0.5209335833787918,0.8140000000000001,0.008443424564216184,0.0,0.03781764757003724,0.020736441353327705,0.11327247772471347,0.06841052550594827
bs64_lr0.001_distAE_wd0.001_filterlen40_learndecoderFalse_schedulerTrue_windows0_dropout0.0_loralr0.0_preprocessorFalse_preencoderFalse_cutfillFalse_learnpredecoderFalse_learnloraFalse_debugFalse,10,all,0.14748955881223078,0.981030303030303,0.7171870827674866,0.748,0.6875612646341324,0.768,0.17503300432856395,0.025335761809076898,0.07123430777713231,0.027748873851023242,0.09718409761493521,0.03898717737923587
bs64_lr0.001_distAE_wd0.001_filterlen40_learndecoderFalse_schedulerTrue_windows0_dropout0.0_loralr0.0_preprocessorFalse_preencoderFalse_cutfillFalse_learnpredecoderFalse_learnloraFalse_debugFalse,10,pooled,1.0169176191091538,0.9442222222222222,1.1090428709983826,0.61,1.1271435141563415,0.632,1.3312879649164477,0.09842086499653752,0.09576011989926203,0.06284902544988269,0.16377685613357368,0.0420713679359253
bs64_lr0.001_distAE_wd0.001_filterlen40_learndecoderFalse_schedulerTrue_windows0_dropout0.0_loralr0.0_preprocessorFalse_preencoderFalse_cutfillFalse_learnpredecoderFalse_learnloraFalse_debugFalse,10,single,0.19275370719842605,0.9313333333333332,1.0540260791778564,0.58,1.2753145396709442,0.506,0.2639701996780435,0.0940921534100125,0.052945234304836726,0.040620192023179784,0.06637534073827805,0.027018512172212614
bs64_lr0.001_distAE_wd0.001_filterlen40_learndecoderFalse_schedulerTrue_windows0_dropout0.0_loralr0.0_preprocessorFalse_preencoderFalse_cutfillFalse_learnpredecoderFalse_learnloraFalse_debugFalse,11,all,0.14748955881223078,0.981030303030303,0.7171870827674866,0.748,0.6875612646341324,0.768,0.17503300432856395,0.025335761809076898,0.07123430777713231,0.027748873851023242,0.09718409761493521,0.03898717737923587
bs64_lr0.001_distAE_wd0.001_filterlen40_learndecoderFalse_schedulerTrue_windows0_dropout0.0_loralr0.0_preprocessorFalse_preencoderFalse_cutfillFalse_learnpredecoderFalse_learnloraFalse_debugFalse,11,pooled,0.00401431517675516,1.0,0.6257850050926208,0.75,0.4861248224973679,0.828,0.002686995800058775,0.0,0.060760251803360026,0.03391164991562638,0.08407725651397147,0.026832815729997465
bs64_lr0.001_distAE_wd0.001_filterlen40_learndecoderFalse_schedulerTrue_windows0_dropout0.0_loralr0.0_preprocessorFalse_preencoderFalse_cutfillFalse_learnpredecoderFalse_learnloraFalse_debugFalse,11,single,0.00401431517675516,1.0,0.6257850050926208,0.75,0.4861248224973679,0.828,0.002686995800058775,0.0,0.060760251803360026,0.03391164991562638,0.08407725651397147,0.026832815729997465
bs64_lr0.001_distAE_wd0.01_filterlen40_learndecoderFalse_schedulerTrue_windows0_dropout0.0_loralr0.0_preprocessorFalse_preencoderFalse_cutfillFalse_learnpredecoderFalse_learnloraFalse_debugFalse,1,all,0.6217865079641343,0.7982424242424242,0.7174284815788269,0.732,0.650208231806755,0.768,0.3623761833065429,0.13372933617398752,0.06118145594332349,0.014832396974191336,0.07377021589821318,0.03420526275297416
bs64_lr0.001_distAE_wd0.01_filterlen40_learndecoderFalse_schedulerTrue_windows0_dropout0.0_loralr0.0_preprocessorFalse_preencoderFalse_cutfillFalse_learnpredecoderFalse_learnloraFalse_debugFalse,1,pooled,0.5152334347367287,0.992,0.6054501295089721,0.778,0.5841497093439102,0.796,0.3724645394887631,0.0016480441082434175,0.07131297231497792,0.05069516742254629,0.05414973445796588,0.03781534080237805
bs64_lr0.001_distAE_wd0.01_filterlen40_learndecoderFalse_schedulerTrue_windows0_dropout0.0_loralr0.0_preprocessorFalse_preencoderFalse_cutfillFalse_learnpredecoderFalse_learnloraFalse_debugFalse,1,single,0.02119047343730922,1.0,0.6107192873954773,0.794,0.5378917008638382,0.834,0.004784365725091376,0.0,0.021852821381963407,0.02966479394838266,0.052618244002035866,0.04774934554525325
bs64_lr0.001_distAE_wd0.01_filterlen40_learndecoderFalse_schedulerTrue_windows0_dropout0.0_loralr0.0_preprocessorFalse_preencoderFalse_cutfillFalse_learnpredecoderFalse_learnloraFalse_debugFalse,2,all,0.6217865079641343,0.7982424242424242,0.7174284815788269,0.732,0.650208231806755,0.768,0.3623761833065429,0.13372933617398752,0.06118145594332349,0.014832396974191336,0.07377021589821318,0.03420526275297416
bs64_lr0.001_distAE_wd0.01_filterlen40_learndecoderFalse_schedulerTrue_windows0_dropout0.0_loralr0.0_preprocessorFalse_preencoderFalse_cutfillFalse_learnpredecoderFalse_learnloraFalse_debugFalse,2,pooled,0.33277420029044147,0.9751111111111112,0.42798338532447816,0.8240000000000001,0.35986557751894,0.9280000000000002,0.4408307811601672,0.020766188092696165,0.047549853297045294,0.01673320053068148,0.08231326794948617,0.013038404810405298
bs64_lr0.001_distAE_wd0.01_filterlen40_learndecoderFalse_schedulerTrue_windows0_dropout0.0_loralr0.0_preprocessorFalse_preencoderFalse_cutfillFalse_learnpredecoderFalse_learnloraFalse_debugFalse,2,single,0.06361220031976694,0.9946666666666666,0.44130477905273435,0.8320000000000001,0.4915228605270386,0.8619999999999999,0.038697723661199085,0.0038005847503305187,0.06829424435702265,0.03114482300479485,0.14304365711836278,0.017888543819998323
bs64_lr0.001_distAE_wd0.01_filterlen40_learndecoderFalse_schedulerTrue_windows0_dropout0.0_loralr0.0_preprocessorFalse_preencoderFalse_cutfillFalse_learnpredecoderFalse_learnloraFalse_debugFalse,3,all,0.6217865079641343,0.7982424242424242,0.7174284815788269,0.732,0.650208231806755,0.768,0.3623761833065429,0.13372933617398752,0.06118145594332349,0.014832396974191336,0.07377021589821318,0.03420526275297416
bs64_lr0.001_distAE_wd0.01_filterlen40_learndecoderFalse_schedulerTrue_windows0_dropout0.0_loralr0.0_preprocessorFalse_preencoderFalse_cutfillFalse_learnpredecoderFalse_learnloraFalse_debugFalse,3,pooled,0.5436171770095826,0.9777777777777779,0.8091703176498413,0.7,1.0949357271194458,0.628,0.3687708414694557,0.012397729780234127,0.14851305804062448,0.0632455532033676,0.22643835944700472,0.0998498873309329
bs64_lr0.001_distAE_wd0.01_filterlen40_learndecoderFalse_schedulerTrue_windows0_dropout0.0_loralr0.0_preprocessorFalse_preencoderFalse_cutfillFalse_learnpredecoderFalse_learnloraFalse_debugFalse,3,single,0.01969148125499482,1.0,1.0306740283966065,0.5900000000000001,1.1823633074760438,0.542,0.002882373417943179,0.0,0.07107840353273104,0.047958315233127186,0.049786852134668956,0.0238746727726266
bs64_lr0.001_distAE_wd0.01_filterlen40_learndecoderFalse_schedulerTrue_windows0_dropout0.0_loralr0.0_preprocessorFalse_preencoderFalse_cutfillFalse_learnpredecoderFalse_learnloraFalse_debugFalse,4,all,0.6217865079641343,0.7982424242424242,0.7174284815788269,0.732,0.650208231806755,0.768,0.3623761833065429,0.13372933617398752,0.06118145594332349,0.014832396974191336,0.07377021589821318,0.03420526275297416
bs64_lr0.001_distAE_wd0.01_filterlen40_learndecoderFalse_schedulerTrue_windows0_dropout0.0_loralr0.0_preprocessorFalse_preencoderFalse_cutfillFalse_learnpredecoderFalse_learnloraFalse_debugFalse,4,pooled,1.2916112273931504,0.41083333333333333,1.5958992004394532,0.274,1.694422435760498,0.21800000000000003,0.698128768386652,0.3295978188978535,0.00834274848715941,0.07700649323271382,0.15901190563346776,0.01643167672515498
bs64_lr0.001_distAE_wd0.01_filterlen40_learndecoderFalse_schedulerTrue_windows0_dropout0.0_loralr0.0_preprocessorFalse_preencoderFalse_cutfillFalse_learnpredecoderFalse_learnloraFalse_debugFalse,4,single,1.2141691498458385,0.466,1.6038604259490967,0.23399999999999999,1.7028822302818298,0.20600000000000002,0.6716575260800711,0.30116809628880387,0.009546284504330444,0.06655824516917493,0.14325173697913401,0.03286335345030997
bs64_lr0.001_distAE_wd0.01_filterlen40_learndecoderFalse_schedulerTrue_windows0_dropout0.0_loralr0.0_preprocessorFalse_preencoderFalse_cutfillFalse_learnpredecoderFalse_learnloraFalse_debugFalse,5,all,0.6217865079641343,0.7982424242424242,0.7174284815788269,0.732,0.650208231806755,0.768,0.3623761833065429,0.13372933617398752,0.06118145594332349,0.014832396974191336,0.07377021589821318,0.03420526275297416
bs64_lr0.001_distAE_wd0.01_filterlen40_learndecoderFalse_schedulerTrue_windows0_dropout0.0_loralr0.0_preprocessorFalse_preencoderFalse_cutfillFalse_learnpredecoderFalse_learnloraFalse_debugFalse,5,pooled,0.5273930609226227,0.8239166666666666,1.2562769889831542,0.48,1.4999987602233886,0.442,0.19931435067586414,0.08210268384434484,0.06557291181316753,0.05244044240850758,0.1532302128642325,0.01483239697419134
bs64_lr0.001_distAE_wd0.01_filterlen40_learndecoderFalse_schedulerTrue_windows0_dropout0.0_loralr0.0_preprocessorFalse_preencoderFalse_cutfillFalse_learnpredecoderFalse_learnloraFalse_debugFalse,5,single,1.5537105560302735,0.24733333333333327,1.606596302986145,0.188,1.6089322328567506,0.188,0.032978877577613225,0.02660409325231322,0.007141498790431032,0.029495762407505247,0.007525158811282145,0.016431676725154984
bs64_lr0.001_distAE_wd0.01_filterlen40_learndecoderFalse_schedulerTrue_windows0_dropout0.0_loralr0.0_preprocessorFalse_preencoderFalse_cutfillFalse_learnpredecoderFalse_learnloraFalse_debugFalse,6,all,0.6217865079641343,0.7982424242424242,0.7174284815788269,0.732,0.650208231806755,0.768,0.3623761833065429,0.13372933617398752,0.06118145594332349,0.014832396974191336,0.07377021589821318,0.03420526275297416
bs64_lr0.001_distAE_wd0.01_filterlen40_learndecoderFalse_schedulerTrue_windows0_dropout0.0_loralr0.0_preprocessorFalse_preencoderFalse_cutfillFalse_learnpredecoderFalse_learnloraFalse_debugFalse,6,pooled,0.43557334169745443,0.9917777777777779,0.5730288743972778,0.79,1.0018407881259919,0.6679999999999999,0.4863692257696428,0.00890969786521306,0.051355794772535754,0.040620192023179826,0.0914106183120755,0.031144823004794847
bs64_lr0.001_distAE_wd0.01_filterlen40_learndecoderFalse_schedulerTrue_windows0_dropout0.0_loralr0.0_preprocessorFalse_preencoderFalse_cutfillFalse_learnpredecoderFalse_learnloraFalse_debugFalse,6,single,0.05340349972248074,0.9960000000000001,0.3826328992843627,0.8800000000000001,0.7772729158401489,0.748,0.05979734806790636,0.008944271909999175,0.0387145872386201,0.033911649915626375,0.13312615943150144,0.04816637831516921
bs64_lr0.001_distAE_wd0.01_filterlen40_learndecoderFalse_schedulerTrue_windows0_dropout0.0_loralr0.0_preprocessorFalse_preencoderFalse_cutfillFalse_learnpredecoderFalse_learnloraFalse_debugFalse,7,all,0.6217865079641343,0.7982424242424242,0.7174284815788269,0.732,0.650208231806755,0.768,0.3623761833065429,0.13372933617398752,0.06118145594332349,0.014832396974191336,0.07377021589821318,0.03420526275297416
bs64_lr0.001_distAE_wd0.01_filterlen40_learndecoderFalse_schedulerTrue_windows0_dropout0.0_loralr0.0_preprocessorFalse_preencoderFalse_cutfillFalse_learnpredecoderFalse_learnloraFalse_debugFalse,7,pooled,0.241085085272789,0.9775555555555556,0.6816712021827698,0.74,1.1626409471035004,0.58,0.19372398019387924,0.0058478654964180836,0.0579316394174919,0.04358898943540676,0.047008368838126285,0.05196152422706631
bs64_lr0.001_distAE_wd0.01_filterlen40_learndecoderFalse_schedulerTrue_windows0_dropout0.0_loralr0.0_preprocessorFalse_preencoderFalse_cutfillFalse_learnpredecoderFalse_learnloraFalse_debugFalse,7,single,0.02900379151105876,1.0,0.5702520251274109,0.806,0.8282876968383789,0.708,0.01166493806415775,0.0,0.041346094373656564,0.03130495168499703,0.07085444355932422,0.02774887385102323
bs64_lr0.001_distAE_wd0.01_filterlen40_learndecoderFalse_schedulerTrue_windows0_dropout0.0_loralr0.0_preprocessorFalse_preencoderFalse_cutfillFalse_learnpredecoderFalse_learnloraFalse_debugFalse,8,all,0.6217865079641343,0.7982424242424242,0.7174284815788269,0.732,0.650208231806755,0.768,0.3623761833065429,0.13372933617398752,0.06118145594332349,0.014832396974191336,0.07377021589821318,0.03420526275297416
bs64_lr0.001_distAE_wd0.01_filterlen40_learndecoderFalse_schedulerTrue_windows0_dropout0.0_loralr0.0_preprocessorFalse_preencoderFalse_cutfillFalse_learnpredecoderFalse_learnloraFalse_debugFalse,8,pooled,1.4217959284782409,0.374,1.5909878253936767,0.252,1.6251001715660096,0.23199999999999998,0.32749945036418204,0.17490606484417393,0.018421465598369016,0.036331804249169895,0.03248825970492945,0.0216794833886788
bs64_lr0.001_distAE_wd0.01_filterlen40_learndecoderFalse_schedulerTrue_windows0_dropout0.0_loralr0.0_preprocessorFalse_preencoderFalse_cutfillFalse_learnpredecoderFalse_learnloraFalse_debugFalse,8,single,1.5619170188903808,0.2293333333333333,1.6098042726516724,0.20800000000000002,1.6095323801040649,0.21200000000000002,0.08230920198912259,0.07274002413466132,0.006027364068975005,0.03346640106136302,0.004684174685989391,0.03346640106136302
bs64_lr0.001_distAE_wd0.01_filterlen40_learndecoderFalse_schedulerTrue_windows0_dropout0.0_loralr0.0_preprocessorFalse_preencoderFalse_cutfillFalse_learnpredecoderFalse_learnloraFalse_debugFalse,9,all,0.6217865079641343,0.7982424242424242,0.7174284815788269,0.732,0.650208231806755,0.768,0.3623761833065429,0.13372933617398752,0.06118145594332349,0.014832396974191336,0.07377021589821318,0.03420526275297416
bs64_lr0.001_distAE_wd0.01_filterlen40_learndecoderFalse_schedulerTrue_windows0_dropout0.0_loralr0.0_preprocessorFalse_preencoderFalse_cutfillFalse_learnpredecoderFalse_learnloraFalse_debugFalse,9,pooled,0.0457550078630447,0.9931666666666666,0.20266761183738705,0.932,0.694907945394516,0.73,0.026758291807682886,0.005184110338331965,0.011657501809128116,0.01923538406167133,0.03411091109819532,0.023452078799117163
bs64_lr0.001_distAE_wd0.01_filterlen40_learndecoderFalse_schedulerTrue_windows0_dropout0.0_loralr0.0_preprocessorFalse_preencoderFalse_cutfillFalse_learnpredecoderFalse_learnloraFalse_debugFalse,9,single,0.044391413591802056,0.9946666666666666,0.11608725041151043,0.968,0.5659741163253784,0.8099999999999999,0.04121998353132954,0.00869226987360355,0.01594733022344265,0.008366600265340763,0.06994582946499993,0.01870828693386966
bs64_lr0.001_distAE_wd0.01_filterlen40_learndecoderFalse_schedulerTrue_windows0_dropout0.0_loralr0.0_preprocessorFalse_preencoderFalse_cutfillFalse_learnpredecoderFalse_learnloraFalse_debugFalse,10,all,0.6217865079641343,0.7982424242424242,0.7174284815788269,0.732,0.650208231806755,0.768,0.3623761833065429,0.13372933617398752,0.06118145594332349,0.014832396974191336,0.07377021589821318,0.03420526275297416
bs64_lr0.001_distAE_wd0.01_filterlen40_learndecoderFalse_schedulerTrue_windows0_dropout0.0_loralr0.0_preprocessorFalse_preencoderFalse_cutfillFalse_learnpredecoderFalse_learnloraFalse_debugFalse,10,pooled,0.03708547241985792,0.998,0.7793633699417114,0.696,0.8817466259002685,0.686,0.01910191635734068,0.004472135954999596,0.051031427091995055,0.01140175425099136,0.04838527667824296,0.030495901363953765
bs64_lr0.001_distAE_wd0.01_filterlen40_learndecoderFalse_schedulerTrue_windows0_dropout0.0_loralr0.0_preprocessorFalse_preencoderFalse_cutfillFalse_learnpredecoderFalse_learnloraFalse_debugFalse,10,single,0.030356889218091897,1.0,0.8565659642219543,0.6799999999999999,1.0400769591331482,0.618,0.014694136978635116,0.0,0.07002621458593337,0.03999999999999995,0.16173384215241476,0.05890670590009255
bs64_lr0.001_distAE_wd0.01_filterlen40_learndecoderFalse_schedulerTrue_windows0_dropout0.0_loralr0.0_preprocessorFalse_preencoderFalse_cutfillFalse_learnpredecoderFalse_learnloraFalse_debugFalse,11,all,0.6217865079641343,0.7982424242424242,0.7174284815788269,0.732,0.650208231806755,0.768,0.3623761833065429,0.13372933617398752,0.06118145594332349,0.014832396974191336,0.07377021589821318,0.03420526275297416
bs64_lr0.001_distAE_wd0.01_filterlen40_learndecoderFalse_schedulerTrue_windows0_dropout0.0_loralr0.0_preprocessorFalse_preencoderFalse_cutfillFalse_learnpredecoderFalse_learnloraFalse_debugFalse,11,pooled,0.0499517600983381,0.9956190476190475,0.3586431622505188,0.874,0.4014778405427933,0.842,0.025298975737647982,0.007201347820431923,0.07991682490189549,0.04037325847637274,0.05268456959330762,0.016431676725155
bs64_lr0.001_distAE_wd0.01_filterlen40_learndecoderFalse_schedulerTrue_windows0_dropout0.0_loralr0.0_preprocessorFalse_preencoderFalse_cutfillFalse_learnpredecoderFalse_learnloraFalse_debugFalse,11,single,0.04215346425771706,0.9993333333333334,0.3384941279888153,0.9179999999999999,0.2854570090770721,0.924,0.03531239839634596,0.0014907119849997834,0.027419724555040156,0.01788854381999833,0.07374953169003501,0.023021728866442666
bs64_lr0.001_distCOV_wd0.001_filterlen40_learndecoderFalse_schedulerTrue_windows0_dropout0.0_loralr0.0_preprocessorFalse_preencoderFalse_cutfillFalse_learnpredecoderFalse_learnloraFalse_debugFalse,1,all,0.8491943579167127,0.7101818181818181,0.7998716950416564,0.704,0.7445731520652771,0.74,0.5884642423065265,0.21693632297919097,0.10998070669193924,0.0568330889535313,0.12683186962877596,0.04183300132670374
bs64_lr0.001_distCOV_wd0.001_filterlen40_learndecoderFalse_schedulerTrue_windows0_dropout0.0_loralr0.0_preprocessorFalse_preencoderFalse_cutfillFalse_learnpredecoderFalse_learnloraFalse_debugFalse,1,pooled,0.05756288752891118,0.9838666666666667,0.7160017490386963,0.74,0.5948461353778839,0.798,0.1057654041263509,0.03533459117257954,0.05084011392778301,0.04183300132670381,0.10469657756927973,0.03962322551231787
bs64_lr0.001_distCOV_wd0.001_filterlen40_learndecoderFalse_schedulerTrue_windows0_dropout0.0_loralr0.0_preprocessorFalse_preencoderFalse_cutfillFalse_learnpredecoderFalse_learnloraFalse_debugFalse,1,single,0.01827516187913712,1.0,0.7380076766014099,0.736,0.665310925245285,0.772,0.03433361007296561,0.0,0.11082430195261586,0.051768716422179104,0.08082749561479433,0.03768288736283353
bs64_lr0.001_distCOV_wd0.001_filterlen40_learndecoderFalse_schedulerTrue_windows0_dropout0.0_loralr0.0_preprocessorFalse_preencoderFalse_cutfillFalse_learnpredecoderFalse_learnloraFalse_debugFalse,2,all,0.8491943579167127,0.7101818181818181,0.7998716950416564,0.704,0.7445731520652771,0.74,0.5884642423065265,0.21693632297919097,0.10998070669193924,0.0568330889535313,0.12683186962877596,0.04183300132670374
bs64_lr0.001_distCOV_wd0.001_filterlen40_learndecoderFalse_schedulerTrue_windows0_dropout0.0_loralr0.0_preprocessorFalse_preencoderFalse_cutfillFalse_learnpredecoderFalse_learnloraFalse_debugFalse,2,pooled,0.7812517255544663,0.9717777777777779,0.5158966183662415,0.8099999999999999,0.6765306651592254,0.8459999999999999,0.9545457065762968,0.0340895697454822,0.10351416009250775,0.042426406871192854,0.2046864535583493,0.01673320053068154
bs64_lr0.001_distCOV_wd0.001_filterlen40_learndecoderFalse_schedulerTrue_windows0_dropout0.0_loralr0.0_preprocessorFalse_preencoderFalse_cutfillFalse_learnpredecoderFalse_learnloraFalse_debugFalse,2,single,0.014240698469802682,1.0,0.5241544842720032,0.826,0.579871141910553,0.834,0.016585905980517675,0.0,0.05623304173788279,0.0296647939483826,0.17388381176660359,0.02073644135332769
bs64_lr0.001_distCOV_wd0.001_filterlen40_learndecoderFalse_schedulerTrue_windows0_dropout0.0_loralr0.0_preprocessorFalse_preencoderFalse_cutfillFalse_learnpredecoderFalse_learnloraFalse_debugFalse,3,all,0.8491943579167127,0.7101818181818181,0.7998716950416564,0.704,0.7445731520652771,0.74,0.5884642423065265,0.21693632297919097,0.10998070669193924,0.0568330889535313,0.12683186962877596,0.04183300132670374
bs64_lr0.001_distCOV_wd0.001_filterlen40_learndecoderFalse_schedulerTrue_windows0_dropout0.0_loralr0.0_preprocessorFalse_preencoderFalse_cutfillFalse_learnpredecoderFalse_learnloraFalse_debugFalse,3,pooled,0.07471562447026366,0.9862857142857143,1.0067164182662964,0.666,1.6308271050453187,0.532,0.15201411578202897,0.03066607511999712,0.2418673853833546,0.055045435778091574,0.3426193307084418,0.049699094559156755
bs64_lr0.001_distCOV_wd0.001_filterlen40_learndecoderFalse_schedulerTrue_windows0_dropout0.0_loralr0.0_preprocessorFalse_preencoderFalse_cutfillFalse_learnpredecoderFalse_learnloraFalse_debugFalse,3,single,0.21192080681212241,0.9113333333333333,1.402169895172119,0.42000000000000004,1.4884190082550048,0.45,0.4647644672566476,0.19826469400498137,0.05122845145809629,0.03674234614174768,0.08247559558252153,0.052440442408507565
bs64_lr0.001_distCOV_wd0.001_filterlen40_learndecoderFalse_schedulerTrue_windows0_dropout0.0_loralr0.0_preprocessorFalse_preencoderFalse_cutfillFalse_learnpredecoderFalse_learnloraFalse_debugFalse,4,all,0.8491943579167127,0.7101818181818181,0.7998716950416564,0.704,0.7445731520652771,0.74,0.5884642423065265,0.21693632297919097,0.10998070669193924,0.0568330889535313,0.12683186962877596,0.04183300132670374
bs64_lr0.001_distCOV_wd0.001_filterlen40_learndecoderFalse_schedulerTrue_windows0_dropout0.0_loralr0.0_preprocessorFalse_preencoderFalse_cutfillFalse_learnpredecoderFalse_learnloraFalse_debugFalse,4,pooled,1.5770082473754883,0.2753333333333333,1.6027684450149535,0.19,1.6212970614433289,0.172,0.0381263599769303,0.030124740662784127,0.005473649781557328,0.015811388300841892,0.01026674273701525,0.03114482300479488
bs64_lr0.001_distCOV_wd0.001_filterlen40_learndecoderFalse_schedulerTrue_windows0_dropout0.0_loralr0.0_preprocessorFalse_preencoderFalse_cutfillFalse_learnpredecoderFalse_learnloraFalse_debugFalse,4,single,1.306651246547699,0.5033333333333333,1.6050195217132568,0.22800000000000004,1.6582246661186217,0.194,0.4901016244335982,0.3079592325112025,0.004984362072138996,0.07596051605933175,0.07595350670308545,0.04560701700396553
bs64_lr0.001_distCOV_wd0.001_filterlen40_learndecoderFalse_schedulerTrue_windows0_dropout0.0_loralr0.0_preprocessorFalse_preencoderFalse_cutfillFalse_learnpredecoderFalse_learnloraFalse_debugFalse,5,all,0.8491943579167127,0.7101818181818181,0.7998716950416564,0.704,0.7445731520652771,0.74,0.5884642423065265,0.21693632297919097,0.10998070669193924,0.0568330889535313,0.12683186962877596,0.04183300132670374
bs64_lr0.001_distCOV_wd0.001_filterlen40_learndecoderFalse_schedulerTrue_windows0_dropout0.0_loralr0.0_preprocessorFalse_preencoderFalse_cutfillFalse_learnpredecoderFalse_learnloraFalse_debugFalse,5,pooled,1.280814790725708,0.5217777777777778,1.5266141891479492,0.296,1.6491249918937683,0.252,0.3071703229829114,0.29427416459930233,0.08695743450800024,0.09889388252060892,0.035579694296313184,0.0828854631404084
bs64_lr0.001_distCOV_wd0.001_filterlen40_learndecoderFalse_schedulerTrue_windows0_dropout0.0_loralr0.0_preprocessorFalse_preencoderFalse_cutfillFalse_learnpredecoderFalse_learnloraFalse_debugFalse,5,single,1.618311333656311,0.25199999999999995,1.6060485363006591,0.186,1.6120435357093812,0.20800000000000002,0.04150828013732144,0.044572039067858074,0.0070623803290335045,0.027018512172212593,0.006574632138152085,0.037013511046643494
bs64_lr0.001_distCOV_wd0.001_filterlen40_learndecoderFalse_schedulerTrue_windows0_dropout0.0_loralr0.0_preprocessorFalse_preencoderFalse_cutfillFalse_learnpredecoderFalse_learnloraFalse_debugFalse,6,all,0.8491943579167127,0.7101818181818181,0.7998716950416564,0.704,0.7445731520652771,0.74,0.5884642423065265,0.21693632297919097,0.10998070669193924,0.0568330889535313,0.12683186962877596,0.04183300132670374
bs64_lr0.001_distCOV_wd0.001_filterlen40_learndecoderFalse_schedulerTrue_windows0_dropout0.0_loralr0.0_preprocessorFalse_preencoderFalse_cutfillFalse_learnpredecoderFalse_learnloraFalse_debugFalse,6,pooled,0.3521760910749435,0.9842222222222222,0.4902321040630341,0.812,0.7921372294425965,0.754,0.29918707900605285,0.014474328061761804,0.06893866893165387,0.010954451150103284,0.14871539976643075,0.027928480087537916
bs64_lr0.001_distCOV_wd0.001_filterlen40_learndecoderFalse_schedulerTrue_windows0_dropout0.0_loralr0.0_preprocessorFalse_preencoderFalse_cutfillFalse_learnpredecoderFalse_learnloraFalse_debugFalse,6,single,0.004411736549809519,1.0,0.6652865409851074,0.714,1.057064175605774,0.612,0.00242827301243281,0.0,0.15664252320074842,0.07503332592921629,0.1748762563818348,0.08786353054595518
bs64_lr0.001_distCOV_wd0.001_filterlen40_learndecoderFalse_schedulerTrue_windows0_dropout0.0_loralr0.0_preprocessorFalse_preencoderFalse_cutfillFalse_learnpredecoderFalse_learnloraFalse_debugFalse,7,all,0.8491943579167127,0.7101818181818181,0.7998716950416564,0.704,0.7445731520652771,0.74,0.5884642423065265,0.21693632297919097,0.10998070669193924,0.0568330889535313,0.12683186962877596,0.04183300132670374
bs64_lr0.001_distCOV_wd0.001_filterlen40_learndecoderFalse_schedulerTrue_windows0_dropout0.0_loralr0.0_preprocessorFalse_preencoderFalse_cutfillFalse_learnpredecoderFalse_learnloraFalse_debugFalse,7,pooled,0.0043817332945763395,1.0,0.7749847650527955,0.682,1.1047038853168487,0.642,0.004212061575426901,0.0,0.16754332751404064,0.08288546314040839,0.10966120635857526,0.0597494769851586
bs64_lr0.001_distCOV_wd0.001_filterlen40_learndecoderFalse_schedulerTrue_windows0_dropout0.0_loralr0.0_preprocessorFalse_preencoderFalse_cutfillFalse_learnpredecoderFalse_learnloraFalse_debugFalse,7,single,0.0043817332945763395,1.0,0.7749847650527955,0.682,1.1047038853168487,0.642,0.004212061575426901,0.0,0.16754332751404064,0.08288546314040839,0.10966120635857526,0.0597494769851586
bs64_lr0.001_distCOV_wd0.001_filterlen40_learndecoderFalse_schedulerTrue_windows0_dropout0.0_loralr0.0_preprocessorFalse_preencoderFalse_cutfillFalse_learnpredecoderFalse_learnloraFalse_debugFalse,8,all,0.8491943579167127,0.7101818181818181,0.7998716950416564,0.704,0.7445731520652771,0.74,0.5884642423065265,0.21693632297919097,0.10998070669193924,0.0568330889535313,0.12683186962877596,0.04183300132670374
bs64_lr0.001_distCOV_wd0.001_filterlen40_learndecoderFalse_schedulerTrue_windows0_dropout0.0_loralr0.0_preprocessorFalse_preencoderFalse_cutfillFalse_learnpredecoderFalse_learnloraFalse_debugFalse,8,pooled,1.5211202144622802,0.31133333333333335,1.6071293354034424,0.23600000000000004,1.6335852861404419,0.22200000000000003,0.11821899909687765,0.12653584252868608,0.007636682650768667,0.06655824516917494,0.06969405344530348,0.04324349662087932
bs64_lr0.001_distCOV_wd0.001_filterlen40_learndecoderFalse_schedulerTrue_windows0_dropout0.0_loralr0.0_preprocessorFalse_preencoderFalse_cutfillFalse_learnpredecoderFalse_learnloraFalse_debugFalse,8,single,1.583115577697754,0.286,1.6109938621520996,0.21000000000000002,1.6143800020217896,0.20600000000000002,0.1507869367727005,0.13632885078205403,0.0027914674182582164,0.05385164807134505,0.004797550119219284,0.04774934554525329
bs64_lr0.001_distCOV_wd0.001_filterlen40_learndecoderFalse_schedulerTrue_windows0_dropout0.0_loralr0.0_preprocessorFalse_preencoderFalse_cutfillFalse_learnpredecoderFalse_learnloraFalse_debugFalse,9,all,0.8491943579167127,0.7101818181818181,0.7998716950416564,0.704,0.7445731520652771,0.74,0.5884642423065265,0.21693632297919097,0.10998070669193924,0.0568330889535313,0.12683186962877596,0.04183300132670374
bs64_lr0.001_distCOV_wd0.001_filterlen40_learndecoderFalse_schedulerTrue_windows0_dropout0.0_loralr0.0_preprocessorFalse_preencoderFalse_cutfillFalse_learnpredecoderFalse_learnloraFalse_debugFalse,9,pooled,0.40247850865125645,0.9931111111111111,0.16883648335933682,0.938,0.9587573409080505,0.7140000000000001,0.5899210665309356,0.006450189010533403,0.03449892312477791,0.01483239697419128,0.26397164478845625,0.060663003552412414
bs64_lr0.001_distCOV_wd0.001_filterlen40_learndecoderFalse_schedulerTrue_windows0_dropout0.0_loralr0.0_preprocessorFalse_preencoderFalse_cutfillFalse_learnpredecoderFalse_learnloraFalse_debugFalse,9,single,0.0046120904851704395,1.0,0.0945797741413116,0.962,0.45264228582382204,0.8460000000000001,0.0012991907296817766,0.0,0.008986077883429401,0.008366600265340772,0.11298084572565421,0.04615192303685731
bs64_lr0.001_distCOV_wd0.001_filterlen40_learndecoderFalse_schedulerTrue_windows0_dropout0.0_loralr0.0_preprocessorFalse_preencoderFalse_cutfillFalse_learnpredecoderFalse_learnloraFalse_debugFalse,10,all,0.8491943579167127,0.7101818181818181,0.7998716950416564,0.704,0.7445731520652771,0.74,0.5884642423065265,0.21693632297919097,0.10998070669193924,0.0568330889535313,0.12683186962877596,0.04183300132670374
bs64_lr0.001_distCOV_wd0.001_filterlen40_learndecoderFalse_schedulerTrue_windows0_dropout0.0_loralr0.0_preprocessorFalse_preencoderFalse_cutfillFalse_learnpredecoderFalse_learnloraFalse_debugFalse,10,pooled,0.6378709554672242,0.8318888888888889,0.9900636315345764,0.622,1.0887349486351012,0.61,0.41125922367223205,0.10033862419912308,0.04779086628028618,0.017888543819998336,0.11801859775189529,0.030000000000000006
bs64_lr0.001_distCOV_wd0.001_filterlen40_learndecoderFalse_schedulerTrue_windows0_dropout0.0_loralr0.0_preprocessorFalse_preencoderFalse_cutfillFalse_learnpredecoderFalse_learnloraFalse_debugFalse,10,single,0.00523372464813288,1.0,1.0370572566986085,0.5780000000000001,1.2257060825824737,0.534,0.004357921864052471,0.0,0.09106187325623769,0.05403702434442515,0.09090669961414637,0.04929503017546497
bs64_lr0.001_distCOV_wd0.001_filterlen40_learndecoderFalse_schedulerTrue_windows0_dropout0.0_loralr0.0_preprocessorFalse_preencoderFalse_cutfillFalse_learnpredecoderFalse_learnloraFalse_debugFalse,11,all,0.8491943579167127,0.7101818181818181,0.7998716950416564,0.704,0.7445731520652771,0.74,0.5884642423065265,0.21693632297919097,0.10998070669193924,0.0568330889535313,0.12683186962877596,0.04183300132670374
bs64_lr0.001_distCOV_wd0.001_filterlen40_learndecoderFalse_schedulerTrue_windows0_dropout0.0_loralr0.0_preprocessorFalse_preencoderFalse_cutfillFalse_learnpredecoderFalse_learnloraFalse_debugFalse,11,pooled,0.00670236279256638,1.0,0.7295565962791443,0.71,0.5677683740854264,0.8,0.006251579031163685,0.0,0.07341089971804553,0.039370039370059055,0.08128723712335321,0.022360679774997894
bs64_lr0.001_distCOV_wd0.001_filterlen40_learndecoderFalse_schedulerTrue_windows0_dropout0.0_loralr0.0_preprocessorFalse_preencoderFalse_cutfillFalse_learnpredecoderFalse_learnloraFalse_debugFalse,11,single,0.00670236279256638,1.0,0.7295565962791443,0.71,0.5677683740854264,0.8,0.006251579031163685,0.0,0.07341089971804553,0.039370039370059055,0.08128723712335321,0.022360679774997894
bs64_lr0.001_distCOV_wd0.01_filterlen40_learndecoderFalse_schedulerTrue_windows0_dropout0.0_loralr0.0_preprocessorFalse_preencoderFalse_cutfillFalse_learnpredecoderFalse_learnloraFalse_debugFalse,1,all,0.4017430543899536,0.8683636363636363,0.6869870305061341,0.748,0.6515926957130432,0.758,0.09818069400341731,0.049518155763614326,0.06535835884430002,0.0449444101084885,0.09270065271142622,0.041472882706655466
bs64_lr0.001_distCOV_wd0.01_filterlen40_learndecoderFalse_schedulerTrue_windows0_dropout0.0_loralr0.0_preprocessorFalse_preencoderFalse_cutfillFalse_learnpredecoderFalse_learnloraFalse_debugFalse,1,pooled,0.02242205850780004,1.0,0.6241683602333069,0.784,0.522403073310852,0.8240000000000001,0.003344783009647703,0.0,0.02498957351472814,0.015165750888103123,0.048103832731446694,0.018165902124584937
bs64_lr0.001_distCOV_wd0.01_filterlen40_learndecoderFalse_schedulerTrue_windows0_dropout0.0_loralr0.0_preprocessorFalse_preencoderFalse_cutfillFalse_learnpredecoderFalse_learnloraFalse_debugFalse,1,single,0.01693771518766874,1.0,0.6102587819099426,0.782,0.5724594980478287,0.808,0.003476639138260251,0.0,0.04197526164486407,0.032710854467592226,0.03154549702399624,0.03768288736283355
bs64_lr0.001_distCOV_wd0.01_filterlen40_learndecoderFalse_schedulerTrue_windows0_dropout0.0_loralr0.0_preprocessorFalse_preencoderFalse_cutfillFalse_learnpredecoderFalse_learnloraFalse_debugFalse,2,all,0.4017430543899536,0.8683636363636363,0.6869870305061341,0.748,0.6515926957130432,0.758,0.09818069400341731,0.049518155763614326,0.06535835884430002,0.0449444101084885,0.09270065271142622,0.041472882706655466
bs64_lr0.001_distCOV_wd0.01_filterlen40_learndecoderFalse_schedulerTrue_windows0_dropout0.0_loralr0.0_preprocessorFalse_preencoderFalse_cutfillFalse_learnpredecoderFalse_learnloraFalse_debugFalse,2,pooled,0.05682938136160372,0.9979999999999999,0.4923916459083557,0.818,0.4274479910731316,0.85,0.026991205491112738,0.0027386127875258636,0.04366965707783716,0.019235384061671298,0.06268155919094279,0.03937003937005905
bs64_lr0.001_distCOV_wd0.01_filterlen40_learndecoderFalse_schedulerTrue_windows0_dropout0.0_loralr0.0_preprocessorFalse_preencoderFalse_cutfillFalse_learnpredecoderFalse_learnloraFalse_debugFalse,2,single,0.06318760439753528,0.9986666666666668,0.41765435338020324,0.8560000000000001,0.4450778514146805,0.8560000000000001,0.013021088732251239,0.0018257418583505097,0.053691064377143126,0.027018512172212607,0.14064722106425578,0.021908902300206656
bs64_lr0.001_distCOV_wd0.01_filterlen40_learndecoderFalse_schedulerTrue_windows0_dropout0.0_loralr0.0_preprocessorFalse_preencoderFalse_cutfillFalse_learnpredecoderFalse_learnloraFalse_debugFalse,3,all,0.4017430543899536,0.8683636363636363,0.6869870305061341,0.748,0.6515926957130432,0.758,0.09818069400341731,0.049518155763614326,0.06535835884430002,0.0449444101084885,0.09270065271142622,0.041472882706655466
bs64_lr0.001_distCOV_wd0.01_filterlen40_learndecoderFalse_schedulerTrue_windows0_dropout0.0_loralr0.0_preprocessorFalse_preencoderFalse_cutfillFalse_learnpredecoderFalse_learnloraFalse_debugFalse,3,pooled,0.8134021759033203,0.9793333333333333,0.8741059303283691,0.6759999999999999,1.2039276838302613,0.546,0.3803845493264557,0.016416643165991802,0.12101971000184678,0.06348228099241549,0.11776362450439547,0.050793700396801186
bs64_lr0.001_distCOV_wd0.01_filterlen40_learndecoderFalse_schedulerTrue_windows0_dropout0.0_loralr0.0_preprocessorFalse_preencoderFalse_cutfillFalse_learnpredecoderFalse_learnloraFalse_debugFalse,3,single,0.02431780416518444,0.9986666666666666,1.010468888282776,0.592,1.1412804663181304,0.546,0.009326773310010571,0.002981423969999799,0.10786355777149442,0.05932958789676527,0.13364349140859116,0.05983310120660635
bs64_lr0.001_distCOV_wd0.01_filterlen40_learndecoderFalse_schedulerTrue_windows0_dropout0.0_loralr0.0_preprocessorFalse_preencoderFalse_cutfillFalse_learnpredecoderFalse_learnloraFalse_debugFalse,4,all,0.4017430543899536,0.8683636363636363,0.6869870305061341,0.748,0.6515926957130432,0.758,0.09818069400341731,0.049518155763614326,0.06535835884430002,0.0449444101084885,0.09270065271142622,0.041472882706655466
bs64_lr0.001_distCOV_wd0.01_filterlen40_learndecoderFalse_schedulerTrue_windows0_dropout0.0_loralr0.0_preprocessorFalse_preencoderFalse_cutfillFalse_learnpredecoderFalse_learnloraFalse_debugFalse,4,pooled,0.6193771556019783,0.742,1.5542061090469361,0.32,1.7049813508987426,0.274,0.8159386435681679,0.35337735574815143,0.04569261229951167,0.09300537618869138,0.1535494682151718,0.08018728078691782
bs64_lr0.001_distCOV_wd0.01_filterlen40_learndecoderFalse_schedulerTrue_windows0_dropout0.0_loralr0.0_preprocessorFalse_preencoderFalse_cutfillFalse_learnpredecoderFalse_learnloraFalse_debugFalse,4,single,1.4512608051300049,0.43199999999999994,1.6048330307006835,0.198,1.6309407353401184,0.192,0.05567876737684633,0.07507773749032845,0.005072891253400514,0.03563705936241092,0.009834697670407521,0.0130384048104053
bs64_lr0.001_distCOV_wd0.01_filterlen40_learndecoderFalse_schedulerTrue_windows0_dropout0.0_loralr0.0_preprocessorFalse_preencoderFalse_cutfillFalse_learnpredecoderFalse_learnloraFalse_debugFalse,5,all,0.4017430543899536,0.8683636363636363,0.6869870305061341,0.748,0.6515926957130432,0.758,0.09818069400341731,0.049518155763614326,0.06535835884430002,0.0449444101084885,0.09270065271142622,0.041472882706655466
bs64_lr0.001_distCOV_wd0.01_filterlen40_learndecoderFalse_schedulerTrue_windows0_dropout0.0_loralr0.0_preprocessorFalse_preencoderFalse_cutfillFalse_learnpredecoderFalse_learnloraFalse_debugFalse,5,pooled,0.6270923547446727,0.9351111111111111,1.4603846788406372,0.44000000000000006,1.5454843759536743,0.44000000000000006,0.6458241010097481,0.05654998881138617,0.05058301874116937,0.034641016151377546,0.10890913297171824,0.022360679774997894
bs64_lr0.001_distCOV_wd0.01_filterlen40_learndecoderFalse_schedulerTrue_windows0_dropout0.0_loralr0.0_preprocessorFalse_preencoderFalse_cutfillFalse_learnpredecoderFalse_learnloraFalse_debugFalse,5,single,1.6166290044784546,0.21599999999999997,1.6078056335449218,0.198,1.6098530054092408,0.184,0.02894158531131664,0.03148191720831358,0.005474651117604214,0.04266145801540309,0.003479879751500955,0.021908902300206645
bs64_lr0.001_distCOV_wd0.01_filterlen40_learndecoderFalse_schedulerTrue_windows0_dropout0.0_loralr0.0_preprocessorFalse_preencoderFalse_cutfillFalse_learnpredecoderFalse_learnloraFalse_debugFalse,6,all,0.4017430543899536,0.8683636363636363,0.6869870305061341,0.748,0.6515926957130432,0.758,0.09818069400341731,0.049518155763614326,0.06535835884430002,0.0449444101084885,0.09270065271142622,0.041472882706655466
bs64_lr0.001_distCOV_wd0.01_filterlen40_learndecoderFalse_schedulerTrue_windows0_dropout0.0_loralr0.0_preprocessorFalse_preencoderFalse_cutfillFalse_learnpredecoderFalse_learnloraFalse_debugFalse,6,pooled,0.2931083872914314,0.9922222222222222,0.39485145211219785,0.826,0.6137502074241639,0.79,0.27657445240224643,0.007856742013183867,0.07806791792135535,0.044497190922573975,0.032762219175151236,0.012247448713915901
bs64_lr0.001_distCOV_wd0.01_filterlen40_learndecoderFalse_schedulerTrue_windows0_dropout0.0_loralr0.0_preprocessorFalse_preencoderFalse_cutfillFalse_learnpredecoderFalse_learnloraFalse_debugFalse,6,single,0.03528369590640066,0.9986666666666668,0.3809143185615539,0.8699999999999999,0.7081903219223022,0.754,0.01975303136385983,0.0018257418583504928,0.029418497244904758,0.012247448713915886,0.08886477872812766,0.04277849927241492
bs64_lr0.001_distCOV_wd0.01_filterlen40_learndecoderFalse_schedulerTrue_windows0_dropout0.0_loralr0.0_preprocessorFalse_preencoderFalse_cutfillFalse_learnpredecoderFalse_learnloraFalse_debugFalse,7,all,0.4017430543899536,0.8683636363636363,0.6869870305061341,0.748,0.6515926957130432,0.758,0.09818069400341731,0.049518155763614326,0.06535835884430002,0.0449444101084885,0.09270065271142622,0.041472882706655466
bs64_lr0.001_distCOV_wd0.01_filterlen40_learndecoderFalse_schedulerTrue_windows0_dropout0.0_loralr0.0_preprocessorFalse_preencoderFalse_cutfillFalse_learnpredecoderFalse_learnloraFalse_debugFalse,7,pooled,0.3766081914305687,0.9911111111111112,0.5572279751300812,0.794,0.9219256103038788,0.6639999999999999,0.2231360648650453,0.006236095644623215,0.04797043186491235,0.011401754250991384,0.08734357637432158,0.04669047011971497
bs64_lr0.001_distCOV_wd0.01_filterlen40_learndecoderFalse_schedulerTrue_windows0_dropout0.0_loralr0.0_preprocessorFalse_preencoderFalse_cutfillFalse_learnpredecoderFalse_learnloraFalse_debugFalse,7,single,0.0288209974765777,1.0,0.592575478553772,0.78,0.8116393089294434,0.726,0.01274282459833716,0.0,0.042528532417072364,0.05147815070493501,0.04693711927259306,0.03209361307176245
bs64_lr0.001_distCOV_wd0.01_filterlen40_learndecoderFalse_schedulerTrue_windows0_dropout0.0_loralr0.0_preprocessorFalse_preencoderFalse_cutfillFalse_learnpredecoderFalse_learnloraFalse_debugFalse,8,all,0.4017430543899536,0.8683636363636363,0.6869870305061341,0.748,0.6515926957130432,0.758,0.09818069400341731,0.049518155763614326,0.06535835884430002,0.0449444101084885,0.09270065271142622,0.041472882706655466
bs64_lr0.001_distCOV_wd0.01_filterlen40_learndecoderFalse_schedulerTrue_windows0_dropout0.0_loralr0.0_preprocessorFalse_preencoderFalse_cutfillFalse_learnpredecoderFalse_learnloraFalse_debugFalse,8,pooled,1.3511496424674987,0.4,1.5956229209899901,0.238,1.627062737941742,0.24,0.44215188981031056,0.25067616892450445,0.018384822708096115,0.023874672772626653,0.025894334979149475,0.03082207001484488
bs64_lr0.001_distCOV_wd0.01_filterlen40_learndecoderFalse_schedulerTrue_windows0_dropout0.0_loralr0.0_preprocessorFalse_preencoderFalse_cutfillFalse_learnpredecoderFalse_learnloraFalse_debugFalse,8,single,1.528738760948181,0.30599999999999994,1.6048968315124512,0.22599999999999998,1.6072643637657165,0.21800000000000003,0.062550100755416,0.07158522504291263,0.005087003933194214,0.027018512172212586,0.004139920976454405,0.020493901531919188
bs64_lr0.001_distCOV_wd0.01_filterlen40_learndecoderFalse_schedulerTrue_windows0_dropout0.0_loralr0.0_preprocessorFalse_preencoderFalse_cutfillFalse_learnpredecoderFalse_learnloraFalse_debugFalse,9,all,0.4017430543899536,0.8683636363636363,0.6869870305061341,0.748,0.6515926957130432,0.758,0.09818069400341731,0.049518155763614326,0.06535835884430002,0.0449444101084885,0.09270065271142622,0.041472882706655466
bs64_lr0.001_distCOV_wd0.01_filterlen40_learndecoderFalse_schedulerTrue_windows0_dropout0.0_loralr0.0_preprocessorFalse_preencoderFalse_cutfillFalse_learnpredecoderFalse_learnloraFalse_debugFalse,9,pooled,0.6310720682144165,0.9677777777777777,0.19134682416915888,0.932,0.6436379432678223,0.756,0.12164737732742248,0.028185890875479614,0.01971691965872526,0.008366600265340713,0.10471023128204726,0.04669047011971498
bs64_lr0.001_distCOV_wd0.01_filterlen40_learndecoderFalse_schedulerTrue_windows0_dropout0.0_loralr0.0_preprocessorFalse_preencoderFalse_cutfillFalse_learnpredecoderFalse_learnloraFalse_debugFalse,9,single,0.09631070569157599,0.9973333333333333,0.11438690274953837,0.966,0.46372091472148896,0.8460000000000001,0.04107029956858917,0.002788866755113633,0.017445039387145294,0.01140175425099139,0.07884430578843199,0.05029910535983714
bs64_lr0.001_distCOV_wd0.01_filterlen40_learndecoderFalse_schedulerTrue_windows0_dropout0.0_loralr0.0_preprocessorFalse_preencoderFalse_cutfillFalse_learnpredecoderFalse_learnloraFalse_debugFalse,10,all,0.4017430543899536,0.8683636363636363,0.6869870305061341,0.748,0.6515926957130432,0.758,0.09818069400341731,0.049518155763614326,0.06535835884430002,0.0449444101084885,0.09270065271142622,0.041472882706655466
bs64_lr0.001_distCOV_wd0.01_filterlen40_learndecoderFalse_schedulerTrue_windows0_dropout0.0_loralr0.0_preprocessorFalse_preencoderFalse_cutfillFalse_learnpredecoderFalse_learnloraFalse_debugFalse,10,pooled,0.09678499549627298,0.9861904761904763,0.7698163509368896,0.71,0.9843871533870697,0.648,0.13668826273248533,0.029298293852641658,0.06491726852576371,0.03162277660168379,0.07599725598408553,0.03346640106136302
bs64_lr0.001_distCOV_wd0.01_filterlen40_learndecoderFalse_schedulerTrue_windows0_dropout0.0_loralr0.0_preprocessorFalse_preencoderFalse_cutfillFalse_learnpredecoderFalse_learnloraFalse_debugFalse,10,single,0.05469092726707455,0.9913333333333334,0.8234463214874268,0.6719999999999999,1.0931548714637755,0.5780000000000001,0.07367927369483025,0.01757523510195211,0.07699658611107045,0.05630275304103698,0.04523873271882124,0.03701351104664345
bs64_lr0.001_distCOV_wd0.01_filterlen40_learndecoderFalse_schedulerTrue_windows0_dropout0.0_loralr0.0_preprocessorFalse_preencoderFalse_cutfillFalse_learnpredecoderFalse_learnloraFalse_debugFalse,11,all,0.4017430543899536,0.8683636363636363,0.6869870305061341,0.748,0.6515926957130432,0.758,0.09818069400341731,0.049518155763614326,0.06535835884430002,0.0449444101084885,0.09270065271142622,0.041472882706655466
bs64_lr0.001_distCOV_wd0.01_filterlen40_learndecoderFalse_schedulerTrue_windows0_dropout0.0_loralr0.0_preprocessorFalse_preencoderFalse_cutfillFalse_learnpredecoderFalse_learnloraFalse_debugFalse,11,pooled,0.06353048309683795,0.9986666666666666,0.3106860101222992,0.9099999999999999,0.268979001045227,0.9199999999999999,0.04914944449233993,0.002981423969999792,0.06147680367445932,0.014142135623730963,0.05073732684486226,0.019999999999999973
bs64_lr0.001_distCOV_wd0.01_filterlen40_learndecoderFalse_schedulerTrue_windows0_dropout0.0_loralr0.0_preprocessorFalse_preencoderFalse_cutfillFalse_learnpredecoderFalse_learnloraFalse_debugFalse,11,single,0.06353048309683795,0.9986666666666666,0.3106860101222992,0.9099999999999999,0.268979001045227,0.9199999999999999,0.04914944449233993,0.002981423969999792,0.06147680367445932,0.014142135623730963,0.05073732684486226,0.019999999999999973
