base_hp_config,subject,pool_type,run_id,pool_size,pool,train_loss,train_acc,val_loss,val_acc,test_loss,test_acc
bs64_lr0.001_distAE_wd0.01_filterlen40_learndecoderFalse_schedulerTrue_windows0_dropout0.0_loralr0.0_preprocessorFalse_preencoderFalse_cutfillFalse_learnpredecoderFalse_learnloraFalse,1,single,10,1,1,0.7212993502616882,0.7766666666666666,1.0866694450378418,0.57,1.2317458987236023,0.62
bs64_lr0.001_distAE_wd0.01_filterlen40_learndecoderFalse_schedulerTrue_windows0_dropout0.0_loralr0.0_preprocessorFalse_preencoderFalse_cutfillFalse_learnpredecoderFalse_learnloraFalse,1,single,11,1,1,0.4848088324069977,0.9283333333333332,1.0769490003585815,0.61,1.0296840071678162,0.61
bs64_lr0.001_distAE_wd0.01_filterlen40_learndecoderFalse_schedulerTrue_windows0_dropout0.0_loralr0.0_preprocessorFalse_preencoderFalse_cutfillFalse_learnpredecoderFalse_learnloraFalse,1,single,12,1,1,0.0204346012324094,0.9966666666666668,1.0362482070922852,0.6,1.0288974940776825,0.58
bs64_lr0.001_distAE_wd0.01_filterlen40_learndecoderFalse_schedulerTrue_windows0_dropout0.0_loralr0.0_preprocessorFalse_preencoderFalse_cutfillFalse_learnpredecoderFalse_learnloraFalse,1,single,13,1,1,0.1201241686940193,0.9816666666666668,1.0279154777526855,0.61,0.991184651851654,0.65
bs64_lr0.001_distAE_wd0.01_filterlen40_learndecoderFalse_schedulerTrue_windows0_dropout0.0_loralr0.0_preprocessorFalse_preencoderFalse_cutfillFalse_learnpredecoderFalse_learnloraFalse,1,single,14,1,1,0.1524862349033355,0.9766666666666668,1.1293741464614868,0.6,0.9564515352249146,0.65
bs64_lr0.001_distAE_wd0.01_filterlen40_learndecoderFalse_schedulerTrue_windows0_dropout0.0_loralr0.0_preprocessorFalse_preencoderFalse_cutfillFalse_learnpredecoderFalse_learnloraFalse,1,pooled,10,3,1_4_7,1.5756595134735107,0.6755555555555556,0.8192797899246216,0.69,0.730498194694519,0.76
bs64_lr0.001_distAE_wd0.01_filterlen40_learndecoderFalse_schedulerTrue_windows0_dropout0.0_loralr0.0_preprocessorFalse_preencoderFalse_cutfillFalse_learnpredecoderFalse_learnloraFalse,1,pooled,11,3,1_4_7,0.5206237435340881,0.73,0.7522667646408081,0.72,0.7091756165027618,0.72
bs64_lr0.001_distAE_wd0.01_filterlen40_learndecoderFalse_schedulerTrue_windows0_dropout0.0_loralr0.0_preprocessorFalse_preencoderFalse_cutfillFalse_learnpredecoderFalse_learnloraFalse,1,pooled,12,3,1_4_7,0.5047383904457092,0.6111111111111112,0.7074527144432068,0.81,0.5737194716930389,0.8
bs64_lr0.001_distAE_wd0.01_filterlen40_learndecoderFalse_schedulerTrue_windows0_dropout0.0_loralr0.0_preprocessorFalse_preencoderFalse_cutfillFalse_learnpredecoderFalse_learnloraFalse,1,pooled,13,3,1_4_7,0.7572650909423828,0.8938888888888888,0.92108952999115,0.7,0.9100685715675354,0.71
bs64_lr0.001_distAE_wd0.01_filterlen40_learndecoderFalse_schedulerTrue_windows0_dropout0.0_loralr0.0_preprocessorFalse_preencoderFalse_cutfillFalse_learnpredecoderFalse_learnloraFalse,1,pooled,14,3,1_4_7,0.4572031199932098,0.7122222222222222,0.7586508393287659,0.75,0.7456247806549072,0.72
bs64_lr0.001_distAE_wd0.01_filterlen40_learndecoderFalse_schedulerTrue_windows0_dropout0.0_loralr0.0_preprocessorFalse_preencoderFalse_cutfillFalse_learnpredecoderFalse_learnloraFalse,2,single,10,1,2,0.1922221183776855,0.9683333333333334,0.6440821290016174,0.74,0.7733519673347473,0.78
bs64_lr0.001_distAE_wd0.01_filterlen40_learndecoderFalse_schedulerTrue_windows0_dropout0.0_loralr0.0_preprocessorFalse_preencoderFalse_cutfillFalse_learnpredecoderFalse_learnloraFalse,2,single,11,1,2,0.1043043807148933,0.98,0.7415436506271362,0.75,0.8752417266368866,0.72
bs64_lr0.001_distAE_wd0.01_filterlen40_learndecoderFalse_schedulerTrue_windows0_dropout0.0_loralr0.0_preprocessorFalse_preencoderFalse_cutfillFalse_learnpredecoderFalse_learnloraFalse,2,single,12,1,2,0.0863476619124412,0.9916666666666668,0.7529462575912476,0.78,0.99161559343338,0.64
bs64_lr0.001_distAE_wd0.01_filterlen40_learndecoderFalse_schedulerTrue_windows0_dropout0.0_loralr0.0_preprocessorFalse_preencoderFalse_cutfillFalse_learnpredecoderFalse_learnloraFalse,2,single,13,1,2,0.1024821922183036,0.9883333333333332,0.7133837938308716,0.7,1.0456635355949402,0.74
bs64_lr0.001_distAE_wd0.01_filterlen40_learndecoderFalse_schedulerTrue_windows0_dropout0.0_loralr0.0_preprocessorFalse_preencoderFalse_cutfillFalse_learnpredecoderFalse_learnloraFalse,2,single,14,1,2,0.0491579137742519,0.99,0.8797014951705933,0.71,0.8682741522789001,0.73
bs64_lr0.001_distAE_wd0.01_filterlen40_learndecoderFalse_schedulerTrue_windows0_dropout0.0_loralr0.0_preprocessorFalse_preencoderFalse_cutfillFalse_learnpredecoderFalse_learnloraFalse,2,pooled,10,3,2_7_11,0.6159058213233948,0.9033333333333332,0.5064077377319336,0.83,0.4189048409461975,0.86
bs64_lr0.001_distAE_wd0.01_filterlen40_learndecoderFalse_schedulerTrue_windows0_dropout0.0_loralr0.0_preprocessorFalse_preencoderFalse_cutfillFalse_learnpredecoderFalse_learnloraFalse,2,pooled,11,3,2_7_11,0.4036182761192322,0.8494444444444444,0.5432724952697754,0.84,0.6055526882410049,0.85
bs64_lr0.001_distAE_wd0.01_filterlen40_learndecoderFalse_schedulerTrue_windows0_dropout0.0_loralr0.0_preprocessorFalse_preencoderFalse_cutfillFalse_learnpredecoderFalse_learnloraFalse,2,pooled,12,3,2_7_11,0.4042982161045074,0.925,0.5635506510734558,0.79,0.4409742951393127,0.83
bs64_lr0.001_distAE_wd0.01_filterlen40_learndecoderFalse_schedulerTrue_windows0_dropout0.0_loralr0.0_preprocessorFalse_preencoderFalse_cutfillFalse_learnpredecoderFalse_learnloraFalse,2,pooled,13,3,2_7_11,0.3669580817222595,0.8788888888888889,0.5857918858528137,0.76,0.3933431357145309,0.85
bs64_lr0.001_distAE_wd0.01_filterlen40_learndecoderFalse_schedulerTrue_windows0_dropout0.0_loralr0.0_preprocessorFalse_preencoderFalse_cutfillFalse_learnpredecoderFalse_learnloraFalse,2,pooled,14,3,2_7_11,1.1351559162139893,0.8277777777777777,0.6900637149810791,0.77,0.6100338846445084,0.78
bs64_lr0.001_distAE_wd0.01_filterlen40_learndecoderFalse_schedulerTrue_windows0_dropout0.0_loralr0.0_preprocessorFalse_preencoderFalse_cutfillFalse_learnpredecoderFalse_learnloraFalse,3,single,10,1,3,1.120298147201538,0.6583333333333333,1.452942132949829,0.38,1.51958566904068,0.37
bs64_lr0.001_distAE_wd0.01_filterlen40_learndecoderFalse_schedulerTrue_windows0_dropout0.0_loralr0.0_preprocessorFalse_preencoderFalse_cutfillFalse_learnpredecoderFalse_learnloraFalse,3,single,11,1,3,0.0207850262522697,1.0,1.4152531623840332,0.43,1.396571934223175,0.45
bs64_lr0.001_distAE_wd0.01_filterlen40_learndecoderFalse_schedulerTrue_windows0_dropout0.0_loralr0.0_preprocessorFalse_preencoderFalse_cutfillFalse_learnpredecoderFalse_learnloraFalse,3,single,12,1,3,0.9843536615371704,0.6533333333333333,1.560712814331055,0.32,1.615647792816162,0.32
bs64_lr0.001_distAE_wd0.01_filterlen40_learndecoderFalse_schedulerTrue_windows0_dropout0.0_loralr0.0_preprocessorFalse_preencoderFalse_cutfillFalse_learnpredecoderFalse_learnloraFalse,3,single,13,1,3,0.6082807183265686,0.8566666666666667,1.5461187362670898,0.33,1.4436448216438291,0.36
bs64_lr0.001_distAE_wd0.01_filterlen40_learndecoderFalse_schedulerTrue_windows0_dropout0.0_loralr0.0_preprocessorFalse_preencoderFalse_cutfillFalse_learnpredecoderFalse_learnloraFalse,3,single,14,1,3,1.6814090013504028,0.2033333333333333,1.6093318462371826,0.17,1.6090524792671204,0.22
bs64_lr0.001_distAE_wd0.01_filterlen40_learndecoderFalse_schedulerTrue_windows0_dropout0.0_loralr0.0_preprocessorFalse_preencoderFalse_cutfillFalse_learnpredecoderFalse_learnloraFalse,3,pooled,10,3,3_11_10,1.02921462059021,0.875,1.126651167869568,0.64,1.2291725277900696,0.54
bs64_lr0.001_distAE_wd0.01_filterlen40_learndecoderFalse_schedulerTrue_windows0_dropout0.0_loralr0.0_preprocessorFalse_preencoderFalse_cutfillFalse_learnpredecoderFalse_learnloraFalse,3,pooled,11,3,3_11_10,0.474852442741394,0.8877777777777778,1.2354434728622437,0.51,1.484872579574585,0.43
bs64_lr0.001_distAE_wd0.01_filterlen40_learndecoderFalse_schedulerTrue_windows0_dropout0.0_loralr0.0_preprocessorFalse_preencoderFalse_cutfillFalse_learnpredecoderFalse_learnloraFalse,3,pooled,12,3,3_11_10,0.1810096502304077,0.8383333333333334,1.0535982847213743,0.63,1.105803906917572,0.56
bs64_lr0.001_distAE_wd0.01_filterlen40_learndecoderFalse_schedulerTrue_windows0_dropout0.0_loralr0.0_preprocessorFalse_preencoderFalse_cutfillFalse_learnpredecoderFalse_learnloraFalse,3,pooled,13,3,3_11_10,0.3420322239398956,0.8516666666666667,1.0140693187713623,0.59,1.0973265171051023,0.61
bs64_lr0.001_distAE_wd0.01_filterlen40_learndecoderFalse_schedulerTrue_windows0_dropout0.0_loralr0.0_preprocessorFalse_preencoderFalse_cutfillFalse_learnpredecoderFalse_learnloraFalse,3,pooled,14,3,3_11_10,0.1327585875988006,0.9077777777777778,1.2669358253479004,0.55,1.374926507472992,0.49
bs64_lr0.001_distAE_wd0.01_filterlen40_learndecoderFalse_schedulerTrue_windows0_dropout0.0_loralr0.0_preprocessorFalse_preencoderFalse_cutfillFalse_learnpredecoderFalse_learnloraFalse,4,single,10,1,4,1.6119492053985596,0.2,1.6091508865356443,0.21,1.6101418733596802,0.17
bs64_lr0.001_distAE_wd0.01_filterlen40_learndecoderFalse_schedulerTrue_windows0_dropout0.0_loralr0.0_preprocessorFalse_preencoderFalse_cutfillFalse_learnpredecoderFalse_learnloraFalse,4,single,11,1,4,1.689110279083252,0.175,1.6139700412750244,0.16,1.614410638809204,0.16
bs64_lr0.001_distAE_wd0.01_filterlen40_learndecoderFalse_schedulerTrue_windows0_dropout0.0_loralr0.0_preprocessorFalse_preencoderFalse_cutfillFalse_learnpredecoderFalse_learnloraFalse,4,single,12,1,4,1.6097323894500732,0.1866666666666666,1.6086015701293943,0.24,1.6074019074440002,0.24
bs64_lr0.001_distAE_wd0.01_filterlen40_learndecoderFalse_schedulerTrue_windows0_dropout0.0_loralr0.0_preprocessorFalse_preencoderFalse_cutfillFalse_learnpredecoderFalse_learnloraFalse,4,single,13,1,4,1.4677966833114624,0.44,1.6054459810256958,0.24,1.6479544043540957,0.19
bs64_lr0.001_distAE_wd0.01_filterlen40_learndecoderFalse_schedulerTrue_windows0_dropout0.0_loralr0.0_preprocessorFalse_preencoderFalse_cutfillFalse_learnpredecoderFalse_learnloraFalse,4,single,14,1,4,1.5808002948760986,0.3166666666666666,1.6040250062942505,0.25,1.6156125664711,0.22
bs64_lr0.001_distAE_wd0.01_filterlen40_learndecoderFalse_schedulerTrue_windows0_dropout0.0_loralr0.0_preprocessorFalse_preencoderFalse_cutfillFalse_learnpredecoderFalse_learnloraFalse,4,pooled,10,4,4_5_11_7,1.563780665397644,0.2841666666666667,1.584606647491455,0.25,1.640663504600525,0.2
bs64_lr0.001_distAE_wd0.01_filterlen40_learndecoderFalse_schedulerTrue_windows0_dropout0.0_loralr0.0_preprocessorFalse_preencoderFalse_cutfillFalse_learnpredecoderFalse_learnloraFalse,4,pooled,11,4,4_5_11_7,1.602434754371643,0.2729166666666666,1.6114888191223145,0.21,1.6440035104751587,0.16
bs64_lr0.001_distAE_wd0.01_filterlen40_learndecoderFalse_schedulerTrue_windows0_dropout0.0_loralr0.0_preprocessorFalse_preencoderFalse_cutfillFalse_learnpredecoderFalse_learnloraFalse,4,pooled,12,4,4_5_11_7,1.6312637329101562,0.1675,1.614154577255249,0.18,1.615255892276764,0.21
bs64_lr0.001_distAE_wd0.01_filterlen40_learndecoderFalse_schedulerTrue_windows0_dropout0.0_loralr0.0_preprocessorFalse_preencoderFalse_cutfillFalse_learnpredecoderFalse_learnloraFalse,4,pooled,13,4,4_5_11_7,1.554709792137146,0.25125,1.5799962282180786,0.22,1.628515362739563,0.19
bs64_lr0.001_distAE_wd0.01_filterlen40_learndecoderFalse_schedulerTrue_windows0_dropout0.0_loralr0.0_preprocessorFalse_preencoderFalse_cutfillFalse_learnpredecoderFalse_learnloraFalse,4,pooled,14,4,4_5_11_7,1.6404672861099243,0.2329166666666666,1.5927770137786863,0.19,1.6125940084457395,0.18
bs64_lr0.001_distAE_wd0.01_filterlen40_learndecoderFalse_schedulerTrue_windows0_dropout0.0_loralr0.0_preprocessorFalse_preencoderFalse_cutfillFalse_learnpredecoderFalse_learnloraFalse,5,single,10,1,5,1.530982255935669,0.345,1.6107475757598877,0.25,1.6190243363380432,0.21
bs64_lr0.001_distAE_wd0.01_filterlen40_learndecoderFalse_schedulerTrue_windows0_dropout0.0_loralr0.0_preprocessorFalse_preencoderFalse_cutfillFalse_learnpredecoderFalse_learnloraFalse,5,single,11,1,5,1.5926433801651,0.3283333333333333,1.5980687141418457,0.22,1.6033053994178772,0.23
bs64_lr0.001_distAE_wd0.01_filterlen40_learndecoderFalse_schedulerTrue_windows0_dropout0.0_loralr0.0_preprocessorFalse_preencoderFalse_cutfillFalse_learnpredecoderFalse_learnloraFalse,5,single,12,1,5,1.5942565202713013,0.2016666666666666,1.6090595722198486,0.2,1.6214848160743711,0.2
bs64_lr0.001_distAE_wd0.01_filterlen40_learndecoderFalse_schedulerTrue_windows0_dropout0.0_loralr0.0_preprocessorFalse_preencoderFalse_cutfillFalse_learnpredecoderFalse_learnloraFalse,5,single,13,1,5,1.7130900621414185,0.2,1.6157667636871338,0.23,1.6071840524673462,0.24
bs64_lr0.001_distAE_wd0.01_filterlen40_learndecoderFalse_schedulerTrue_windows0_dropout0.0_loralr0.0_preprocessorFalse_preencoderFalse_cutfillFalse_learnpredecoderFalse_learnloraFalse,5,single,14,1,5,1.6084144115447998,0.1633333333333333,1.608999252319336,0.18,1.60956209897995,0.17
bs64_lr0.001_distAE_wd0.01_filterlen40_learndecoderFalse_schedulerTrue_windows0_dropout0.0_loralr0.0_preprocessorFalse_preencoderFalse_cutfillFalse_learnpredecoderFalse_learnloraFalse,5,pooled,10,8,5_6_10_11_9_3_1_2,1.25218665599823,0.6172916666666667,1.249131441116333,0.5,1.400410771369934,0.44
bs64_lr0.001_distAE_wd0.01_filterlen40_learndecoderFalse_schedulerTrue_windows0_dropout0.0_loralr0.0_preprocessorFalse_preencoderFalse_cutfillFalse_learnpredecoderFalse_learnloraFalse,5,pooled,11,8,5_6_10_11_9_3_1_2,1.3219213485717771,0.4710416666666667,1.3569302558898926,0.46,1.453665912151337,0.45
bs64_lr0.001_distAE_wd0.01_filterlen40_learndecoderFalse_schedulerTrue_windows0_dropout0.0_loralr0.0_preprocessorFalse_preencoderFalse_cutfillFalse_learnpredecoderFalse_learnloraFalse,5,pooled,12,8,5_6_10_11_9_3_1_2,1.315532088279724,0.4710416666666667,1.4041178226470947,0.36,1.476101815700531,0.39
bs64_lr0.001_distAE_wd0.01_filterlen40_learndecoderFalse_schedulerTrue_windows0_dropout0.0_loralr0.0_preprocessorFalse_preencoderFalse_cutfillFalse_learnpredecoderFalse_learnloraFalse,5,pooled,13,8,5_6_10_11_9_3_1_2,0.7451415061950684,0.6575,1.3737006187438965,0.43,1.4821835160255432,0.36
bs64_lr0.001_distAE_wd0.01_filterlen40_learndecoderFalse_schedulerTrue_windows0_dropout0.0_loralr0.0_preprocessorFalse_preencoderFalse_cutfillFalse_learnpredecoderFalse_learnloraFalse,5,pooled,14,8,5_6_10_11_9_3_1_2,0.9387506246566772,0.7310416666666667,1.308487892150879,0.43,1.4177225232124329,0.42
bs64_lr0.001_distAE_wd0.01_filterlen40_learndecoderFalse_schedulerTrue_windows0_dropout0.0_loralr0.0_preprocessorFalse_preencoderFalse_cutfillFalse_learnpredecoderFalse_learnloraFalse,6,single,10,1,6,0.0683318302035331,0.9783333333333334,1.1428568363189695,0.61,1.5997231006622314,0.5
bs64_lr0.001_distAE_wd0.01_filterlen40_learndecoderFalse_schedulerTrue_windows0_dropout0.0_loralr0.0_preprocessorFalse_preencoderFalse_cutfillFalse_learnpredecoderFalse_learnloraFalse,6,single,11,1,6,0.0925613939762115,0.9933333333333332,0.9674749970436096,0.59,1.529150366783142,0.46
bs64_lr0.001_distAE_wd0.01_filterlen40_learndecoderFalse_schedulerTrue_windows0_dropout0.0_loralr0.0_preprocessorFalse_preencoderFalse_cutfillFalse_learnpredecoderFalse_learnloraFalse,6,single,12,1,6,0.0461695939302444,0.9933333333333332,0.9306904077529908,0.63,1.4834522604942322,0.5
bs64_lr0.001_distAE_wd0.01_filterlen40_learndecoderFalse_schedulerTrue_windows0_dropout0.0_loralr0.0_preprocessorFalse_preencoderFalse_cutfillFalse_learnpredecoderFalse_learnloraFalse,6,single,13,1,6,0.0284117683768272,0.9966666666666668,1.0651788711547852,0.56,1.3272327184677124,0.51
bs64_lr0.001_distAE_wd0.01_filterlen40_learndecoderFalse_schedulerTrue_windows0_dropout0.0_loralr0.0_preprocessorFalse_preencoderFalse_cutfillFalse_learnpredecoderFalse_learnloraFalse,6,single,14,1,6,0.0610615648329257,0.995,0.9492102265357972,0.63,1.2317747473716736,0.53
bs64_lr0.001_distAE_wd0.01_filterlen40_learndecoderFalse_schedulerTrue_windows0_dropout0.0_loralr0.0_preprocessorFalse_preencoderFalse_cutfillFalse_learnpredecoderFalse_learnloraFalse,6,pooled,10,3,6_5_4,0.0847902297973632,0.885,0.6807612180709839,0.74,1.1789932250976562,0.57
bs64_lr0.001_distAE_wd0.01_filterlen40_learndecoderFalse_schedulerTrue_windows0_dropout0.0_loralr0.0_preprocessorFalse_preencoderFalse_cutfillFalse_learnpredecoderFalse_learnloraFalse,6,pooled,11,3,6_5_4,0.2816881239414215,0.8394444444444444,0.8793711066246033,0.68,1.1192887425422668,0.58
bs64_lr0.001_distAE_wd0.01_filterlen40_learndecoderFalse_schedulerTrue_windows0_dropout0.0_loralr0.0_preprocessorFalse_preencoderFalse_cutfillFalse_learnpredecoderFalse_learnloraFalse,6,pooled,12,3,6_5_4,1.170061469078064,0.7111111111111111,0.9013426303863524,0.63,1.2225404977798462,0.54
bs64_lr0.001_distAE_wd0.01_filterlen40_learndecoderFalse_schedulerTrue_windows0_dropout0.0_loralr0.0_preprocessorFalse_preencoderFalse_cutfillFalse_learnpredecoderFalse_learnloraFalse,6,pooled,13,3,6_5_4,0.9645422101020812,0.8016666666666666,0.9786784648895264,0.61,1.6295350790023804,0.43
bs64_lr0.001_distAE_wd0.01_filterlen40_learndecoderFalse_schedulerTrue_windows0_dropout0.0_loralr0.0_preprocessorFalse_preencoderFalse_cutfillFalse_learnpredecoderFalse_learnloraFalse,6,pooled,14,3,6_5_4,0.7885538339614868,0.9322222222222222,0.8734363317489624,0.67,1.014455258846283,0.57
bs64_lr0.001_distAE_wd0.01_filterlen40_learndecoderFalse_schedulerTrue_windows0_dropout0.0_loralr0.0_preprocessorFalse_preencoderFalse_cutfillFalse_learnpredecoderFalse_learnloraFalse,7,single,10,1,7,0.627494752407074,0.8366666666666667,1.3690197467803955,0.42,2.028286099433899,0.41
bs64_lr0.001_distAE_wd0.01_filterlen40_learndecoderFalse_schedulerTrue_windows0_dropout0.0_loralr0.0_preprocessorFalse_preencoderFalse_cutfillFalse_learnpredecoderFalse_learnloraFalse,7,single,11,1,7,0.3029777705669403,0.9316666666666666,1.3188053369522097,0.51,1.3053637146949768,0.54
bs64_lr0.001_distAE_wd0.01_filterlen40_learndecoderFalse_schedulerTrue_windows0_dropout0.0_loralr0.0_preprocessorFalse_preencoderFalse_cutfillFalse_learnpredecoderFalse_learnloraFalse,7,single,12,1,7,0.0507991276681423,0.9833333333333332,1.3696284294128418,0.46,1.568250060081482,0.46
bs64_lr0.001_distAE_wd0.01_filterlen40_learndecoderFalse_schedulerTrue_windows0_dropout0.0_loralr0.0_preprocessorFalse_preencoderFalse_cutfillFalse_learnpredecoderFalse_learnloraFalse,7,single,13,1,7,0.0936270952224731,0.9766666666666668,1.3818877935409546,0.36,1.587064564228058,0.43
bs64_lr0.001_distAE_wd0.01_filterlen40_learndecoderFalse_schedulerTrue_windows0_dropout0.0_loralr0.0_preprocessorFalse_preencoderFalse_cutfillFalse_learnpredecoderFalse_learnloraFalse,7,single,14,1,7,0.0572768561542034,0.9933333333333332,1.4013652801513672,0.4,1.5185442566871643,0.46
bs64_lr0.001_distAE_wd0.01_filterlen40_learndecoderFalse_schedulerTrue_windows0_dropout0.0_loralr0.0_preprocessorFalse_preencoderFalse_cutfillFalse_learnpredecoderFalse_learnloraFalse,7,pooled,10,3,7_11_3,0.758998692035675,0.6372222222222222,1.0788885354995728,0.54,1.313889741897583,0.52
bs64_lr0.001_distAE_wd0.01_filterlen40_learndecoderFalse_schedulerTrue_windows0_dropout0.0_loralr0.0_preprocessorFalse_preencoderFalse_cutfillFalse_learnpredecoderFalse_learnloraFalse,7,pooled,11,3,7_11_3,0.4938715100288391,0.665,1.1501847505569458,0.6,1.287049949169159,0.54
bs64_lr0.001_distAE_wd0.01_filterlen40_learndecoderFalse_schedulerTrue_windows0_dropout0.0_loralr0.0_preprocessorFalse_preencoderFalse_cutfillFalse_learnpredecoderFalse_learnloraFalse,7,pooled,12,3,7_11_3,0.6106190085411072,0.9127777777777778,1.2437766790390017,0.49,1.455171823501587,0.56
bs64_lr0.001_distAE_wd0.01_filterlen40_learndecoderFalse_schedulerTrue_windows0_dropout0.0_loralr0.0_preprocessorFalse_preencoderFalse_cutfillFalse_learnpredecoderFalse_learnloraFalse,7,pooled,13,3,7_11_3,1.164395093917847,0.6116666666666667,1.179269552230835,0.54,1.511060655117035,0.49
bs64_lr0.001_distAE_wd0.01_filterlen40_learndecoderFalse_schedulerTrue_windows0_dropout0.0_loralr0.0_preprocessorFalse_preencoderFalse_cutfillFalse_learnpredecoderFalse_learnloraFalse,7,pooled,14,3,7_11_3,0.6816785335540771,0.6533333333333333,1.0915179252624512,0.52,1.3407157063484192,0.47
bs64_lr0.001_distAE_wd0.01_filterlen40_learndecoderFalse_schedulerTrue_windows0_dropout0.0_loralr0.0_preprocessorFalse_preencoderFalse_cutfillFalse_learnpredecoderFalse_learnloraFalse,8,single,10,1,8,1.6458908319473269,0.24,1.607755422592163,0.24,1.6119219660758972,0.24
bs64_lr0.001_distAE_wd0.01_filterlen40_learndecoderFalse_schedulerTrue_windows0_dropout0.0_loralr0.0_preprocessorFalse_preencoderFalse_cutfillFalse_learnpredecoderFalse_learnloraFalse,8,single,11,1,8,1.442583441734314,0.35,1.600988507270813,0.26,1.6037527918815613,0.2
bs64_lr0.001_distAE_wd0.01_filterlen40_learndecoderFalse_schedulerTrue_windows0_dropout0.0_loralr0.0_preprocessorFalse_preencoderFalse_cutfillFalse_learnpredecoderFalse_learnloraFalse,8,single,12,1,8,1.68419349193573,0.1916666666666666,1.6084598302841189,0.24,1.608376383781433,0.24
bs64_lr0.001_distAE_wd0.01_filterlen40_learndecoderFalse_schedulerTrue_windows0_dropout0.0_loralr0.0_preprocessorFalse_preencoderFalse_cutfillFalse_learnpredecoderFalse_learnloraFalse,8,single,13,1,8,1.6599200963974,0.1616666666666666,1.6107306480407717,0.19,1.611202359199524,0.23
bs64_lr0.001_distAE_wd0.01_filterlen40_learndecoderFalse_schedulerTrue_windows0_dropout0.0_loralr0.0_preprocessorFalse_preencoderFalse_cutfillFalse_learnpredecoderFalse_learnloraFalse,8,single,14,1,8,1.6552958488464355,0.24,1.6103432178497314,0.16,1.6113633513450625,0.17
bs64_lr0.001_distAE_wd0.01_filterlen40_learndecoderFalse_schedulerTrue_windows0_dropout0.0_loralr0.0_preprocessorFalse_preencoderFalse_cutfillFalse_learnpredecoderFalse_learnloraFalse,8,pooled,10,7,8_11_10_5_3_4_9,1.3718340396881104,0.4323809523809523,1.565897822380066,0.27,1.6216022372245789,0.3
bs64_lr0.001_distAE_wd0.01_filterlen40_learndecoderFalse_schedulerTrue_windows0_dropout0.0_loralr0.0_preprocessorFalse_preencoderFalse_cutfillFalse_learnpredecoderFalse_learnloraFalse,8,pooled,11,7,8_11_10_5_3_4_9,1.555690050125122,0.2926190476190476,1.5972349643707275,0.22,1.679152488708496,0.26
bs64_lr0.001_distAE_wd0.01_filterlen40_learndecoderFalse_schedulerTrue_windows0_dropout0.0_loralr0.0_preprocessorFalse_preencoderFalse_cutfillFalse_learnpredecoderFalse_learnloraFalse,8,pooled,12,7,8_11_10_5_3_4_9,1.0913431644439695,0.5876190476190476,1.5515272617340088,0.32,1.6214573979377749,0.23
bs64_lr0.001_distAE_wd0.01_filterlen40_learndecoderFalse_schedulerTrue_windows0_dropout0.0_loralr0.0_preprocessorFalse_preencoderFalse_cutfillFalse_learnpredecoderFalse_learnloraFalse,8,pooled,13,7,8_11_10_5_3_4_9,1.5105851888656616,0.4009523809523809,1.5626600980758667,0.29,1.6315168738365171,0.25
bs64_lr0.001_distAE_wd0.01_filterlen40_learndecoderFalse_schedulerTrue_windows0_dropout0.0_loralr0.0_preprocessorFalse_preencoderFalse_cutfillFalse_learnpredecoderFalse_learnloraFalse,8,pooled,14,7,8_11_10_5_3_4_9,1.1758698225021362,0.4892857142857142,1.5559499263763428,0.29,1.6133715510368347,0.2
bs64_lr0.001_distAE_wd0.01_filterlen40_learndecoderFalse_schedulerTrue_windows0_dropout0.0_loralr0.0_preprocessorFalse_preencoderFalse_cutfillFalse_learnpredecoderFalse_learnloraFalse,9,single,10,1,9,0.0507617741823196,0.9833333333333332,0.3601655960083008,0.87,0.908084899187088,0.65
bs64_lr0.001_distAE_wd0.01_filterlen40_learndecoderFalse_schedulerTrue_windows0_dropout0.0_loralr0.0_preprocessorFalse_preencoderFalse_cutfillFalse_learnpredecoderFalse_learnloraFalse,9,single,11,1,9,0.0963506028056144,0.9883333333333332,0.3286280035972595,0.89,0.7827832996845245,0.68
bs64_lr0.001_distAE_wd0.01_filterlen40_learndecoderFalse_schedulerTrue_windows0_dropout0.0_loralr0.0_preprocessorFalse_preencoderFalse_cutfillFalse_learnpredecoderFalse_learnloraFalse,9,single,12,1,9,0.0439285635948181,0.995,0.3377168476581573,0.85,0.916060745716095,0.68
bs64_lr0.001_distAE_wd0.01_filterlen40_learndecoderFalse_schedulerTrue_windows0_dropout0.0_loralr0.0_preprocessorFalse_preencoderFalse_cutfillFalse_learnpredecoderFalse_learnloraFalse,9,single,13,1,9,0.0404130592942237,0.9933333333333332,0.3373346328735351,0.85,1.0999088883399963,0.64
bs64_lr0.001_distAE_wd0.01_filterlen40_learndecoderFalse_schedulerTrue_windows0_dropout0.0_loralr0.0_preprocessorFalse_preencoderFalse_cutfillFalse_learnpredecoderFalse_learnloraFalse,9,single,14,1,9,0.0345762856304645,0.9916666666666668,0.3256942927837372,0.85,0.8203672170639038,0.71
bs64_lr0.001_distAE_wd0.01_filterlen40_learndecoderFalse_schedulerTrue_windows0_dropout0.0_loralr0.0_preprocessorFalse_preencoderFalse_cutfillFalse_learnpredecoderFalse_learnloraFalse,9,pooled,10,4,9_5_10_11,0.8285958170890808,0.7395833333333334,0.2137115001678466,0.92,0.8255049884319305,0.73
bs64_lr0.001_distAE_wd0.01_filterlen40_learndecoderFalse_schedulerTrue_windows0_dropout0.0_loralr0.0_preprocessorFalse_preencoderFalse_cutfillFalse_learnpredecoderFalse_learnloraFalse,9,pooled,11,4,9_5_10_11,0.6426069140434265,0.765,0.2907289564609527,0.9,0.6979792714118958,0.75
bs64_lr0.001_distAE_wd0.01_filterlen40_learndecoderFalse_schedulerTrue_windows0_dropout0.0_loralr0.0_preprocessorFalse_preencoderFalse_cutfillFalse_learnpredecoderFalse_learnloraFalse,9,pooled,12,4,9_5_10_11,0.8298667073249817,0.6391666666666667,0.3230133652687073,0.91,0.690597265958786,0.71
bs64_lr0.001_distAE_wd0.01_filterlen40_learndecoderFalse_schedulerTrue_windows0_dropout0.0_loralr0.0_preprocessorFalse_preencoderFalse_cutfillFalse_learnpredecoderFalse_learnloraFalse,9,pooled,13,4,9_5_10_11,0.4570408165454864,0.8779166666666667,0.3229158520698547,0.91,0.9816476702690125,0.62
bs64_lr0.001_distAE_wd0.01_filterlen40_learndecoderFalse_schedulerTrue_windows0_dropout0.0_loralr0.0_preprocessorFalse_preencoderFalse_cutfillFalse_learnpredecoderFalse_learnloraFalse,9,pooled,14,4,9_5_10_11,0.3093092143535614,0.9433333333333334,0.3232766985893249,0.85,0.6710053384304047,0.7
bs64_lr0.001_distAE_wd0.01_filterlen40_learndecoderFalse_schedulerTrue_windows0_dropout0.0_loralr0.0_preprocessorFalse_preencoderFalse_cutfillFalse_learnpredecoderFalse_learnloraFalse,10,single,10,1,10,0.0568899028003215,0.9933333333333332,1.399672031402588,0.45,1.530189335346222,0.45
bs64_lr0.001_distAE_wd0.01_filterlen40_learndecoderFalse_schedulerTrue_windows0_dropout0.0_loralr0.0_preprocessorFalse_preencoderFalse_cutfillFalse_learnpredecoderFalse_learnloraFalse,10,single,11,1,10,0.5795425176620483,0.8783333333333333,1.3853349685668943,0.43,1.3536208868026731,0.45
bs64_lr0.001_distAE_wd0.01_filterlen40_learndecoderFalse_schedulerTrue_windows0_dropout0.0_loralr0.0_preprocessorFalse_preencoderFalse_cutfillFalse_learnpredecoderFalse_learnloraFalse,10,single,12,1,10,0.8746105432510376,0.745,1.30597984790802,0.5,1.3076589107513428,0.4
bs64_lr0.001_distAE_wd0.01_filterlen40_learndecoderFalse_schedulerTrue_windows0_dropout0.0_loralr0.0_preprocessorFalse_preencoderFalse_cutfillFalse_learnpredecoderFalse_learnloraFalse,10,single,13,1,10,0.077086791396141,0.98,1.5091912746429443,0.39,1.663513958454132,0.29
bs64_lr0.001_distAE_wd0.01_filterlen40_learndecoderFalse_schedulerTrue_windows0_dropout0.0_loralr0.0_preprocessorFalse_preencoderFalse_cutfillFalse_learnpredecoderFalse_learnloraFalse,10,single,14,1,10,0.0165660101920366,1.0,1.4857128858566284,0.43,1.5810521245002749,0.38
bs64_lr0.001_distAE_wd0.01_filterlen40_learndecoderFalse_schedulerTrue_windows0_dropout0.0_loralr0.0_preprocessorFalse_preencoderFalse_cutfillFalse_learnpredecoderFalse_learnloraFalse,10,pooled,10,4,10_5_11_6,0.5591764450073242,0.81,1.0318214893341064,0.64,0.9999516606330872,0.63
bs64_lr0.001_distAE_wd0.01_filterlen40_learndecoderFalse_schedulerTrue_windows0_dropout0.0_loralr0.0_preprocessorFalse_preencoderFalse_cutfillFalse_learnpredecoderFalse_learnloraFalse,10,pooled,11,4,10_5_11_6,0.2232488840818405,0.9145833333333332,1.2809163331985474,0.5,1.2137457728385923,0.54
bs64_lr0.001_distAE_wd0.01_filterlen40_learndecoderFalse_schedulerTrue_windows0_dropout0.0_loralr0.0_preprocessorFalse_preencoderFalse_cutfillFalse_learnpredecoderFalse_learnloraFalse,10,pooled,12,4,10_5_11_6,0.5932059288024902,0.8570833333333333,1.2154701948165894,0.52,1.2664220333099363,0.52
bs64_lr0.001_distAE_wd0.01_filterlen40_learndecoderFalse_schedulerTrue_windows0_dropout0.0_loralr0.0_preprocessorFalse_preencoderFalse_cutfillFalse_learnpredecoderFalse_learnloraFalse,10,pooled,13,4,10_5_11_6,0.4447372853755951,0.8666666666666667,1.1109315156936646,0.62,1.015251785516739,0.59
bs64_lr0.001_distAE_wd0.01_filterlen40_learndecoderFalse_schedulerTrue_windows0_dropout0.0_loralr0.0_preprocessorFalse_preencoderFalse_cutfillFalse_learnpredecoderFalse_learnloraFalse,10,pooled,14,4,10_5_11_6,0.5990372896194458,0.8016666666666666,1.0080595016479492,0.63,1.1489105820655825,0.57
bs64_lr0.001_distAE_wd0.01_filterlen40_learndecoderFalse_schedulerTrue_windows0_dropout0.0_loralr0.0_preprocessorFalse_preencoderFalse_cutfillFalse_learnpredecoderFalse_learnloraFalse,11,single,10,1,11,0.0289277788251638,0.9983333333333332,0.9976094961166382,0.61,0.8120558857917786,0.68
bs64_lr0.001_distAE_wd0.01_filterlen40_learndecoderFalse_schedulerTrue_windows0_dropout0.0_loralr0.0_preprocessorFalse_preencoderFalse_cutfillFalse_learnpredecoderFalse_learnloraFalse,11,single,11,1,11,0.0753191262483596,0.9966666666666668,0.7890126705169678,0.69,0.7679383456707001,0.68
bs64_lr0.001_distAE_wd0.01_filterlen40_learndecoderFalse_schedulerTrue_windows0_dropout0.0_loralr0.0_preprocessorFalse_preencoderFalse_cutfillFalse_learnpredecoderFalse_learnloraFalse,11,single,12,1,11,0.0371724367141723,0.9966666666666668,0.9423407316207886,0.65,0.9245631992816924,0.64
bs64_lr0.001_distAE_wd0.01_filterlen40_learndecoderFalse_schedulerTrue_windows0_dropout0.0_loralr0.0_preprocessorFalse_preencoderFalse_cutfillFalse_learnpredecoderFalse_learnloraFalse,11,single,13,1,11,0.0668918192386627,0.9833333333333332,1.022576928138733,0.61,0.7721193432807922,0.77
bs64_lr0.001_distAE_wd0.01_filterlen40_learndecoderFalse_schedulerTrue_windows0_dropout0.0_loralr0.0_preprocessorFalse_preencoderFalse_cutfillFalse_learnpredecoderFalse_learnloraFalse,11,single,14,1,11,0.0982222333550453,0.98,1.108683943748474,0.57,0.8157608509063721,0.65
bs64_lr0.001_distAE_wd0.01_filterlen40_learndecoderFalse_schedulerTrue_windows0_dropout0.0_loralr0.0_preprocessorFalse_preencoderFalse_cutfillFalse_learnpredecoderFalse_learnloraFalse,11,pooled,10,7,11_5_4_6_7_9_2,0.8372650742530823,0.6269047619047619,0.5397359728813171,0.85,0.5123977661132812,0.83
bs64_lr0.001_distAE_wd0.01_filterlen40_learndecoderFalse_schedulerTrue_windows0_dropout0.0_loralr0.0_preprocessorFalse_preencoderFalse_cutfillFalse_learnpredecoderFalse_learnloraFalse,11,pooled,11,7,11_5_4_6_7_9_2,0.5996419787406921,0.8211904761904761,0.4735754132270813,0.79,0.479617714881897,0.79
bs64_lr0.001_distAE_wd0.01_filterlen40_learndecoderFalse_schedulerTrue_windows0_dropout0.0_loralr0.0_preprocessorFalse_preencoderFalse_cutfillFalse_learnpredecoderFalse_learnloraFalse,11,pooled,12,7,11_5_4_6_7_9_2,0.478035032749176,0.8573809523809524,0.5007524490356445,0.83,0.4260466247797012,0.83
bs64_lr0.001_distAE_wd0.01_filterlen40_learndecoderFalse_schedulerTrue_windows0_dropout0.0_loralr0.0_preprocessorFalse_preencoderFalse_cutfillFalse_learnpredecoderFalse_learnloraFalse,11,pooled,13,7,11_5_4_6_7_9_2,0.6600114107131958,0.7702380952380953,0.5797187089920044,0.77,0.4330221712589264,0.84
bs64_lr0.001_distAE_wd0.01_filterlen40_learndecoderFalse_schedulerTrue_windows0_dropout0.0_loralr0.0_preprocessorFalse_preencoderFalse_cutfillFalse_learnpredecoderFalse_learnloraFalse,11,pooled,14,7,11_5_4_6_7_9_2,0.4753576815128326,0.7757142857142857,0.5151488184928894,0.8,0.4753759950399399,0.83
bs64_lr0.001_distAE_wd0.001_filterlen40_learndecoderFalse_schedulerTrue_windows0_dropout0.0_loralr0.0_preprocessorFalse_preencoderFalse_cutfillFalse_learnpredecoderFalse_learnloraFalse,1,single,10,1,1,0.5854673981666565,0.8333333333333334,1.1476558446884155,0.58,1.5794657468795776,0.61
bs64_lr0.001_distAE_wd0.001_filterlen40_learndecoderFalse_schedulerTrue_windows0_dropout0.0_loralr0.0_preprocessorFalse_preencoderFalse_cutfillFalse_learnpredecoderFalse_learnloraFalse,1,single,11,1,1,1.0761843919754028,0.5666666666666667,1.2465503215789795,0.52,1.13448166847229,0.57
bs64_lr0.001_distAE_wd0.001_filterlen40_learndecoderFalse_schedulerTrue_windows0_dropout0.0_loralr0.0_preprocessorFalse_preencoderFalse_cutfillFalse_learnpredecoderFalse_learnloraFalse,1,single,12,1,1,0.0698261559009552,0.9933333333333332,1.1710729598999023,0.57,1.0128304362297058,0.66
bs64_lr0.001_distAE_wd0.001_filterlen40_learndecoderFalse_schedulerTrue_windows0_dropout0.0_loralr0.0_preprocessorFalse_preencoderFalse_cutfillFalse_learnpredecoderFalse_learnloraFalse,1,single,13,1,1,0.046255949884653,0.9983333333333332,1.0594767332077026,0.59,1.20492023229599,0.63
bs64_lr0.001_distAE_wd0.001_filterlen40_learndecoderFalse_schedulerTrue_windows0_dropout0.0_loralr0.0_preprocessorFalse_preencoderFalse_cutfillFalse_learnpredecoderFalse_learnloraFalse,1,single,14,1,1,0.0738678947091102,0.99,1.1805814504623413,0.58,0.946142703294754,0.65
bs64_lr0.001_distAE_wd0.001_filterlen40_learndecoderFalse_schedulerTrue_windows0_dropout0.0_loralr0.0_preprocessorFalse_preencoderFalse_cutfillFalse_learnpredecoderFalse_learnloraFalse,1,pooled,10,3,1_4_7,0.8941851854324341,0.8722222222222222,0.8885006904602051,0.7,0.7432726323604584,0.7
bs64_lr0.001_distAE_wd0.001_filterlen40_learndecoderFalse_schedulerTrue_windows0_dropout0.0_loralr0.0_preprocessorFalse_preencoderFalse_cutfillFalse_learnpredecoderFalse_learnloraFalse,1,pooled,11,3,1_4_7,0.99704772233963,0.9316666666666666,0.9742143154144288,0.66,0.8536279797554016,0.69
bs64_lr0.001_distAE_wd0.001_filterlen40_learndecoderFalse_schedulerTrue_windows0_dropout0.0_loralr0.0_preprocessorFalse_preencoderFalse_cutfillFalse_learnpredecoderFalse_learnloraFalse,1,pooled,12,3,1_4_7,0.2062587589025497,0.93,0.9688138365745544,0.68,0.867353767156601,0.66
bs64_lr0.001_distAE_wd0.001_filterlen40_learndecoderFalse_schedulerTrue_windows0_dropout0.0_loralr0.0_preprocessorFalse_preencoderFalse_cutfillFalse_learnpredecoderFalse_learnloraFalse,1,pooled,13,3,1_4_7,0.9577375054359436,0.7122222222222222,0.8255081176757812,0.69,0.8708271384239197,0.68
bs64_lr0.001_distAE_wd0.001_filterlen40_learndecoderFalse_schedulerTrue_windows0_dropout0.0_loralr0.0_preprocessorFalse_preencoderFalse_cutfillFalse_learnpredecoderFalse_learnloraFalse,1,pooled,14,3,1_4_7,0.5058947801589966,0.6888888888888889,0.981494665145874,0.63,1.0272193551063538,0.61
bs64_lr0.001_distAE_wd0.001_filterlen40_learndecoderFalse_schedulerTrue_windows0_dropout0.0_loralr0.0_preprocessorFalse_preencoderFalse_cutfillFalse_learnpredecoderFalse_learnloraFalse,2,single,10,1,2,0.1367540955543518,0.9633333333333334,0.865206241607666,0.71,0.9784863889217376,0.66
bs64_lr0.001_distAE_wd0.001_filterlen40_learndecoderFalse_schedulerTrue_windows0_dropout0.0_loralr0.0_preprocessorFalse_preencoderFalse_cutfillFalse_learnpredecoderFalse_learnloraFalse,2,single,11,1,2,0.0414492487907409,0.9966666666666668,0.685310959815979,0.79,0.7965921759605408,0.77
bs64_lr0.001_distAE_wd0.001_filterlen40_learndecoderFalse_schedulerTrue_windows0_dropout0.0_loralr0.0_preprocessorFalse_preencoderFalse_cutfillFalse_learnpredecoderFalse_learnloraFalse,2,single,12,1,2,0.0943053066730499,0.9883333333333332,0.6556268930435181,0.78,0.8593293130397797,0.76
bs64_lr0.001_distAE_wd0.001_filterlen40_learndecoderFalse_schedulerTrue_windows0_dropout0.0_loralr0.0_preprocessorFalse_preencoderFalse_cutfillFalse_learnpredecoderFalse_learnloraFalse,2,single,13,1,2,0.0569998733699321,0.98,0.8528960347175598,0.75,0.7601645588874817,0.76
bs64_lr0.001_distAE_wd0.001_filterlen40_learndecoderFalse_schedulerTrue_windows0_dropout0.0_loralr0.0_preprocessorFalse_preencoderFalse_cutfillFalse_learnpredecoderFalse_learnloraFalse,2,single,14,1,2,0.0546086691319942,0.9883333333333332,0.8569899797439575,0.75,0.9974089562892914,0.77
bs64_lr0.001_distAE_wd0.001_filterlen40_learndecoderFalse_schedulerTrue_windows0_dropout0.0_loralr0.0_preprocessorFalse_preencoderFalse_cutfillFalse_learnpredecoderFalse_learnloraFalse,2,pooled,10,3,2_1_7,0.2697467803955078,0.9155555555555556,0.6501274704933167,0.79,0.6384385228157043,0.8
bs64_lr0.001_distAE_wd0.001_filterlen40_learndecoderFalse_schedulerTrue_windows0_dropout0.0_loralr0.0_preprocessorFalse_preencoderFalse_cutfillFalse_learnpredecoderFalse_learnloraFalse,2,pooled,11,3,2_1_7,1.6035277843475342,0.9222222222222224,0.8025969862937927,0.72,0.8897977769374847,0.71
bs64_lr0.001_distAE_wd0.001_filterlen40_learndecoderFalse_schedulerTrue_windows0_dropout0.0_loralr0.0_preprocessorFalse_preencoderFalse_cutfillFalse_learnpredecoderFalse_learnloraFalse,2,pooled,12,3,2_1_7,0.4327216148376465,0.9488888888888888,0.6992740631103516,0.76,0.6278845369815826,0.76
bs64_lr0.001_distAE_wd0.001_filterlen40_learndecoderFalse_schedulerTrue_windows0_dropout0.0_loralr0.0_preprocessorFalse_preencoderFalse_cutfillFalse_learnpredecoderFalse_learnloraFalse,2,pooled,13,3,2_1_7,0.0844560414552688,0.9566666666666668,0.732767641544342,0.7,0.7007933557033539,0.77
bs64_lr0.001_distAE_wd0.001_filterlen40_learndecoderFalse_schedulerTrue_windows0_dropout0.0_loralr0.0_preprocessorFalse_preencoderFalse_cutfillFalse_learnpredecoderFalse_learnloraFalse,2,pooled,14,3,2_1_7,0.1790597140789032,0.9355555555555556,0.6618107557296753,0.74,0.909240573644638,0.81
bs64_lr0.001_distAE_wd0.001_filterlen40_learndecoderFalse_schedulerTrue_windows0_dropout0.0_loralr0.0_preprocessorFalse_preencoderFalse_cutfillFalse_learnpredecoderFalse_learnloraFalse,3,single,10,1,3,1.5926750898361206,0.2366666666666666,1.6048188209533691,0.25,1.6071166396141052,0.22
bs64_lr0.001_distAE_wd0.001_filterlen40_learndecoderFalse_schedulerTrue_windows0_dropout0.0_loralr0.0_preprocessorFalse_preencoderFalse_cutfillFalse_learnpredecoderFalse_learnloraFalse,3,single,11,1,3,1.3246241807937622,0.515,1.5833865404129028,0.3,1.602746844291687,0.24
bs64_lr0.001_distAE_wd0.001_filterlen40_learndecoderFalse_schedulerTrue_windows0_dropout0.0_loralr0.0_preprocessorFalse_preencoderFalse_cutfillFalse_learnpredecoderFalse_learnloraFalse,3,single,12,1,3,1.0850762128829956,0.5883333333333334,1.5276474952697754,0.35,1.5238465070724487,0.32
bs64_lr0.001_distAE_wd0.001_filterlen40_learndecoderFalse_schedulerTrue_windows0_dropout0.0_loralr0.0_preprocessorFalse_preencoderFalse_cutfillFalse_learnpredecoderFalse_learnloraFalse,3,single,13,1,3,1.6151989698410034,0.22,1.61172354221344,0.2,1.612585365772247,0.2
bs64_lr0.001_distAE_wd0.001_filterlen40_learndecoderFalse_schedulerTrue_windows0_dropout0.0_loralr0.0_preprocessorFalse_preencoderFalse_cutfillFalse_learnpredecoderFalse_learnloraFalse,3,single,14,1,3,1.443264365196228,0.3233333333333333,1.6056866645812988,0.24,1.6042869687080383,0.25
bs64_lr0.001_distAE_wd0.001_filterlen40_learndecoderFalse_schedulerTrue_windows0_dropout0.0_loralr0.0_preprocessorFalse_preencoderFalse_cutfillFalse_learnpredecoderFalse_learnloraFalse,3,pooled,10,3,3_11_10,0.4908290803432464,0.9544444444444444,1.2703442573547363,0.53,1.5321515798568726,0.51
bs64_lr0.001_distAE_wd0.001_filterlen40_learndecoderFalse_schedulerTrue_windows0_dropout0.0_loralr0.0_preprocessorFalse_preencoderFalse_cutfillFalse_learnpredecoderFalse_learnloraFalse,3,pooled,11,3,3_11_10,0.1676530092954635,0.9327777777777778,1.2523502111434937,0.52,1.3663519620895386,0.56
bs64_lr0.001_distAE_wd0.001_filterlen40_learndecoderFalse_schedulerTrue_windows0_dropout0.0_loralr0.0_preprocessorFalse_preencoderFalse_cutfillFalse_learnpredecoderFalse_learnloraFalse,3,pooled,12,3,3_11_10,0.9734113812446594,0.665,1.3222944736480713,0.45,1.4454699754714966,0.37
bs64_lr0.001_distAE_wd0.001_filterlen40_learndecoderFalse_schedulerTrue_windows0_dropout0.0_loralr0.0_preprocessorFalse_preencoderFalse_cutfillFalse_learnpredecoderFalse_learnloraFalse,3,pooled,13,3,3_11_10,0.3206305801868438,0.8811111111111111,1.2082369327545166,0.57,1.414414882659912,0.53
bs64_lr0.001_distAE_wd0.001_filterlen40_learndecoderFalse_schedulerTrue_windows0_dropout0.0_loralr0.0_preprocessorFalse_preencoderFalse_cutfillFalse_learnpredecoderFalse_learnloraFalse,3,pooled,14,3,3_11_10,0.6185964941978455,0.9488888888888888,1.3213496208190918,0.49,1.459585964679718,0.49
bs64_lr0.001_distAE_wd0.001_filterlen40_learndecoderFalse_schedulerTrue_windows0_dropout0.0_loralr0.0_preprocessorFalse_preencoderFalse_cutfillFalse_learnpredecoderFalse_learnloraFalse,4,single,10,1,4,1.537385106086731,0.22,1.6046878099441528,0.19,1.6140931844711304,0.2
bs64_lr0.001_distAE_wd0.001_filterlen40_learndecoderFalse_schedulerTrue_windows0_dropout0.0_loralr0.0_preprocessorFalse_preencoderFalse_cutfillFalse_learnpredecoderFalse_learnloraFalse,4,single,11,1,4,1.6015502214431765,0.235,1.6048827171325684,0.19,1.6103734970092771,0.21
bs64_lr0.001_distAE_wd0.001_filterlen40_learndecoderFalse_schedulerTrue_windows0_dropout0.0_loralr0.0_preprocessorFalse_preencoderFalse_cutfillFalse_learnpredecoderFalse_learnloraFalse,4,single,12,1,4,1.5686405897140503,0.2333333333333333,1.606384515762329,0.19,1.6123074889183044,0.15
bs64_lr0.001_distAE_wd0.001_filterlen40_learndecoderFalse_schedulerTrue_windows0_dropout0.0_loralr0.0_preprocessorFalse_preencoderFalse_cutfillFalse_learnpredecoderFalse_learnloraFalse,4,single,13,1,4,1.5492167472839355,0.17,1.6091902256011963,0.21,1.6132416725158691,0.23
bs64_lr0.001_distAE_wd0.001_filterlen40_learndecoderFalse_schedulerTrue_windows0_dropout0.0_loralr0.0_preprocessorFalse_preencoderFalse_cutfillFalse_learnpredecoderFalse_learnloraFalse,4,single,14,1,4,1.634605050086975,0.1916666666666666,1.607713222503662,0.24,1.609376311302185,0.24
bs64_lr0.001_distAE_wd0.001_filterlen40_learndecoderFalse_schedulerTrue_windows0_dropout0.0_loralr0.0_preprocessorFalse_preencoderFalse_cutfillFalse_learnpredecoderFalse_learnloraFalse,4,pooled,10,1,4,1.537385106086731,0.22,1.6046878099441528,0.19,1.6140931844711304,0.2
bs64_lr0.001_distAE_wd0.001_filterlen40_learndecoderFalse_schedulerTrue_windows0_dropout0.0_loralr0.0_preprocessorFalse_preencoderFalse_cutfillFalse_learnpredecoderFalse_learnloraFalse,4,pooled,11,1,4,1.6015502214431765,0.235,1.6048827171325684,0.19,1.6103734970092771,0.21
bs64_lr0.001_distAE_wd0.001_filterlen40_learndecoderFalse_schedulerTrue_windows0_dropout0.0_loralr0.0_preprocessorFalse_preencoderFalse_cutfillFalse_learnpredecoderFalse_learnloraFalse,4,pooled,12,1,4,1.5686405897140503,0.2333333333333333,1.606384515762329,0.19,1.6123074889183044,0.15
bs64_lr0.001_distAE_wd0.001_filterlen40_learndecoderFalse_schedulerTrue_windows0_dropout0.0_loralr0.0_preprocessorFalse_preencoderFalse_cutfillFalse_learnpredecoderFalse_learnloraFalse,4,pooled,13,1,4,1.5492167472839355,0.17,1.6091902256011963,0.21,1.6132416725158691,0.23
bs64_lr0.001_distAE_wd0.001_filterlen40_learndecoderFalse_schedulerTrue_windows0_dropout0.0_loralr0.0_preprocessorFalse_preencoderFalse_cutfillFalse_learnpredecoderFalse_learnloraFalse,4,pooled,14,1,4,1.634605050086975,0.1916666666666666,1.607713222503662,0.24,1.609376311302185,0.24
bs64_lr0.001_distAE_wd0.001_filterlen40_learndecoderFalse_schedulerTrue_windows0_dropout0.0_loralr0.0_preprocessorFalse_preencoderFalse_cutfillFalse_learnpredecoderFalse_learnloraFalse,5,single,10,1,5,1.5468112230300903,0.2033333333333333,1.6112287044525146,0.18,1.617981255054474,0.17
bs64_lr0.001_distAE_wd0.001_filterlen40_learndecoderFalse_schedulerTrue_windows0_dropout0.0_loralr0.0_preprocessorFalse_preencoderFalse_cutfillFalse_learnpredecoderFalse_learnloraFalse,5,single,11,1,5,1.4953975677490234,0.245,1.5910305976867676,0.16,1.6103532314300537,0.2
bs64_lr0.001_distAE_wd0.001_filterlen40_learndecoderFalse_schedulerTrue_windows0_dropout0.0_loralr0.0_preprocessorFalse_preencoderFalse_cutfillFalse_learnpredecoderFalse_learnloraFalse,5,single,12,1,5,1.578518629074097,0.3083333333333333,1.5985386371612549,0.22,1.60378235578537,0.21
bs64_lr0.001_distAE_wd0.001_filterlen40_learndecoderFalse_schedulerTrue_windows0_dropout0.0_loralr0.0_preprocessorFalse_preencoderFalse_cutfillFalse_learnpredecoderFalse_learnloraFalse,5,single,13,1,5,1.654760479927063,0.1933333333333333,1.612138748168945,0.16,1.6140006184577942,0.16
bs64_lr0.001_distAE_wd0.001_filterlen40_learndecoderFalse_schedulerTrue_windows0_dropout0.0_loralr0.0_preprocessorFalse_preencoderFalse_cutfillFalse_learnpredecoderFalse_learnloraFalse,5,single,14,1,5,1.6295393705368042,0.205,1.606074571609497,0.18,1.6106024384498596,0.21
bs64_lr0.001_distAE_wd0.001_filterlen40_learndecoderFalse_schedulerTrue_windows0_dropout0.0_loralr0.0_preprocessorFalse_preencoderFalse_cutfillFalse_learnpredecoderFalse_learnloraFalse,5,pooled,10,3,5_6_10,0.761345386505127,0.6211111111111111,1.495182991027832,0.35,1.8560523986816408,0.26
bs64_lr0.001_distAE_wd0.001_filterlen40_learndecoderFalse_schedulerTrue_windows0_dropout0.0_loralr0.0_preprocessorFalse_preencoderFalse_cutfillFalse_learnpredecoderFalse_learnloraFalse,5,pooled,11,3,5_6_10,1.4559884071350098,0.2455555555555555,1.6024882793426514,0.21,1.6213179230690002,0.22
bs64_lr0.001_distAE_wd0.001_filterlen40_learndecoderFalse_schedulerTrue_windows0_dropout0.0_loralr0.0_preprocessorFalse_preencoderFalse_cutfillFalse_learnpredecoderFalse_learnloraFalse,5,pooled,12,3,5_6_10,1.6925455331802368,0.2105555555555555,1.6038408279418943,0.2,1.6110773086547852,0.25
bs64_lr0.001_distAE_wd0.001_filterlen40_learndecoderFalse_schedulerTrue_windows0_dropout0.0_loralr0.0_preprocessorFalse_preencoderFalse_cutfillFalse_learnpredecoderFalse_learnloraFalse,5,pooled,13,3,5_6_10,1.6443191766738892,0.2872222222222222,1.588095784187317,0.22,1.6172457933425903,0.18
bs64_lr0.001_distAE_wd0.001_filterlen40_learndecoderFalse_schedulerTrue_windows0_dropout0.0_loralr0.0_preprocessorFalse_preencoderFalse_cutfillFalse_learnpredecoderFalse_learnloraFalse,5,pooled,14,3,5_6_10,2.1324141025543213,0.4938888888888889,1.5985110998153689,0.29,1.7000346779823303,0.3
bs64_lr0.001_distAE_wd0.001_filterlen40_learndecoderFalse_schedulerTrue_windows0_dropout0.0_loralr0.0_preprocessorFalse_preencoderFalse_cutfillFalse_learnpredecoderFalse_learnloraFalse,6,single,10,1,6,0.0172453243285417,0.9966666666666668,0.8755637407302856,0.66,1.3409745693206787,0.52
bs64_lr0.001_distAE_wd0.001_filterlen40_learndecoderFalse_schedulerTrue_windows0_dropout0.0_loralr0.0_preprocessorFalse_preencoderFalse_cutfillFalse_learnpredecoderFalse_learnloraFalse,6,single,11,1,6,0.5168797969818115,0.905,1.1227102279663086,0.63,1.2784010767936709,0.53
bs64_lr0.001_distAE_wd0.001_filterlen40_learndecoderFalse_schedulerTrue_windows0_dropout0.0_loralr0.0_preprocessorFalse_preencoderFalse_cutfillFalse_learnpredecoderFalse_learnloraFalse,6,single,12,1,6,0.1576369255781173,0.9733333333333334,1.1057639122009275,0.6,1.2243396043777466,0.54
bs64_lr0.001_distAE_wd0.001_filterlen40_learndecoderFalse_schedulerTrue_windows0_dropout0.0_loralr0.0_preprocessorFalse_preencoderFalse_cutfillFalse_learnpredecoderFalse_learnloraFalse,6,single,13,1,6,0.0078888004645705,1.0,1.0900192260742188,0.55,1.459023892879486,0.43
bs64_lr0.001_distAE_wd0.001_filterlen40_learndecoderFalse_schedulerTrue_windows0_dropout0.0_loralr0.0_preprocessorFalse_preencoderFalse_cutfillFalse_learnpredecoderFalse_learnloraFalse,6,single,14,1,6,0.0468494780361652,0.9866666666666668,1.1144338846206665,0.62,1.6423598527908323,0.5
bs64_lr0.001_distAE_wd0.001_filterlen40_learndecoderFalse_schedulerTrue_windows0_dropout0.0_loralr0.0_preprocessorFalse_preencoderFalse_cutfillFalse_learnpredecoderFalse_learnloraFalse,6,pooled,10,1,6,0.0172453243285417,0.9966666666666668,0.8755637407302856,0.66,1.3409745693206787,0.52
bs64_lr0.001_distAE_wd0.001_filterlen40_learndecoderFalse_schedulerTrue_windows0_dropout0.0_loralr0.0_preprocessorFalse_preencoderFalse_cutfillFalse_learnpredecoderFalse_learnloraFalse,6,pooled,11,1,6,0.5168797969818115,0.905,1.1227102279663086,0.63,1.2784010767936709,0.53
bs64_lr0.001_distAE_wd0.001_filterlen40_learndecoderFalse_schedulerTrue_windows0_dropout0.0_loralr0.0_preprocessorFalse_preencoderFalse_cutfillFalse_learnpredecoderFalse_learnloraFalse,6,pooled,12,1,6,0.1576369255781173,0.9733333333333334,1.1057639122009275,0.6,1.2243396043777466,0.54
bs64_lr0.001_distAE_wd0.001_filterlen40_learndecoderFalse_schedulerTrue_windows0_dropout0.0_loralr0.0_preprocessorFalse_preencoderFalse_cutfillFalse_learnpredecoderFalse_learnloraFalse,6,pooled,13,1,6,0.0078888004645705,1.0,1.0900192260742188,0.55,1.459023892879486,0.43
bs64_lr0.001_distAE_wd0.001_filterlen40_learndecoderFalse_schedulerTrue_windows0_dropout0.0_loralr0.0_preprocessorFalse_preencoderFalse_cutfillFalse_learnpredecoderFalse_learnloraFalse,6,pooled,14,1,6,0.0468494780361652,0.9866666666666668,1.1144338846206665,0.62,1.6423598527908323,0.5
bs64_lr0.001_distAE_wd0.001_filterlen40_learndecoderFalse_schedulerTrue_windows0_dropout0.0_loralr0.0_preprocessorFalse_preencoderFalse_cutfillFalse_learnpredecoderFalse_learnloraFalse,7,single,10,1,7,0.015912365168333,0.9966666666666668,1.3633837699890137,0.43,1.5610851049423218,0.47
bs64_lr0.001_distAE_wd0.001_filterlen40_learndecoderFalse_schedulerTrue_windows0_dropout0.0_loralr0.0_preprocessorFalse_preencoderFalse_cutfillFalse_learnpredecoderFalse_learnloraFalse,7,single,11,1,7,0.4735101461410522,0.86,1.3811451196670532,0.5,1.337956964969635,0.47
bs64_lr0.001_distAE_wd0.001_filterlen40_learndecoderFalse_schedulerTrue_windows0_dropout0.0_loralr0.0_preprocessorFalse_preencoderFalse_cutfillFalse_learnpredecoderFalse_learnloraFalse,7,single,12,1,7,0.1461646109819412,0.9816666666666668,1.367173433303833,0.54,1.9398874044418333,0.44
bs64_lr0.001_distAE_wd0.001_filterlen40_learndecoderFalse_schedulerTrue_windows0_dropout0.0_loralr0.0_preprocessorFalse_preencoderFalse_cutfillFalse_learnpredecoderFalse_learnloraFalse,7,single,13,1,7,0.5931417942047119,0.86,1.281537413597107,0.44,1.5950309038162231,0.44
bs64_lr0.001_distAE_wd0.001_filterlen40_learndecoderFalse_schedulerTrue_windows0_dropout0.0_loralr0.0_preprocessorFalse_preencoderFalse_cutfillFalse_learnpredecoderFalse_learnloraFalse,7,single,14,1,7,0.893561601638794,0.7266666666666667,1.3761558532714844,0.43,1.9437493085861208,0.43
bs64_lr0.001_distAE_wd0.001_filterlen40_learndecoderFalse_schedulerTrue_windows0_dropout0.0_loralr0.0_preprocessorFalse_preencoderFalse_cutfillFalse_learnpredecoderFalse_learnloraFalse,7,pooled,10,1,7,0.015912365168333,0.9966666666666668,1.3633837699890137,0.43,1.5610851049423218,0.47
bs64_lr0.001_distAE_wd0.001_filterlen40_learndecoderFalse_schedulerTrue_windows0_dropout0.0_loralr0.0_preprocessorFalse_preencoderFalse_cutfillFalse_learnpredecoderFalse_learnloraFalse,7,pooled,11,1,7,0.4735101461410522,0.86,1.3811451196670532,0.5,1.337956964969635,0.47
bs64_lr0.001_distAE_wd0.001_filterlen40_learndecoderFalse_schedulerTrue_windows0_dropout0.0_loralr0.0_preprocessorFalse_preencoderFalse_cutfillFalse_learnpredecoderFalse_learnloraFalse,7,pooled,12,1,7,0.1461646109819412,0.9816666666666668,1.367173433303833,0.54,1.9398874044418333,0.44
bs64_lr0.001_distAE_wd0.001_filterlen40_learndecoderFalse_schedulerTrue_windows0_dropout0.0_loralr0.0_preprocessorFalse_preencoderFalse_cutfillFalse_learnpredecoderFalse_learnloraFalse,7,pooled,13,1,7,0.5931417942047119,0.86,1.281537413597107,0.44,1.5950309038162231,0.44
bs64_lr0.001_distAE_wd0.001_filterlen40_learndecoderFalse_schedulerTrue_windows0_dropout0.0_loralr0.0_preprocessorFalse_preencoderFalse_cutfillFalse_learnpredecoderFalse_learnloraFalse,7,pooled,14,1,7,0.893561601638794,0.7266666666666667,1.3761558532714844,0.43,1.9437493085861208,0.43
bs64_lr0.001_distAE_wd0.001_filterlen40_learndecoderFalse_schedulerTrue_windows0_dropout0.0_loralr0.0_preprocessorFalse_preencoderFalse_cutfillFalse_learnpredecoderFalse_learnloraFalse,8,single,10,1,8,1.3658367395401,0.3533333333333333,1.608447551727295,0.21,1.6066291332244873,0.23
bs64_lr0.001_distAE_wd0.001_filterlen40_learndecoderFalse_schedulerTrue_windows0_dropout0.0_loralr0.0_preprocessorFalse_preencoderFalse_cutfillFalse_learnpredecoderFalse_learnloraFalse,8,single,11,1,8,1.5247303247451782,0.3166666666666666,1.6021645069122314,0.27,1.59071946144104,0.26
bs64_lr0.001_distAE_wd0.001_filterlen40_learndecoderFalse_schedulerTrue_windows0_dropout0.0_loralr0.0_preprocessorFalse_preencoderFalse_cutfillFalse_learnpredecoderFalse_learnloraFalse,8,single,12,1,8,1.5030617713928225,0.2966666666666667,1.6134811639785769,0.2,1.613365113735199,0.2
bs64_lr0.001_distAE_wd0.001_filterlen40_learndecoderFalse_schedulerTrue_windows0_dropout0.0_loralr0.0_preprocessorFalse_preencoderFalse_cutfillFalse_learnpredecoderFalse_learnloraFalse,8,single,13,1,8,1.6319565773010254,0.205,1.6057870388031006,0.26,1.6078781485557556,0.24
bs64_lr0.001_distAE_wd0.001_filterlen40_learndecoderFalse_schedulerTrue_windows0_dropout0.0_loralr0.0_preprocessorFalse_preencoderFalse_cutfillFalse_learnpredecoderFalse_learnloraFalse,8,single,14,1,8,1.538081407546997,0.2866666666666667,1.603889226913452,0.2,1.6038965582847595,0.23
bs64_lr0.001_distAE_wd0.001_filterlen40_learndecoderFalse_schedulerTrue_windows0_dropout0.0_loralr0.0_preprocessorFalse_preencoderFalse_cutfillFalse_learnpredecoderFalse_learnloraFalse,8,pooled,10,3,8_11_10,1.4465049505233765,0.2438888888888888,1.5890913009643557,0.22,1.5974635481834412,0.26
bs64_lr0.001_distAE_wd0.001_filterlen40_learndecoderFalse_schedulerTrue_windows0_dropout0.0_loralr0.0_preprocessorFalse_preencoderFalse_cutfillFalse_learnpredecoderFalse_learnloraFalse,8,pooled,11,3,8_11_10,1.066028714179993,0.5433333333333333,1.5992079973220823,0.29,1.6713728308677671,0.24
bs64_lr0.001_distAE_wd0.001_filterlen40_learndecoderFalse_schedulerTrue_windows0_dropout0.0_loralr0.0_preprocessorFalse_preencoderFalse_cutfillFalse_learnpredecoderFalse_learnloraFalse,8,pooled,12,3,8_11_10,1.5343250036239624,0.3588888888888888,1.556849241256714,0.36,1.6320218443870544,0.28
bs64_lr0.001_distAE_wd0.001_filterlen40_learndecoderFalse_schedulerTrue_windows0_dropout0.0_loralr0.0_preprocessorFalse_preencoderFalse_cutfillFalse_learnpredecoderFalse_learnloraFalse,8,pooled,13,3,8_11_10,1.6172937154769895,0.2422222222222222,1.5960274934768677,0.22,1.603063464164734,0.22
bs64_lr0.001_distAE_wd0.001_filterlen40_learndecoderFalse_schedulerTrue_windows0_dropout0.0_loralr0.0_preprocessorFalse_preencoderFalse_cutfillFalse_learnpredecoderFalse_learnloraFalse,8,pooled,14,3,8_11_10,1.654605746269226,0.2444444444444444,1.597820281982422,0.18,1.601179301738739,0.27
bs64_lr0.001_distAE_wd0.001_filterlen40_learndecoderFalse_schedulerTrue_windows0_dropout0.0_loralr0.0_preprocessorFalse_preencoderFalse_cutfillFalse_learnpredecoderFalse_learnloraFalse,9,single,10,1,9,0.0420421920716762,0.995,0.2888549566268921,0.9,0.8971687853336334,0.73
bs64_lr0.001_distAE_wd0.001_filterlen40_learndecoderFalse_schedulerTrue_windows0_dropout0.0_loralr0.0_preprocessorFalse_preencoderFalse_cutfillFalse_learnpredecoderFalse_learnloraFalse,9,single,11,1,9,0.1584668606519699,0.9783333333333334,0.2950948476791382,0.88,0.7117932438850403,0.69
bs64_lr0.001_distAE_wd0.001_filterlen40_learndecoderFalse_schedulerTrue_windows0_dropout0.0_loralr0.0_preprocessorFalse_preencoderFalse_cutfillFalse_learnpredecoderFalse_learnloraFalse,9,single,12,1,9,0.1434593200683593,0.98,0.3674567639827728,0.85,0.8636828660964966,0.66
bs64_lr0.001_distAE_wd0.001_filterlen40_learndecoderFalse_schedulerTrue_windows0_dropout0.0_loralr0.0_preprocessorFalse_preencoderFalse_cutfillFalse_learnpredecoderFalse_learnloraFalse,9,single,13,1,9,0.0041777864098548,0.9983333333333332,0.2672622203826904,0.87,0.6951732337474823,0.78
bs64_lr0.001_distAE_wd0.001_filterlen40_learndecoderFalse_schedulerTrue_windows0_dropout0.0_loralr0.0_preprocessorFalse_preencoderFalse_cutfillFalse_learnpredecoderFalse_learnloraFalse,9,single,14,1,9,0.0101285949349403,1.0,0.4217895865440368,0.83,1.0696014165878296,0.66
bs64_lr0.001_distAE_wd0.001_filterlen40_learndecoderFalse_schedulerTrue_windows0_dropout0.0_loralr0.0_preprocessorFalse_preencoderFalse_cutfillFalse_learnpredecoderFalse_learnloraFalse,9,pooled,10,5,9_4_5_11_1,0.537523090839386,0.872,0.1965726166963577,0.93,1.1056652069091797,0.63
bs64_lr0.001_distAE_wd0.001_filterlen40_learndecoderFalse_schedulerTrue_windows0_dropout0.0_loralr0.0_preprocessorFalse_preencoderFalse_cutfillFalse_learnpredecoderFalse_learnloraFalse,9,pooled,11,5,9_4_5_11_1,0.1952776908874511,0.9556666666666668,0.2305663228034973,0.9,0.9217101037502288,0.79
bs64_lr0.001_distAE_wd0.001_filterlen40_learndecoderFalse_schedulerTrue_windows0_dropout0.0_loralr0.0_preprocessorFalse_preencoderFalse_cutfillFalse_learnpredecoderFalse_learnloraFalse,9,pooled,12,5,9_4_5_11_1,0.3502760529518127,0.9743333333333334,0.2965514659881592,0.9,1.3017911314964294,0.61
bs64_lr0.001_distAE_wd0.001_filterlen40_learndecoderFalse_schedulerTrue_windows0_dropout0.0_loralr0.0_preprocessorFalse_preencoderFalse_cutfillFalse_learnpredecoderFalse_learnloraFalse,9,pooled,13,5,9_4_5_11_1,0.3156112134456634,0.861,0.2845951318740845,0.88,1.0048851370811462,0.67
bs64_lr0.001_distAE_wd0.001_filterlen40_learndecoderFalse_schedulerTrue_windows0_dropout0.0_loralr0.0_preprocessorFalse_preencoderFalse_cutfillFalse_learnpredecoderFalse_learnloraFalse,9,pooled,14,5,9_4_5_11_1,0.2398620992898941,0.9836666666666668,0.2994289398193359,0.88,1.2791374027729034,0.63
bs64_lr0.001_distAE_wd0.001_filterlen40_learndecoderFalse_schedulerTrue_windows0_dropout0.0_loralr0.0_preprocessorFalse_preencoderFalse_cutfillFalse_learnpredecoderFalse_learnloraFalse,10,single,10,1,10,0.4667197167873382,0.83,1.3086764812469482,0.46,1.3822854161262512,0.41
bs64_lr0.001_distAE_wd0.001_filterlen40_learndecoderFalse_schedulerTrue_windows0_dropout0.0_loralr0.0_preprocessorFalse_preencoderFalse_cutfillFalse_learnpredecoderFalse_learnloraFalse,10,single,11,1,10,0.3915539681911468,0.915,1.5042026042938232,0.41,1.457637369632721,0.41
bs64_lr0.001_distAE_wd0.001_filterlen40_learndecoderFalse_schedulerTrue_windows0_dropout0.0_loralr0.0_preprocessorFalse_preencoderFalse_cutfillFalse_learnpredecoderFalse_learnloraFalse,10,single,12,1,10,0.5650977492332458,0.85,1.322983741760254,0.47,1.2859147787094116,0.5
bs64_lr0.001_distAE_wd0.001_filterlen40_learndecoderFalse_schedulerTrue_windows0_dropout0.0_loralr0.0_preprocessorFalse_preencoderFalse_cutfillFalse_learnpredecoderFalse_learnloraFalse,10,single,13,1,10,0.8315373063087463,0.7683333333333333,1.405295729637146,0.4,1.289528727531433,0.47
bs64_lr0.001_distAE_wd0.001_filterlen40_learndecoderFalse_schedulerTrue_windows0_dropout0.0_loralr0.0_preprocessorFalse_preencoderFalse_cutfillFalse_learnpredecoderFalse_learnloraFalse,10,single,14,1,10,0.6358626484870911,0.8233333333333334,1.3924758434295654,0.36,1.2569213509559631,0.48
bs64_lr0.001_distAE_wd0.001_filterlen40_learndecoderFalse_schedulerTrue_windows0_dropout0.0_loralr0.0_preprocessorFalse_preencoderFalse_cutfillFalse_learnpredecoderFalse_learnloraFalse,10,pooled,10,3,10_11_4,1.2201638221740725,0.7127777777777777,1.1945254802703855,0.52,1.1145626306533811,0.59
bs64_lr0.001_distAE_wd0.001_filterlen40_learndecoderFalse_schedulerTrue_windows0_dropout0.0_loralr0.0_preprocessorFalse_preencoderFalse_cutfillFalse_learnpredecoderFalse_learnloraFalse,10,pooled,11,3,10_11_4,0.8743205070495605,0.8288888888888889,1.335062026977539,0.51,1.2891871333122251,0.49
bs64_lr0.001_distAE_wd0.001_filterlen40_learndecoderFalse_schedulerTrue_windows0_dropout0.0_loralr0.0_preprocessorFalse_preencoderFalse_cutfillFalse_learnpredecoderFalse_learnloraFalse,10,pooled,12,3,10_11_4,0.2240198999643325,0.9388888888888888,1.206708550453186,0.58,1.0299896001815796,0.63
bs64_lr0.001_distAE_wd0.001_filterlen40_learndecoderFalse_schedulerTrue_windows0_dropout0.0_loralr0.0_preprocessorFalse_preencoderFalse_cutfillFalse_learnpredecoderFalse_learnloraFalse,10,pooled,13,3,10_11_4,1.6059823036193848,0.7094444444444444,1.2942895889282229,0.52,1.284180223941803,0.46
bs64_lr0.001_distAE_wd0.001_filterlen40_learndecoderFalse_schedulerTrue_windows0_dropout0.0_loralr0.0_preprocessorFalse_preencoderFalse_cutfillFalse_learnpredecoderFalse_learnloraFalse,10,pooled,14,3,10_11_4,1.3691110610961914,0.7177777777777777,1.086235761642456,0.56,1.0570052862167358,0.63
bs64_lr0.001_distAE_wd0.001_filterlen40_learndecoderFalse_schedulerTrue_windows0_dropout0.0_loralr0.0_preprocessorFalse_preencoderFalse_cutfillFalse_learnpredecoderFalse_learnloraFalse,11,single,10,1,11,0.0372778065502643,0.9883333333333332,0.9453206658363342,0.62,0.7651335000991821,0.72
bs64_lr0.001_distAE_wd0.001_filterlen40_learndecoderFalse_schedulerTrue_windows0_dropout0.0_loralr0.0_preprocessorFalse_preencoderFalse_cutfillFalse_learnpredecoderFalse_learnloraFalse,11,single,11,1,11,0.0190301444381475,0.9983333333333332,0.923796534538269,0.68,0.9941681623458862,0.66
bs64_lr0.001_distAE_wd0.001_filterlen40_learndecoderFalse_schedulerTrue_windows0_dropout0.0_loralr0.0_preprocessorFalse_preencoderFalse_cutfillFalse_learnpredecoderFalse_learnloraFalse,11,single,12,1,11,0.0580562241375446,0.9916666666666668,1.0851540565490725,0.62,1.0003180503845217,0.65
bs64_lr0.001_distAE_wd0.001_filterlen40_learndecoderFalse_schedulerTrue_windows0_dropout0.0_loralr0.0_preprocessorFalse_preencoderFalse_cutfillFalse_learnpredecoderFalse_learnloraFalse,11,single,13,1,11,0.0176530219614505,0.9966666666666668,0.948827028274536,0.68,1.0921842455863953,0.57
bs64_lr0.001_distAE_wd0.001_filterlen40_learndecoderFalse_schedulerTrue_windows0_dropout0.0_loralr0.0_preprocessorFalse_preencoderFalse_cutfillFalse_learnpredecoderFalse_learnloraFalse,11,single,14,1,11,0.0417651794850826,1.0,1.190043568611145,0.56,1.4516825079917908,0.49
bs64_lr0.001_distAE_wd0.001_filterlen40_learndecoderFalse_schedulerTrue_windows0_dropout0.0_loralr0.0_preprocessorFalse_preencoderFalse_cutfillFalse_learnpredecoderFalse_learnloraFalse,11,pooled,10,1,11,0.0372778065502643,0.9883333333333332,0.9453206658363342,0.62,0.7651335000991821,0.72
bs64_lr0.001_distAE_wd0.001_filterlen40_learndecoderFalse_schedulerTrue_windows0_dropout0.0_loralr0.0_preprocessorFalse_preencoderFalse_cutfillFalse_learnpredecoderFalse_learnloraFalse,11,pooled,11,1,11,0.0190301444381475,0.9983333333333332,0.923796534538269,0.68,0.9941681623458862,0.66
bs64_lr0.001_distAE_wd0.001_filterlen40_learndecoderFalse_schedulerTrue_windows0_dropout0.0_loralr0.0_preprocessorFalse_preencoderFalse_cutfillFalse_learnpredecoderFalse_learnloraFalse,11,pooled,12,1,11,0.0580562241375446,0.9916666666666668,1.0851540565490725,0.62,1.0003180503845217,0.65
bs64_lr0.001_distAE_wd0.001_filterlen40_learndecoderFalse_schedulerTrue_windows0_dropout0.0_loralr0.0_preprocessorFalse_preencoderFalse_cutfillFalse_learnpredecoderFalse_learnloraFalse,11,pooled,13,1,11,0.0176530219614505,0.9966666666666668,0.948827028274536,0.68,1.0921842455863953,0.57
bs64_lr0.001_distAE_wd0.001_filterlen40_learndecoderFalse_schedulerTrue_windows0_dropout0.0_loralr0.0_preprocessorFalse_preencoderFalse_cutfillFalse_learnpredecoderFalse_learnloraFalse,11,pooled,14,1,11,0.0417651794850826,1.0,1.190043568611145,0.56,1.4516825079917908,0.49
bs64_lr0.001_distCOV_wd0.01_filterlen40_learndecoderFalse_schedulerTrue_windows0_dropout0.0_loralr0.0_preprocessorFalse_preencoderFalse_cutfillFalse_learnpredecoderFalse_learnloraFalse,1,single,10,1,1,0.062456477433443,0.985,1.1041197776794434,0.6,1.0261289477348328,0.64
bs64_lr0.001_distCOV_wd0.01_filterlen40_learndecoderFalse_schedulerTrue_windows0_dropout0.0_loralr0.0_preprocessorFalse_preencoderFalse_cutfillFalse_learnpredecoderFalse_learnloraFalse,1,single,11,1,1,0.2969331741333008,0.9466666666666668,1.077141523361206,0.62,1.0302646160125732,0.62
bs64_lr0.001_distCOV_wd0.01_filterlen40_learndecoderFalse_schedulerTrue_windows0_dropout0.0_loralr0.0_preprocessorFalse_preencoderFalse_cutfillFalse_learnpredecoderFalse_learnloraFalse,1,single,12,1,1,0.048827800899744,0.9966666666666668,1.0556273460388184,0.62,1.0623929500579834,0.62
bs64_lr0.001_distCOV_wd0.01_filterlen40_learndecoderFalse_schedulerTrue_windows0_dropout0.0_loralr0.0_preprocessorFalse_preencoderFalse_cutfillFalse_learnpredecoderFalse_learnloraFalse,1,single,13,1,1,0.1535807251930236,0.9766666666666668,1.064164161682129,0.61,1.1103213429450989,0.63
bs64_lr0.001_distCOV_wd0.01_filterlen40_learndecoderFalse_schedulerTrue_windows0_dropout0.0_loralr0.0_preprocessorFalse_preencoderFalse_cutfillFalse_learnpredecoderFalse_learnloraFalse,1,single,14,1,1,0.5881822109222412,0.8933333333333333,1.0421453714370728,0.62,1.17945659160614,0.64
bs64_lr0.001_distCOV_wd0.01_filterlen40_learndecoderFalse_schedulerTrue_windows0_dropout0.0_loralr0.0_preprocessorFalse_preencoderFalse_cutfillFalse_learnpredecoderFalse_learnloraFalse,1,pooled,10,4,1_11_7_10,0.6628856062889099,0.7208333333333333,0.6294428110122681,0.75,0.6363997161388397,0.78
bs64_lr0.001_distCOV_wd0.01_filterlen40_learndecoderFalse_schedulerTrue_windows0_dropout0.0_loralr0.0_preprocessorFalse_preencoderFalse_cutfillFalse_learnpredecoderFalse_learnloraFalse,1,pooled,11,4,1_11_7_10,1.120388746261597,0.58875,0.9323787689208984,0.61,0.7848706245422363,0.67
bs64_lr0.001_distCOV_wd0.01_filterlen40_learndecoderFalse_schedulerTrue_windows0_dropout0.0_loralr0.0_preprocessorFalse_preencoderFalse_cutfillFalse_learnpredecoderFalse_learnloraFalse,1,pooled,12,4,1_11_7_10,0.9042767882347108,0.6979166666666666,0.8390723466873169,0.65,0.7478221356868744,0.73
bs64_lr0.001_distCOV_wd0.01_filterlen40_learndecoderFalse_schedulerTrue_windows0_dropout0.0_loralr0.0_preprocessorFalse_preencoderFalse_cutfillFalse_learnpredecoderFalse_learnloraFalse,1,pooled,13,4,1_11_7_10,1.0714553594589231,0.5704166666666667,1.045077562332153,0.57,1.059450626373291,0.61
bs64_lr0.001_distCOV_wd0.01_filterlen40_learndecoderFalse_schedulerTrue_windows0_dropout0.0_loralr0.0_preprocessorFalse_preencoderFalse_cutfillFalse_learnpredecoderFalse_learnloraFalse,1,pooled,14,4,1_11_7_10,1.261447548866272,0.4491666666666666,0.963850438594818,0.61,1.0046275854110718,0.7
bs64_lr0.001_distCOV_wd0.01_filterlen40_learndecoderFalse_schedulerTrue_windows0_dropout0.0_loralr0.0_preprocessorFalse_preencoderFalse_cutfillFalse_learnpredecoderFalse_learnloraFalse,2,single,10,1,2,0.0250527840107679,0.9966666666666668,0.6984516382217407,0.72,0.968755066394806,0.84
bs64_lr0.001_distCOV_wd0.01_filterlen40_learndecoderFalse_schedulerTrue_windows0_dropout0.0_loralr0.0_preprocessorFalse_preencoderFalse_cutfillFalse_learnpredecoderFalse_learnloraFalse,2,single,11,1,2,0.2207185328006744,0.975,0.6851084232330322,0.81,0.7298008799552917,0.76
bs64_lr0.001_distCOV_wd0.01_filterlen40_learndecoderFalse_schedulerTrue_windows0_dropout0.0_loralr0.0_preprocessorFalse_preencoderFalse_cutfillFalse_learnpredecoderFalse_learnloraFalse,2,single,12,1,2,0.1753294467926025,0.9633333333333334,0.6592612266540527,0.71,1.0490092933177948,0.69
bs64_lr0.001_distCOV_wd0.01_filterlen40_learndecoderFalse_schedulerTrue_windows0_dropout0.0_loralr0.0_preprocessorFalse_preencoderFalse_cutfillFalse_learnpredecoderFalse_learnloraFalse,2,single,13,1,2,0.39012011885643,0.9233333333333332,0.7460854053497314,0.79,0.7438498139381409,0.73
bs64_lr0.001_distCOV_wd0.01_filterlen40_learndecoderFalse_schedulerTrue_windows0_dropout0.0_loralr0.0_preprocessorFalse_preencoderFalse_cutfillFalse_learnpredecoderFalse_learnloraFalse,2,single,14,1,2,0.0878640413284301,0.9933333333333332,0.8717079162597656,0.64,0.9761857092380524,0.67
bs64_lr0.001_distCOV_wd0.01_filterlen40_learndecoderFalse_schedulerTrue_windows0_dropout0.0_loralr0.0_preprocessorFalse_preencoderFalse_cutfillFalse_learnpredecoderFalse_learnloraFalse,2,pooled,10,4,2_7_5_4,0.2225125283002853,0.9333333333333332,0.585618257522583,0.8,0.6196317076683044,0.76
bs64_lr0.001_distCOV_wd0.01_filterlen40_learndecoderFalse_schedulerTrue_windows0_dropout0.0_loralr0.0_preprocessorFalse_preencoderFalse_cutfillFalse_learnpredecoderFalse_learnloraFalse,2,pooled,11,4,2_7_5_4,0.583625316619873,0.8683333333333333,0.6190371513366699,0.81,0.8206984400749207,0.76
bs64_lr0.001_distCOV_wd0.01_filterlen40_learndecoderFalse_schedulerTrue_windows0_dropout0.0_loralr0.0_preprocessorFalse_preencoderFalse_cutfillFalse_learnpredecoderFalse_learnloraFalse,2,pooled,12,4,2_7_5_4,0.3659796714782715,0.9166666666666666,0.5757946968078613,0.76,1.3124181628227234,0.59
bs64_lr0.001_distCOV_wd0.01_filterlen40_learndecoderFalse_schedulerTrue_windows0_dropout0.0_loralr0.0_preprocessorFalse_preencoderFalse_cutfillFalse_learnpredecoderFalse_learnloraFalse,2,pooled,13,4,2_7_5_4,0.5295990109443665,0.8345833333333333,0.734264612197876,0.74,0.710555762052536,0.79
bs64_lr0.001_distCOV_wd0.01_filterlen40_learndecoderFalse_schedulerTrue_windows0_dropout0.0_loralr0.0_preprocessorFalse_preencoderFalse_cutfillFalse_learnpredecoderFalse_learnloraFalse,2,pooled,14,4,2_7_5_4,0.3860715329647064,0.9025,0.5880603790283203,0.76,0.757573813199997,0.68
bs64_lr0.001_distCOV_wd0.01_filterlen40_learndecoderFalse_schedulerTrue_windows0_dropout0.0_loralr0.0_preprocessorFalse_preencoderFalse_cutfillFalse_learnpredecoderFalse_learnloraFalse,3,single,10,1,3,1.134129524230957,0.5716666666666667,1.5730406045913696,0.32,1.668775200843811,0.3
bs64_lr0.001_distCOV_wd0.01_filterlen40_learndecoderFalse_schedulerTrue_windows0_dropout0.0_loralr0.0_preprocessorFalse_preencoderFalse_cutfillFalse_learnpredecoderFalse_learnloraFalse,3,single,11,1,3,1.0587533712387085,0.635,1.480381965637207,0.3,1.4642935991287231,0.4
bs64_lr0.001_distCOV_wd0.01_filterlen40_learndecoderFalse_schedulerTrue_windows0_dropout0.0_loralr0.0_preprocessorFalse_preencoderFalse_cutfillFalse_learnpredecoderFalse_learnloraFalse,3,single,12,1,3,0.930955708026886,0.77,1.5536623001098633,0.42,1.697943150997162,0.32
bs64_lr0.001_distCOV_wd0.01_filterlen40_learndecoderFalse_schedulerTrue_windows0_dropout0.0_loralr0.0_preprocessorFalse_preencoderFalse_cutfillFalse_learnpredecoderFalse_learnloraFalse,3,single,13,1,3,0.1237476170063018,0.99,1.5346894264221191,0.37,1.6193432211875916,0.3
bs64_lr0.001_distCOV_wd0.01_filterlen40_learndecoderFalse_schedulerTrue_windows0_dropout0.0_loralr0.0_preprocessorFalse_preencoderFalse_cutfillFalse_learnpredecoderFalse_learnloraFalse,3,single,14,1,3,0.8326005935668945,0.745,1.4596683979034424,0.37,1.58653724193573,0.36
bs64_lr0.001_distCOV_wd0.01_filterlen40_learndecoderFalse_schedulerTrue_windows0_dropout0.0_loralr0.0_preprocessorFalse_preencoderFalse_cutfillFalse_learnpredecoderFalse_learnloraFalse,3,pooled,10,3,3_6_10,0.1422971189022064,0.8911111111111111,1.226515531539917,0.52,1.4700025916099548,0.47
bs64_lr0.001_distCOV_wd0.01_filterlen40_learndecoderFalse_schedulerTrue_windows0_dropout0.0_loralr0.0_preprocessorFalse_preencoderFalse_cutfillFalse_learnpredecoderFalse_learnloraFalse,3,pooled,11,3,3_6_10,0.545101523399353,0.9238888888888888,1.2205919027328491,0.61,1.30157870054245,0.54
bs64_lr0.001_distCOV_wd0.01_filterlen40_learndecoderFalse_schedulerTrue_windows0_dropout0.0_loralr0.0_preprocessorFalse_preencoderFalse_cutfillFalse_learnpredecoderFalse_learnloraFalse,3,pooled,12,3,3_6_10,0.4213200211524963,0.7472222222222222,1.2533748149871826,0.45,1.4372711777687073,0.4
bs64_lr0.001_distCOV_wd0.01_filterlen40_learndecoderFalse_schedulerTrue_windows0_dropout0.0_loralr0.0_preprocessorFalse_preencoderFalse_cutfillFalse_learnpredecoderFalse_learnloraFalse,3,pooled,13,3,3_6_10,0.3576991558074951,0.8888888888888888,1.2756845951080322,0.48,1.4297155141830444,0.41
bs64_lr0.001_distCOV_wd0.01_filterlen40_learndecoderFalse_schedulerTrue_windows0_dropout0.0_loralr0.0_preprocessorFalse_preencoderFalse_cutfillFalse_learnpredecoderFalse_learnloraFalse,3,pooled,14,3,3_6_10,0.3853680193424225,0.9094444444444444,1.2531752586364746,0.54,1.531554102897644,0.5
bs64_lr0.001_distCOV_wd0.01_filterlen40_learndecoderFalse_schedulerTrue_windows0_dropout0.0_loralr0.0_preprocessorFalse_preencoderFalse_cutfillFalse_learnpredecoderFalse_learnloraFalse,4,single,10,1,4,1.59465754032135,0.1633333333333333,1.6106927394866943,0.2,1.6171367168426514,0.2
bs64_lr0.001_distCOV_wd0.01_filterlen40_learndecoderFalse_schedulerTrue_windows0_dropout0.0_loralr0.0_preprocessorFalse_preencoderFalse_cutfillFalse_learnpredecoderFalse_learnloraFalse,4,single,11,1,4,1.4955172538757324,0.2733333333333333,1.6111257076263428,0.22,1.616996705532074,0.18
bs64_lr0.001_distCOV_wd0.01_filterlen40_learndecoderFalse_schedulerTrue_windows0_dropout0.0_loralr0.0_preprocessorFalse_preencoderFalse_cutfillFalse_learnpredecoderFalse_learnloraFalse,4,single,12,1,4,1.5082989931106567,0.2716666666666666,1.6009563207626345,0.24,1.606107473373413,0.24
bs64_lr0.001_distCOV_wd0.01_filterlen40_learndecoderFalse_schedulerTrue_windows0_dropout0.0_loralr0.0_preprocessorFalse_preencoderFalse_cutfillFalse_learnpredecoderFalse_learnloraFalse,4,single,13,1,4,1.7699551582336426,0.1783333333333333,1.6049141883850098,0.24,1.6074841022491455,0.24
bs64_lr0.001_distCOV_wd0.01_filterlen40_learndecoderFalse_schedulerTrue_windows0_dropout0.0_loralr0.0_preprocessorFalse_preencoderFalse_cutfillFalse_learnpredecoderFalse_learnloraFalse,4,single,14,1,4,1.623024344444275,0.165,1.6154966354370115,0.2,1.6167917847633362,0.21
bs64_lr0.001_distCOV_wd0.01_filterlen40_learndecoderFalse_schedulerTrue_windows0_dropout0.0_loralr0.0_preprocessorFalse_preencoderFalse_cutfillFalse_learnpredecoderFalse_learnloraFalse,4,pooled,10,2,4_11,1.356781840324402,0.4308333333333333,1.5847673416137695,0.28,1.7198431491851809,0.17
bs64_lr0.001_distCOV_wd0.01_filterlen40_learndecoderFalse_schedulerTrue_windows0_dropout0.0_loralr0.0_preprocessorFalse_preencoderFalse_cutfillFalse_learnpredecoderFalse_learnloraFalse,4,pooled,11,2,4_11,1.607404351234436,0.1775,1.610288381576538,0.21,1.6075788140296936,0.19
bs64_lr0.001_distCOV_wd0.01_filterlen40_learndecoderFalse_schedulerTrue_windows0_dropout0.0_loralr0.0_preprocessorFalse_preencoderFalse_cutfillFalse_learnpredecoderFalse_learnloraFalse,4,pooled,12,2,4_11,1.616176962852478,0.2,1.6200494766235352,0.2,1.6180320978164673,0.2
bs64_lr0.001_distCOV_wd0.01_filterlen40_learndecoderFalse_schedulerTrue_windows0_dropout0.0_loralr0.0_preprocessorFalse_preencoderFalse_cutfillFalse_learnpredecoderFalse_learnloraFalse,4,pooled,13,2,4_11,1.436015486717224,0.315,1.6052333116531372,0.21,1.677494466304779,0.22
bs64_lr0.001_distCOV_wd0.01_filterlen40_learndecoderFalse_schedulerTrue_windows0_dropout0.0_loralr0.0_preprocessorFalse_preencoderFalse_cutfillFalse_learnpredecoderFalse_learnloraFalse,4,pooled,14,2,4_11,1.5187290906906128,0.285,1.610018968582153,0.21,1.6236985325813291,0.21
bs64_lr0.001_distCOV_wd0.01_filterlen40_learndecoderFalse_schedulerTrue_windows0_dropout0.0_loralr0.0_preprocessorFalse_preencoderFalse_cutfillFalse_learnpredecoderFalse_learnloraFalse,5,single,10,1,5,1.5523414611816406,0.2283333333333333,1.610996961593628,0.2,1.6139309406280518,0.17
bs64_lr0.001_distCOV_wd0.01_filterlen40_learndecoderFalse_schedulerTrue_windows0_dropout0.0_loralr0.0_preprocessorFalse_preencoderFalse_cutfillFalse_learnpredecoderFalse_learnloraFalse,5,single,11,1,5,1.6054600477218628,0.1966666666666666,1.6083672046661377,0.2,1.6094661951065063,0.2
bs64_lr0.001_distCOV_wd0.01_filterlen40_learndecoderFalse_schedulerTrue_windows0_dropout0.0_loralr0.0_preprocessorFalse_preencoderFalse_cutfillFalse_learnpredecoderFalse_learnloraFalse,5,single,12,1,5,1.564352035522461,0.245,1.6088573932647705,0.25,1.6089977622032166,0.2
bs64_lr0.001_distCOV_wd0.01_filterlen40_learndecoderFalse_schedulerTrue_windows0_dropout0.0_loralr0.0_preprocessorFalse_preencoderFalse_cutfillFalse_learnpredecoderFalse_learnloraFalse,5,single,13,1,5,1.6860556602478027,0.24,1.6124624013900757,0.16,1.6132379174232483,0.16
bs64_lr0.001_distCOV_wd0.01_filterlen40_learndecoderFalse_schedulerTrue_windows0_dropout0.0_loralr0.0_preprocessorFalse_preencoderFalse_cutfillFalse_learnpredecoderFalse_learnloraFalse,5,single,14,1,5,1.510276436805725,0.2116666666666666,1.5987492799758911,0.23,1.6089769005775452,0.23
bs64_lr0.001_distCOV_wd0.01_filterlen40_learndecoderFalse_schedulerTrue_windows0_dropout0.0_loralr0.0_preprocessorFalse_preencoderFalse_cutfillFalse_learnpredecoderFalse_learnloraFalse,5,pooled,10,3,5_9_6,0.9211664795875548,0.6516666666666666,1.5069694519042969,0.32,1.542025089263916,0.3
bs64_lr0.001_distCOV_wd0.01_filterlen40_learndecoderFalse_schedulerTrue_windows0_dropout0.0_loralr0.0_preprocessorFalse_preencoderFalse_cutfillFalse_learnpredecoderFalse_learnloraFalse,5,pooled,11,3,5_9_6,0.4369893372058868,0.7011111111111111,1.4437170028686523,0.36,1.533812165260315,0.37
bs64_lr0.001_distCOV_wd0.01_filterlen40_learndecoderFalse_schedulerTrue_windows0_dropout0.0_loralr0.0_preprocessorFalse_preencoderFalse_cutfillFalse_learnpredecoderFalse_learnloraFalse,5,pooled,12,3,5_9_6,0.989633321762085,0.4888888888888889,1.5813360214233398,0.34,1.565453290939331,0.26
bs64_lr0.001_distCOV_wd0.01_filterlen40_learndecoderFalse_schedulerTrue_windows0_dropout0.0_loralr0.0_preprocessorFalse_preencoderFalse_cutfillFalse_learnpredecoderFalse_learnloraFalse,5,pooled,13,3,5_9_6,1.645086646080017,0.5438888888888889,1.5529727935791016,0.25,1.5734209418296814,0.29
bs64_lr0.001_distCOV_wd0.01_filterlen40_learndecoderFalse_schedulerTrue_windows0_dropout0.0_loralr0.0_preprocessorFalse_preencoderFalse_cutfillFalse_learnpredecoderFalse_learnloraFalse,5,pooled,14,3,5_9_6,0.7764700055122375,0.8066666666666666,1.5051250457763672,0.36,1.574646294116974,0.31
bs64_lr0.001_distCOV_wd0.01_filterlen40_learndecoderFalse_schedulerTrue_windows0_dropout0.0_loralr0.0_preprocessorFalse_preencoderFalse_cutfillFalse_learnpredecoderFalse_learnloraFalse,6,single,10,1,6,0.0230472311377525,0.9966666666666668,1.1029789447784424,0.58,1.2831768989562988,0.51
bs64_lr0.001_distCOV_wd0.01_filterlen40_learndecoderFalse_schedulerTrue_windows0_dropout0.0_loralr0.0_preprocessorFalse_preencoderFalse_cutfillFalse_learnpredecoderFalse_learnloraFalse,6,single,11,1,6,0.034284308552742,1.0,1.0194751024246216,0.54,1.588118851184845,0.46
bs64_lr0.001_distCOV_wd0.01_filterlen40_learndecoderFalse_schedulerTrue_windows0_dropout0.0_loralr0.0_preprocessorFalse_preencoderFalse_cutfillFalse_learnpredecoderFalse_learnloraFalse,6,single,12,1,6,0.2244535535573959,0.9516666666666668,0.946446418762207,0.66,1.2507094144821167,0.57
bs64_lr0.001_distCOV_wd0.01_filterlen40_learndecoderFalse_schedulerTrue_windows0_dropout0.0_loralr0.0_preprocessorFalse_preencoderFalse_cutfillFalse_learnpredecoderFalse_learnloraFalse,6,single,13,1,6,0.0301456153392791,1.0,1.054480791091919,0.59,1.797829508781433,0.41
bs64_lr0.001_distCOV_wd0.01_filterlen40_learndecoderFalse_schedulerTrue_windows0_dropout0.0_loralr0.0_preprocessorFalse_preencoderFalse_cutfillFalse_learnpredecoderFalse_learnloraFalse,6,single,14,1,6,0.064826376736164,0.9833333333333332,1.051600694656372,0.62,1.910293698310852,0.47
bs64_lr0.001_distCOV_wd0.01_filterlen40_learndecoderFalse_schedulerTrue_windows0_dropout0.0_loralr0.0_preprocessorFalse_preencoderFalse_cutfillFalse_learnpredecoderFalse_learnloraFalse,6,pooled,10,3,6_5_10,0.6800441145896912,0.6955555555555556,0.630224883556366,0.76,0.7209859192371368,0.76
bs64_lr0.001_distCOV_wd0.01_filterlen40_learndecoderFalse_schedulerTrue_windows0_dropout0.0_loralr0.0_preprocessorFalse_preencoderFalse_cutfillFalse_learnpredecoderFalse_learnloraFalse,6,pooled,11,3,6_5_10,1.3955496549606323,0.6916666666666667,0.6426880359649658,0.82,0.9656479060649872,0.68
bs64_lr0.001_distCOV_wd0.01_filterlen40_learndecoderFalse_schedulerTrue_windows0_dropout0.0_loralr0.0_preprocessorFalse_preencoderFalse_cutfillFalse_learnpredecoderFalse_learnloraFalse,6,pooled,12,3,6_5_10,1.5035384893417358,0.7305555555555555,0.6288615465164185,0.8,0.7207475006580353,0.72
bs64_lr0.001_distCOV_wd0.01_filterlen40_learndecoderFalse_schedulerTrue_windows0_dropout0.0_loralr0.0_preprocessorFalse_preencoderFalse_cutfillFalse_learnpredecoderFalse_learnloraFalse,6,pooled,13,3,6_5_10,0.2622796595096588,0.9294444444444444,0.6529024839401245,0.78,1.0824071764945984,0.62
bs64_lr0.001_distCOV_wd0.01_filterlen40_learndecoderFalse_schedulerTrue_windows0_dropout0.0_loralr0.0_preprocessorFalse_preencoderFalse_cutfillFalse_learnpredecoderFalse_learnloraFalse,6,pooled,14,3,6_5_10,1.2021020650863647,0.8983333333333333,0.7136160135269165,0.69,0.9705054759979248,0.62
bs64_lr0.001_distCOV_wd0.01_filterlen40_learndecoderFalse_schedulerTrue_windows0_dropout0.0_loralr0.0_preprocessorFalse_preencoderFalse_cutfillFalse_learnpredecoderFalse_learnloraFalse,7,single,10,1,7,0.0208752527832984,0.9983333333333332,1.2341773509979248,0.54,1.4423519372940063,0.5
bs64_lr0.001_distCOV_wd0.01_filterlen40_learndecoderFalse_schedulerTrue_windows0_dropout0.0_loralr0.0_preprocessorFalse_preencoderFalse_cutfillFalse_learnpredecoderFalse_learnloraFalse,7,single,11,1,7,0.837429940700531,0.7883333333333333,1.4050748348236084,0.44,1.5682124495506289,0.42
bs64_lr0.001_distCOV_wd0.01_filterlen40_learndecoderFalse_schedulerTrue_windows0_dropout0.0_loralr0.0_preprocessorFalse_preencoderFalse_cutfillFalse_learnpredecoderFalse_learnloraFalse,7,single,12,1,7,0.3076790571212768,0.9283333333333332,1.1797616481781006,0.51,1.6667043566703796,0.43
bs64_lr0.001_distCOV_wd0.01_filterlen40_learndecoderFalse_schedulerTrue_windows0_dropout0.0_loralr0.0_preprocessorFalse_preencoderFalse_cutfillFalse_learnpredecoderFalse_learnloraFalse,7,single,13,1,7,0.3940861821174621,0.8566666666666667,1.3467583656311035,0.47,2.1821502447128296,0.49
bs64_lr0.001_distCOV_wd0.01_filterlen40_learndecoderFalse_schedulerTrue_windows0_dropout0.0_loralr0.0_preprocessorFalse_preencoderFalse_cutfillFalse_learnpredecoderFalse_learnloraFalse,7,single,14,1,7,0.1456934958696365,0.9783333333333334,1.2948229312896729,0.51,1.5720866918563845,0.48
bs64_lr0.001_distCOV_wd0.01_filterlen40_learndecoderFalse_schedulerTrue_windows0_dropout0.0_loralr0.0_preprocessorFalse_preencoderFalse_cutfillFalse_learnpredecoderFalse_learnloraFalse,7,pooled,10,3,7_11_1,1.0116543769836426,0.8966666666666666,0.9606370329856871,0.65,1.586062788963318,0.49
bs64_lr0.001_distCOV_wd0.01_filterlen40_learndecoderFalse_schedulerTrue_windows0_dropout0.0_loralr0.0_preprocessorFalse_preencoderFalse_cutfillFalse_learnpredecoderFalse_learnloraFalse,7,pooled,11,3,7_11_1,0.7484962940216064,0.6777777777777778,0.9882956743240356,0.62,1.362826406955719,0.51
bs64_lr0.001_distCOV_wd0.01_filterlen40_learndecoderFalse_schedulerTrue_windows0_dropout0.0_loralr0.0_preprocessorFalse_preencoderFalse_cutfillFalse_learnpredecoderFalse_learnloraFalse,7,pooled,12,3,7_11_1,0.4469174444675445,0.9555555555555556,1.1250600814819336,0.6,1.377171277999878,0.54
bs64_lr0.001_distCOV_wd0.01_filterlen40_learndecoderFalse_schedulerTrue_windows0_dropout0.0_loralr0.0_preprocessorFalse_preencoderFalse_cutfillFalse_learnpredecoderFalse_learnloraFalse,7,pooled,13,3,7_11_1,0.9188649654388428,0.6838888888888889,1.0650591850280762,0.51,1.3835143446922302,0.49
bs64_lr0.001_distCOV_wd0.01_filterlen40_learndecoderFalse_schedulerTrue_windows0_dropout0.0_loralr0.0_preprocessorFalse_preencoderFalse_cutfillFalse_learnpredecoderFalse_learnloraFalse,7,pooled,14,3,7_11_1,0.8928471207618713,0.8866666666666667,1.0551488399505615,0.6,1.502256155014038,0.51
bs64_lr0.001_distCOV_wd0.01_filterlen40_learndecoderFalse_schedulerTrue_windows0_dropout0.0_loralr0.0_preprocessorFalse_preencoderFalse_cutfillFalse_learnpredecoderFalse_learnloraFalse,8,single,10,1,8,1.7956275939941406,0.16,1.6169357299804688,0.16,1.6148347854614258,0.16
bs64_lr0.001_distCOV_wd0.01_filterlen40_learndecoderFalse_schedulerTrue_windows0_dropout0.0_loralr0.0_preprocessorFalse_preencoderFalse_cutfillFalse_learnpredecoderFalse_learnloraFalse,8,single,11,1,8,1.5018521547317505,0.2833333333333333,1.5968172550201416,0.24,1.606060266494751,0.23
bs64_lr0.001_distCOV_wd0.01_filterlen40_learndecoderFalse_schedulerTrue_windows0_dropout0.0_loralr0.0_preprocessorFalse_preencoderFalse_cutfillFalse_learnpredecoderFalse_learnloraFalse,8,single,12,1,8,1.4126169681549072,0.3633333333333333,1.6125624179840088,0.21,1.6220611333847046,0.2
bs64_lr0.001_distCOV_wd0.01_filterlen40_learndecoderFalse_schedulerTrue_windows0_dropout0.0_loralr0.0_preprocessorFalse_preencoderFalse_cutfillFalse_learnpredecoderFalse_learnloraFalse,8,single,13,1,8,1.4337149858474731,0.4633333333333333,1.602212905883789,0.22,1.6275641322135923,0.24
bs64_lr0.001_distCOV_wd0.01_filterlen40_learndecoderFalse_schedulerTrue_windows0_dropout0.0_loralr0.0_preprocessorFalse_preencoderFalse_cutfillFalse_learnpredecoderFalse_learnloraFalse,8,single,14,1,8,1.5469304323196411,0.2516666666666666,1.59855055809021,0.24,1.6082153916358948,0.24
bs64_lr0.001_distCOV_wd0.01_filterlen40_learndecoderFalse_schedulerTrue_windows0_dropout0.0_loralr0.0_preprocessorFalse_preencoderFalse_cutfillFalse_learnpredecoderFalse_learnloraFalse,8,pooled,10,4,8_9_11_7,1.311822533607483,0.5079166666666667,1.581843614578247,0.31,1.67506343126297,0.19
bs64_lr0.001_distCOV_wd0.01_filterlen40_learndecoderFalse_schedulerTrue_windows0_dropout0.0_loralr0.0_preprocessorFalse_preencoderFalse_cutfillFalse_learnpredecoderFalse_learnloraFalse,8,pooled,11,4,8_9_11_7,1.6465030908584597,0.19875,1.6075501441955566,0.21,1.622675597667694,0.2
bs64_lr0.001_distCOV_wd0.01_filterlen40_learndecoderFalse_schedulerTrue_windows0_dropout0.0_loralr0.0_preprocessorFalse_preencoderFalse_cutfillFalse_learnpredecoderFalse_learnloraFalse,8,pooled,12,4,8_9_11_7,1.651816964149475,0.1970833333333333,1.59917950630188,0.2,1.6076180934906006,0.2
bs64_lr0.001_distCOV_wd0.01_filterlen40_learndecoderFalse_schedulerTrue_windows0_dropout0.0_loralr0.0_preprocessorFalse_preencoderFalse_cutfillFalse_learnpredecoderFalse_learnloraFalse,8,pooled,13,4,8_9_11_7,1.4939697980880735,0.39375,1.594980001449585,0.25,1.6463043689727783,0.21
bs64_lr0.001_distCOV_wd0.01_filterlen40_learndecoderFalse_schedulerTrue_windows0_dropout0.0_loralr0.0_preprocessorFalse_preencoderFalse_cutfillFalse_learnpredecoderFalse_learnloraFalse,8,pooled,14,4,8_9_11_7,0.8190233707427979,0.6625,1.5651657581329346,0.3,1.6468766331672668,0.2
bs64_lr0.001_distCOV_wd0.01_filterlen40_learndecoderFalse_schedulerTrue_windows0_dropout0.0_loralr0.0_preprocessorFalse_preencoderFalse_cutfillFalse_learnpredecoderFalse_learnloraFalse,9,single,10,1,9,0.3179817497730255,0.965,0.3236426711082458,0.89,0.7522197365760803,0.7
bs64_lr0.001_distCOV_wd0.01_filterlen40_learndecoderFalse_schedulerTrue_windows0_dropout0.0_loralr0.0_preprocessorFalse_preencoderFalse_cutfillFalse_learnpredecoderFalse_learnloraFalse,9,single,11,1,9,0.1272468715906143,0.9716666666666668,0.3588740527629852,0.89,0.8804460763931274,0.71
bs64_lr0.001_distCOV_wd0.01_filterlen40_learndecoderFalse_schedulerTrue_windows0_dropout0.0_loralr0.0_preprocessorFalse_preencoderFalse_cutfillFalse_learnpredecoderFalse_learnloraFalse,9,single,12,1,9,0.0338838174939155,0.995,0.3658061027526855,0.85,0.6794970333576202,0.74
bs64_lr0.001_distCOV_wd0.01_filterlen40_learndecoderFalse_schedulerTrue_windows0_dropout0.0_loralr0.0_preprocessorFalse_preencoderFalse_cutfillFalse_learnpredecoderFalse_learnloraFalse,9,single,13,1,9,0.109656423330307,0.9933333333333332,0.3458145260810852,0.82,0.844512939453125,0.73
bs64_lr0.001_distCOV_wd0.01_filterlen40_learndecoderFalse_schedulerTrue_windows0_dropout0.0_loralr0.0_preprocessorFalse_preencoderFalse_cutfillFalse_learnpredecoderFalse_learnloraFalse,9,single,14,1,9,0.2015716880559921,0.96,0.3381898999214172,0.9,0.9761059880256652,0.68
bs64_lr0.001_distCOV_wd0.01_filterlen40_learndecoderFalse_schedulerTrue_windows0_dropout0.0_loralr0.0_preprocessorFalse_preencoderFalse_cutfillFalse_learnpredecoderFalse_learnloraFalse,9,pooled,10,3,9_5_10,0.3793678283691406,0.6722222222222223,0.1990196853876114,0.91,0.4735751450061798,0.84
bs64_lr0.001_distCOV_wd0.01_filterlen40_learndecoderFalse_schedulerTrue_windows0_dropout0.0_loralr0.0_preprocessorFalse_preencoderFalse_cutfillFalse_learnpredecoderFalse_learnloraFalse,9,pooled,11,3,9_5_10,0.5067143440246582,0.7566666666666667,0.3049674034118652,0.87,0.6559748649597168,0.75
bs64_lr0.001_distCOV_wd0.01_filterlen40_learndecoderFalse_schedulerTrue_windows0_dropout0.0_loralr0.0_preprocessorFalse_preencoderFalse_cutfillFalse_learnpredecoderFalse_learnloraFalse,9,pooled,12,3,9_5_10,0.4490167200565338,0.7194444444444444,0.1995366960763931,0.94,0.5666836649179459,0.84
bs64_lr0.001_distCOV_wd0.01_filterlen40_learndecoderFalse_schedulerTrue_windows0_dropout0.0_loralr0.0_preprocessorFalse_preencoderFalse_cutfillFalse_learnpredecoderFalse_learnloraFalse,9,pooled,13,3,9_5_10,0.1396930813789367,0.8333333333333334,0.2942548990249634,0.91,0.6708492636680603,0.76
bs64_lr0.001_distCOV_wd0.01_filterlen40_learndecoderFalse_schedulerTrue_windows0_dropout0.0_loralr0.0_preprocessorFalse_preencoderFalse_cutfillFalse_learnpredecoderFalse_learnloraFalse,9,pooled,14,3,9_5_10,0.9839363098144532,0.6222222222222222,0.2058020979166031,0.94,0.674610823392868,0.74
bs64_lr0.001_distCOV_wd0.01_filterlen40_learndecoderFalse_schedulerTrue_windows0_dropout0.0_loralr0.0_preprocessorFalse_preencoderFalse_cutfillFalse_learnpredecoderFalse_learnloraFalse,10,single,10,1,10,0.7783310413360596,0.82,1.4206182956695557,0.35,1.456063151359558,0.31
bs64_lr0.001_distCOV_wd0.01_filterlen40_learndecoderFalse_schedulerTrue_windows0_dropout0.0_loralr0.0_preprocessorFalse_preencoderFalse_cutfillFalse_learnpredecoderFalse_learnloraFalse,10,single,11,1,10,0.7499207854270935,0.8083333333333333,1.3835935592651367,0.42,1.3964117765426636,0.37
bs64_lr0.001_distCOV_wd0.01_filterlen40_learndecoderFalse_schedulerTrue_windows0_dropout0.0_loralr0.0_preprocessorFalse_preencoderFalse_cutfillFalse_learnpredecoderFalse_learnloraFalse,10,single,12,1,10,0.8315666317939758,0.8,1.414381504058838,0.44,1.316775381565094,0.45
bs64_lr0.001_distCOV_wd0.01_filterlen40_learndecoderFalse_schedulerTrue_windows0_dropout0.0_loralr0.0_preprocessorFalse_preencoderFalse_cutfillFalse_learnpredecoderFalse_learnloraFalse,10,single,13,1,10,0.4172632992267608,0.88,1.3595199584960938,0.42,1.5018311142921448,0.39
bs64_lr0.001_distCOV_wd0.01_filterlen40_learndecoderFalse_schedulerTrue_windows0_dropout0.0_loralr0.0_preprocessorFalse_preencoderFalse_cutfillFalse_learnpredecoderFalse_learnloraFalse,10,single,14,1,10,0.1547737121582031,0.98,1.4476861953735352,0.42,1.6249662637710571,0.44
bs64_lr0.001_distCOV_wd0.01_filterlen40_learndecoderFalse_schedulerTrue_windows0_dropout0.0_loralr0.0_preprocessorFalse_preencoderFalse_cutfillFalse_learnpredecoderFalse_learnloraFalse,10,pooled,10,7,10_5_9_6_11_1_2,0.7521125078201294,0.8366666666666667,0.8296924829483032,0.62,0.9750536680221558,0.63
bs64_lr0.001_distCOV_wd0.01_filterlen40_learndecoderFalse_schedulerTrue_windows0_dropout0.0_loralr0.0_preprocessorFalse_preencoderFalse_cutfillFalse_learnpredecoderFalse_learnloraFalse,10,pooled,11,7,10_5_9_6_11_1_2,0.7925522327423096,0.7669047619047619,0.9076881408691406,0.62,0.9440513253211976,0.7
bs64_lr0.001_distCOV_wd0.01_filterlen40_learndecoderFalse_schedulerTrue_windows0_dropout0.0_loralr0.0_preprocessorFalse_preencoderFalse_cutfillFalse_learnpredecoderFalse_learnloraFalse,10,pooled,12,7,10_5_9_6_11_1_2,0.5011472105979919,0.8311904761904761,0.884207010269165,0.65,1.0180575847625732,0.65
bs64_lr0.001_distCOV_wd0.01_filterlen40_learndecoderFalse_schedulerTrue_windows0_dropout0.0_loralr0.0_preprocessorFalse_preencoderFalse_cutfillFalse_learnpredecoderFalse_learnloraFalse,10,pooled,13,7,10_5_9_6_11_1_2,0.734929084777832,0.7107142857142857,0.972887933254242,0.65,0.944986253976822,0.63
bs64_lr0.001_distCOV_wd0.01_filterlen40_learndecoderFalse_schedulerTrue_windows0_dropout0.0_loralr0.0_preprocessorFalse_preencoderFalse_cutfillFalse_learnpredecoderFalse_learnloraFalse,10,pooled,14,7,10_5_9_6_11_1_2,0.4890238046646118,0.8842857142857142,1.036205768585205,0.6,0.884812742471695,0.68
bs64_lr0.001_distCOV_wd0.01_filterlen40_learndecoderFalse_schedulerTrue_windows0_dropout0.0_loralr0.0_preprocessorFalse_preencoderFalse_cutfillFalse_learnpredecoderFalse_learnloraFalse,11,single,10,1,11,0.0623725056648254,0.9966666666666668,0.7402470111846924,0.68,0.8034885823726654,0.63
bs64_lr0.001_distCOV_wd0.01_filterlen40_learndecoderFalse_schedulerTrue_windows0_dropout0.0_loralr0.0_preprocessorFalse_preencoderFalse_cutfillFalse_learnpredecoderFalse_learnloraFalse,11,single,11,1,11,0.1066523045301437,0.9883333333333332,1.095588445663452,0.57,1.0037068128585815,0.67
bs64_lr0.001_distCOV_wd0.01_filterlen40_learndecoderFalse_schedulerTrue_windows0_dropout0.0_loralr0.0_preprocessorFalse_preencoderFalse_cutfillFalse_learnpredecoderFalse_learnloraFalse,11,single,12,1,11,0.0365943796932697,0.9983333333333332,1.1281790733337402,0.55,1.068424940109253,0.65
bs64_lr0.001_distCOV_wd0.01_filterlen40_learndecoderFalse_schedulerTrue_windows0_dropout0.0_loralr0.0_preprocessorFalse_preencoderFalse_cutfillFalse_learnpredecoderFalse_learnloraFalse,11,single,13,1,11,0.0585354082286357,0.9966666666666668,0.9439477920532228,0.65,0.7933411598205566,0.72
bs64_lr0.001_distCOV_wd0.01_filterlen40_learndecoderFalse_schedulerTrue_windows0_dropout0.0_loralr0.0_preprocessorFalse_preencoderFalse_cutfillFalse_learnpredecoderFalse_learnloraFalse,11,single,14,1,11,0.1137111186981201,0.99,0.9798038005828856,0.62,0.9385501146316528,0.63
bs64_lr0.001_distCOV_wd0.01_filterlen40_learndecoderFalse_schedulerTrue_windows0_dropout0.0_loralr0.0_preprocessorFalse_preencoderFalse_cutfillFalse_learnpredecoderFalse_learnloraFalse,11,pooled,10,1,11,0.0623725056648254,0.9966666666666668,0.7402470111846924,0.68,0.8034885823726654,0.63
bs64_lr0.001_distCOV_wd0.01_filterlen40_learndecoderFalse_schedulerTrue_windows0_dropout0.0_loralr0.0_preprocessorFalse_preencoderFalse_cutfillFalse_learnpredecoderFalse_learnloraFalse,11,pooled,11,1,11,0.1066523045301437,0.9883333333333332,1.095588445663452,0.57,1.0037068128585815,0.67
bs64_lr0.001_distCOV_wd0.01_filterlen40_learndecoderFalse_schedulerTrue_windows0_dropout0.0_loralr0.0_preprocessorFalse_preencoderFalse_cutfillFalse_learnpredecoderFalse_learnloraFalse,11,pooled,12,1,11,0.0365943796932697,0.9983333333333332,1.1281790733337402,0.55,1.068424940109253,0.65
bs64_lr0.001_distCOV_wd0.01_filterlen40_learndecoderFalse_schedulerTrue_windows0_dropout0.0_loralr0.0_preprocessorFalse_preencoderFalse_cutfillFalse_learnpredecoderFalse_learnloraFalse,11,pooled,13,1,11,0.0585354082286357,0.9966666666666668,0.9439477920532228,0.65,0.7933411598205566,0.72
bs64_lr0.001_distCOV_wd0.01_filterlen40_learndecoderFalse_schedulerTrue_windows0_dropout0.0_loralr0.0_preprocessorFalse_preencoderFalse_cutfillFalse_learnpredecoderFalse_learnloraFalse,11,pooled,14,1,11,0.1137111186981201,0.99,0.9798038005828856,0.62,0.9385501146316528,0.63
bs64_lr0.001_distCOV_wd0.001_filterlen40_learndecoderFalse_schedulerTrue_windows0_dropout0.0_loralr0.0_preprocessorFalse_preencoderFalse_cutfillFalse_learnpredecoderFalse_learnloraFalse,1,single,10,1,1,0.246841087937355,0.93,1.1123802661895752,0.58,0.8390703797340393,0.7
bs64_lr0.001_distCOV_wd0.001_filterlen40_learndecoderFalse_schedulerTrue_windows0_dropout0.0_loralr0.0_preprocessorFalse_preencoderFalse_cutfillFalse_learnpredecoderFalse_learnloraFalse,1,single,11,1,1,0.1513281762599945,0.9616666666666668,1.0322184562683103,0.63,1.084896683692932,0.59
bs64_lr0.001_distCOV_wd0.001_filterlen40_learndecoderFalse_schedulerTrue_windows0_dropout0.0_loralr0.0_preprocessorFalse_preencoderFalse_cutfillFalse_learnpredecoderFalse_learnloraFalse,1,single,12,1,1,0.9364709258079528,0.6666666666666666,1.172419190406799,0.53,0.965808480978012,0.6
bs64_lr0.001_distCOV_wd0.001_filterlen40_learndecoderFalse_schedulerTrue_windows0_dropout0.0_loralr0.0_preprocessorFalse_preencoderFalse_cutfillFalse_learnpredecoderFalse_learnloraFalse,1,single,13,1,1,0.1536359190940857,0.9783333333333334,1.0651428699493408,0.67,1.023517906665802,0.65
bs64_lr0.001_distCOV_wd0.001_filterlen40_learndecoderFalse_schedulerTrue_windows0_dropout0.0_loralr0.0_preprocessorFalse_preencoderFalse_cutfillFalse_learnpredecoderFalse_learnloraFalse,1,single,14,1,1,0.5408154726028442,0.91,1.1256945133209229,0.56,1.101061463356018,0.66
bs64_lr0.001_distCOV_wd0.001_filterlen40_learndecoderFalse_schedulerTrue_windows0_dropout0.0_loralr0.0_preprocessorFalse_preencoderFalse_cutfillFalse_learnpredecoderFalse_learnloraFalse,1,pooled,10,5,1_7_10_9_3,0.960621416568756,0.606,0.7722954750061035,0.72,0.7231228649616241,0.69
bs64_lr0.001_distCOV_wd0.001_filterlen40_learndecoderFalse_schedulerTrue_windows0_dropout0.0_loralr0.0_preprocessorFalse_preencoderFalse_cutfillFalse_learnpredecoderFalse_learnloraFalse,1,pooled,11,5,1_7_10_9_3,1.1849939823150637,0.5703333333333334,0.8686953783035278,0.62,0.7176809906959534,0.66
bs64_lr0.001_distCOV_wd0.001_filterlen40_learndecoderFalse_schedulerTrue_windows0_dropout0.0_loralr0.0_preprocessorFalse_preencoderFalse_cutfillFalse_learnpredecoderFalse_learnloraFalse,1,pooled,12,5,1_7_10_9_3,0.768433690071106,0.769,0.8862857818603516,0.75,0.7717876434326172,0.73
bs64_lr0.001_distCOV_wd0.001_filterlen40_learndecoderFalse_schedulerTrue_windows0_dropout0.0_loralr0.0_preprocessorFalse_preencoderFalse_cutfillFalse_learnpredecoderFalse_learnloraFalse,1,pooled,13,5,1_7_10_9_3,1.0657280683517456,0.6043333333333333,0.974191188812256,0.58,0.817704439163208,0.65
bs64_lr0.001_distCOV_wd0.001_filterlen40_learndecoderFalse_schedulerTrue_windows0_dropout0.0_loralr0.0_preprocessorFalse_preencoderFalse_cutfillFalse_learnpredecoderFalse_learnloraFalse,1,pooled,14,5,1_7_10_9_3,1.0140963792800903,0.602,0.6949883699417114,0.75,0.7153895795345306,0.74
bs64_lr0.001_distCOV_wd0.001_filterlen40_learndecoderFalse_schedulerTrue_windows0_dropout0.0_loralr0.0_preprocessorFalse_preencoderFalse_cutfillFalse_learnpredecoderFalse_learnloraFalse,2,single,10,1,2,0.0567209459841251,0.9783333333333334,0.7241252064704895,0.73,1.0279410481452942,0.7
bs64_lr0.001_distCOV_wd0.001_filterlen40_learndecoderFalse_schedulerTrue_windows0_dropout0.0_loralr0.0_preprocessorFalse_preencoderFalse_cutfillFalse_learnpredecoderFalse_learnloraFalse,2,single,11,1,2,0.2048411816358566,0.94,0.8125971555709839,0.74,0.7122606337070465,0.79
bs64_lr0.001_distCOV_wd0.001_filterlen40_learndecoderFalse_schedulerTrue_windows0_dropout0.0_loralr0.0_preprocessorFalse_preencoderFalse_cutfillFalse_learnpredecoderFalse_learnloraFalse,2,single,12,1,2,0.0985700637102127,0.9716666666666668,0.8107281923294067,0.7,1.052461415529251,0.66
bs64_lr0.001_distCOV_wd0.001_filterlen40_learndecoderFalse_schedulerTrue_windows0_dropout0.0_loralr0.0_preprocessorFalse_preencoderFalse_cutfillFalse_learnpredecoderFalse_learnloraFalse,2,single,13,1,2,0.2613964080810547,0.9333333333333332,0.8008617162704468,0.72,0.7720489203929901,0.75
bs64_lr0.001_distCOV_wd0.001_filterlen40_learndecoderFalse_schedulerTrue_windows0_dropout0.0_loralr0.0_preprocessorFalse_preencoderFalse_cutfillFalse_learnpredecoderFalse_learnloraFalse,2,single,14,1,2,0.1699313372373581,0.975,1.0945641994476318,0.6,1.0080982744693756,0.69
bs64_lr0.001_distCOV_wd0.001_filterlen40_learndecoderFalse_schedulerTrue_windows0_dropout0.0_loralr0.0_preprocessorFalse_preencoderFalse_cutfillFalse_learnpredecoderFalse_learnloraFalse,2,pooled,10,3,2_10_5,1.4903682470321655,0.7527777777777778,0.5403969287872314,0.79,0.3920381516218185,0.85
bs64_lr0.001_distCOV_wd0.001_filterlen40_learndecoderFalse_schedulerTrue_windows0_dropout0.0_loralr0.0_preprocessorFalse_preencoderFalse_cutfillFalse_learnpredecoderFalse_learnloraFalse,2,pooled,11,3,2_10_5,0.4324451386928558,0.7577777777777778,0.5185324549674988,0.79,0.4086126834154129,0.82
bs64_lr0.001_distCOV_wd0.001_filterlen40_learndecoderFalse_schedulerTrue_windows0_dropout0.0_loralr0.0_preprocessorFalse_preencoderFalse_cutfillFalse_learnpredecoderFalse_learnloraFalse,2,pooled,12,3,2_10_5,1.1663588285446167,0.8694444444444445,0.6660507917404175,0.78,0.4737596213817596,0.82
bs64_lr0.001_distCOV_wd0.001_filterlen40_learndecoderFalse_schedulerTrue_windows0_dropout0.0_loralr0.0_preprocessorFalse_preencoderFalse_cutfillFalse_learnpredecoderFalse_learnloraFalse,2,pooled,13,3,2_10_5,0.6055399179458618,0.8216666666666667,0.6941360235214233,0.76,0.8534116744995117,0.8
bs64_lr0.001_distCOV_wd0.001_filterlen40_learndecoderFalse_schedulerTrue_windows0_dropout0.0_loralr0.0_preprocessorFalse_preencoderFalse_cutfillFalse_learnpredecoderFalse_learnloraFalse,2,pooled,14,3,2_10_5,1.206501841545105,0.8555555555555555,0.597589373588562,0.79,0.5801462978124619,0.8
bs64_lr0.001_distCOV_wd0.001_filterlen40_learndecoderFalse_schedulerTrue_windows0_dropout0.0_loralr0.0_preprocessorFalse_preencoderFalse_cutfillFalse_learnpredecoderFalse_learnloraFalse,3,single,10,1,3,0.6332190036773682,0.8683333333333333,1.5752103328704834,0.32,1.5808247327804563,0.36
bs64_lr0.001_distCOV_wd0.001_filterlen40_learndecoderFalse_schedulerTrue_windows0_dropout0.0_loralr0.0_preprocessorFalse_preencoderFalse_cutfillFalse_learnpredecoderFalse_learnloraFalse,3,single,11,1,3,0.6545854210853577,0.8166666666666667,1.5968849658966064,0.31,1.5409772992134094,0.36
bs64_lr0.001_distCOV_wd0.001_filterlen40_learndecoderFalse_schedulerTrue_windows0_dropout0.0_loralr0.0_preprocessorFalse_preencoderFalse_cutfillFalse_learnpredecoderFalse_learnloraFalse,3,single,12,1,3,1.3155499696731567,0.55,1.501736402511597,0.31,1.5417394638061523,0.3
bs64_lr0.001_distCOV_wd0.001_filterlen40_learndecoderFalse_schedulerTrue_windows0_dropout0.0_loralr0.0_preprocessorFalse_preencoderFalse_cutfillFalse_learnpredecoderFalse_learnloraFalse,3,single,13,1,3,1.3070124387741089,0.515,1.5869274139404297,0.31,1.4941863417625427,0.35
bs64_lr0.001_distCOV_wd0.001_filterlen40_learndecoderFalse_schedulerTrue_windows0_dropout0.0_loralr0.0_preprocessorFalse_preencoderFalse_cutfillFalse_learnpredecoderFalse_learnloraFalse,3,single,14,1,3,0.571994960308075,0.8166666666666667,1.479433298110962,0.36,1.5474407076835632,0.41
bs64_lr0.001_distCOV_wd0.001_filterlen40_learndecoderFalse_schedulerTrue_windows0_dropout0.0_loralr0.0_preprocessorFalse_preencoderFalse_cutfillFalse_learnpredecoderFalse_learnloraFalse,3,pooled,10,7,3_6_10_11_4_8_2,0.9609718322753906,0.5311904761904762,1.2558917999267578,0.44,1.4909713864326477,0.34
bs64_lr0.001_distCOV_wd0.001_filterlen40_learndecoderFalse_schedulerTrue_windows0_dropout0.0_loralr0.0_preprocessorFalse_preencoderFalse_cutfillFalse_learnpredecoderFalse_learnloraFalse,3,pooled,11,7,3_6_10_11_4_8_2,1.2423650026321411,0.5730952380952381,1.3577189445495603,0.47,1.5440349578857422,0.32
bs64_lr0.001_distCOV_wd0.001_filterlen40_learndecoderFalse_schedulerTrue_windows0_dropout0.0_loralr0.0_preprocessorFalse_preencoderFalse_cutfillFalse_learnpredecoderFalse_learnloraFalse,3,pooled,12,7,3_6_10_11_4_8_2,0.8075341582298279,0.6854761904761905,1.4325110912322998,0.4,1.5022354125976562,0.35
bs64_lr0.001_distCOV_wd0.001_filterlen40_learndecoderFalse_schedulerTrue_windows0_dropout0.0_loralr0.0_preprocessorFalse_preencoderFalse_cutfillFalse_learnpredecoderFalse_learnloraFalse,3,pooled,13,7,3_6_10_11_4_8_2,1.000664472579956,0.599047619047619,1.3066506385803225,0.46,1.3606277704238892,0.46
bs64_lr0.001_distCOV_wd0.001_filterlen40_learndecoderFalse_schedulerTrue_windows0_dropout0.0_loralr0.0_preprocessorFalse_preencoderFalse_cutfillFalse_learnpredecoderFalse_learnloraFalse,3,pooled,14,7,3_6_10_11_4_8_2,1.0200512409210205,0.560952380952381,1.3375446796417236,0.36,1.4138696789741516,0.45
bs64_lr0.001_distCOV_wd0.001_filterlen40_learndecoderFalse_schedulerTrue_windows0_dropout0.0_loralr0.0_preprocessorFalse_preencoderFalse_cutfillFalse_learnpredecoderFalse_learnloraFalse,4,single,10,1,4,1.6055384874343872,0.275,1.6054410934448242,0.2,1.612630546092987,0.2
bs64_lr0.001_distCOV_wd0.001_filterlen40_learndecoderFalse_schedulerTrue_windows0_dropout0.0_loralr0.0_preprocessorFalse_preencoderFalse_cutfillFalse_learnpredecoderFalse_learnloraFalse,4,single,11,1,4,1.6340126991271973,0.215,1.609119176864624,0.2,1.607074797153473,0.19
bs64_lr0.001_distCOV_wd0.001_filterlen40_learndecoderFalse_schedulerTrue_windows0_dropout0.0_loralr0.0_preprocessorFalse_preencoderFalse_cutfillFalse_learnpredecoderFalse_learnloraFalse,4,single,12,1,4,1.5308451652526855,0.3166666666666666,1.6041181087493896,0.2,1.6230298280715942,0.2
bs64_lr0.001_distCOV_wd0.001_filterlen40_learndecoderFalse_schedulerTrue_windows0_dropout0.0_loralr0.0_preprocessorFalse_preencoderFalse_cutfillFalse_learnpredecoderFalse_learnloraFalse,4,single,13,1,4,1.6527177095413208,0.2283333333333333,1.6137182712554932,0.18,1.6149412393569946,0.21
bs64_lr0.001_distCOV_wd0.001_filterlen40_learndecoderFalse_schedulerTrue_windows0_dropout0.0_loralr0.0_preprocessorFalse_preencoderFalse_cutfillFalse_learnpredecoderFalse_learnloraFalse,4,single,14,1,4,1.5545947551727295,0.2516666666666666,1.602925181388855,0.21,1.6078428626060486,0.16
bs64_lr0.001_distCOV_wd0.001_filterlen40_learndecoderFalse_schedulerTrue_windows0_dropout0.0_loralr0.0_preprocessorFalse_preencoderFalse_cutfillFalse_learnpredecoderFalse_learnloraFalse,4,pooled,10,2,4_10,1.512616753578186,0.2375,1.5977108478546145,0.2,1.6249616742134094,0.15
bs64_lr0.001_distCOV_wd0.001_filterlen40_learndecoderFalse_schedulerTrue_windows0_dropout0.0_loralr0.0_preprocessorFalse_preencoderFalse_cutfillFalse_learnpredecoderFalse_learnloraFalse,4,pooled,11,2,4_10,1.6838315725326538,0.23,1.6180415153503418,0.16,1.6192200183868408,0.16
bs64_lr0.001_distCOV_wd0.001_filterlen40_learndecoderFalse_schedulerTrue_windows0_dropout0.0_loralr0.0_preprocessorFalse_preencoderFalse_cutfillFalse_learnpredecoderFalse_learnloraFalse,4,pooled,12,2,4_10,1.5955637693405151,0.2141666666666666,1.6012983322143557,0.21,1.6051974892616272,0.2
bs64_lr0.001_distCOV_wd0.001_filterlen40_learndecoderFalse_schedulerTrue_windows0_dropout0.0_loralr0.0_preprocessorFalse_preencoderFalse_cutfillFalse_learnpredecoderFalse_learnloraFalse,4,pooled,13,2,4_10,1.637472152709961,0.2466666666666666,1.6013368368148804,0.2,1.6026121377944946,0.19
bs64_lr0.001_distCOV_wd0.001_filterlen40_learndecoderFalse_schedulerTrue_windows0_dropout0.0_loralr0.0_preprocessorFalse_preencoderFalse_cutfillFalse_learnpredecoderFalse_learnloraFalse,4,pooled,14,2,4_10,1.619590163230896,0.1666666666666666,1.610343337059021,0.21,1.610740840435028,0.19
bs64_lr0.001_distCOV_wd0.001_filterlen40_learndecoderFalse_schedulerTrue_windows0_dropout0.0_loralr0.0_preprocessorFalse_preencoderFalse_cutfillFalse_learnpredecoderFalse_learnloraFalse,5,single,10,1,5,1.730335354804993,0.1766666666666666,1.6087329387664795,0.2,1.6081320643424988,0.2
bs64_lr0.001_distCOV_wd0.001_filterlen40_learndecoderFalse_schedulerTrue_windows0_dropout0.0_loralr0.0_preprocessorFalse_preencoderFalse_cutfillFalse_learnpredecoderFalse_learnloraFalse,5,single,11,1,5,1.6726868152618408,0.2083333333333333,1.612279176712036,0.2,1.6229363679885864,0.2
bs64_lr0.001_distCOV_wd0.001_filterlen40_learndecoderFalse_schedulerTrue_windows0_dropout0.0_loralr0.0_preprocessorFalse_preencoderFalse_cutfillFalse_learnpredecoderFalse_learnloraFalse,5,single,12,1,5,1.593611240386963,0.2433333333333333,1.5974140167236328,0.24,1.604123592376709,0.24
bs64_lr0.001_distCOV_wd0.001_filterlen40_learndecoderFalse_schedulerTrue_windows0_dropout0.0_loralr0.0_preprocessorFalse_preencoderFalse_cutfillFalse_learnpredecoderFalse_learnloraFalse,5,single,13,1,5,1.6368141174316406,0.2266666666666666,1.5925300121307373,0.14,1.6051575541496277,0.2
bs64_lr0.001_distCOV_wd0.001_filterlen40_learndecoderFalse_schedulerTrue_windows0_dropout0.0_loralr0.0_preprocessorFalse_preencoderFalse_cutfillFalse_learnpredecoderFalse_learnloraFalse,5,single,14,1,5,1.5944844484329224,0.245,1.6010870933532717,0.21,1.6023129224777222,0.22
bs64_lr0.001_distCOV_wd0.001_filterlen40_learndecoderFalse_schedulerTrue_windows0_dropout0.0_loralr0.0_preprocessorFalse_preencoderFalse_cutfillFalse_learnpredecoderFalse_learnloraFalse,5,pooled,10,3,5_9_6,0.7952872514724731,0.5994444444444444,1.5284578800201416,0.32,1.6257368922233582,0.27
bs64_lr0.001_distCOV_wd0.001_filterlen40_learndecoderFalse_schedulerTrue_windows0_dropout0.0_loralr0.0_preprocessorFalse_preencoderFalse_cutfillFalse_learnpredecoderFalse_learnloraFalse,5,pooled,11,3,5_9_6,1.674150466918945,0.2688888888888889,1.592543125152588,0.25,1.6070890426635742,0.24
bs64_lr0.001_distCOV_wd0.001_filterlen40_learndecoderFalse_schedulerTrue_windows0_dropout0.0_loralr0.0_preprocessorFalse_preencoderFalse_cutfillFalse_learnpredecoderFalse_learnloraFalse,5,pooled,12,3,5_9_6,1.5631043910980225,0.2288888888888889,1.5883629322052002,0.21,1.6154860258102417,0.21
bs64_lr0.001_distCOV_wd0.001_filterlen40_learndecoderFalse_schedulerTrue_windows0_dropout0.0_loralr0.0_preprocessorFalse_preencoderFalse_cutfillFalse_learnpredecoderFalse_learnloraFalse,5,pooled,13,3,5_9_6,1.5288804769515991,0.5538888888888889,1.5824799537658691,0.34,1.8741837739944456,0.21
bs64_lr0.001_distCOV_wd0.001_filterlen40_learndecoderFalse_schedulerTrue_windows0_dropout0.0_loralr0.0_preprocessorFalse_preencoderFalse_cutfillFalse_learnpredecoderFalse_learnloraFalse,5,pooled,14,3,5_9_6,1.7261265516281128,0.2355555555555555,1.588931918144226,0.23,1.6160688400268557,0.25
bs64_lr0.001_distCOV_wd0.001_filterlen40_learndecoderFalse_schedulerTrue_windows0_dropout0.0_loralr0.0_preprocessorFalse_preencoderFalse_cutfillFalse_learnpredecoderFalse_learnloraFalse,6,single,10,1,6,0.0396004058420658,0.9933333333333332,1.014354228973389,0.61,1.4810857772827148,0.48
bs64_lr0.001_distCOV_wd0.001_filterlen40_learndecoderFalse_schedulerTrue_windows0_dropout0.0_loralr0.0_preprocessorFalse_preencoderFalse_cutfillFalse_learnpredecoderFalse_learnloraFalse,6,single,11,1,6,0.0066128256730735,1.0,1.0777604579925537,0.59,1.433402240276337,0.54
bs64_lr0.001_distCOV_wd0.001_filterlen40_learndecoderFalse_schedulerTrue_windows0_dropout0.0_loralr0.0_preprocessorFalse_preencoderFalse_cutfillFalse_learnpredecoderFalse_learnloraFalse,6,single,12,1,6,0.0116517748683691,0.9983333333333332,1.1236357688903809,0.61,1.5968424081802368,0.5
bs64_lr0.001_distCOV_wd0.001_filterlen40_learndecoderFalse_schedulerTrue_windows0_dropout0.0_loralr0.0_preprocessorFalse_preencoderFalse_cutfillFalse_learnpredecoderFalse_learnloraFalse,6,single,13,1,6,0.0314489379525184,0.9983333333333332,1.187941074371338,0.54,1.8815299272537231,0.47
bs64_lr0.001_distCOV_wd0.001_filterlen40_learndecoderFalse_schedulerTrue_windows0_dropout0.0_loralr0.0_preprocessorFalse_preencoderFalse_cutfillFalse_learnpredecoderFalse_learnloraFalse,6,single,14,1,6,0.6294135451316833,0.865,1.250549077987671,0.53,1.4649789929389954,0.5
bs64_lr0.001_distCOV_wd0.001_filterlen40_learndecoderFalse_schedulerTrue_windows0_dropout0.0_loralr0.0_preprocessorFalse_preencoderFalse_cutfillFalse_learnpredecoderFalse_learnloraFalse,6,pooled,10,3,6_5_10,0.0979887992143631,0.8911111111111111,0.7381471991539001,0.72,1.010862946510315,0.64
bs64_lr0.001_distCOV_wd0.001_filterlen40_learndecoderFalse_schedulerTrue_windows0_dropout0.0_loralr0.0_preprocessorFalse_preencoderFalse_cutfillFalse_learnpredecoderFalse_learnloraFalse,6,pooled,11,3,6_5_10,0.930617094039917,0.6733333333333333,0.8980929851531982,0.64,0.9008151590824128,0.63
bs64_lr0.001_distCOV_wd0.001_filterlen40_learndecoderFalse_schedulerTrue_windows0_dropout0.0_loralr0.0_preprocessorFalse_preencoderFalse_cutfillFalse_learnpredecoderFalse_learnloraFalse,6,pooled,12,3,6_5_10,0.5230180621147156,0.9327777777777778,0.6622616052627563,0.78,1.2529957294464111,0.57
bs64_lr0.001_distCOV_wd0.001_filterlen40_learndecoderFalse_schedulerTrue_windows0_dropout0.0_loralr0.0_preprocessorFalse_preencoderFalse_cutfillFalse_learnpredecoderFalse_learnloraFalse,6,pooled,13,3,6_5_10,0.0561149790883064,0.8966666666666666,0.7507951855659485,0.71,1.098564624786377,0.61
bs64_lr0.001_distCOV_wd0.001_filterlen40_learndecoderFalse_schedulerTrue_windows0_dropout0.0_loralr0.0_preprocessorFalse_preencoderFalse_cutfillFalse_learnpredecoderFalse_learnloraFalse,6,pooled,14,3,6_5_10,0.284434050321579,0.78,0.7266411781311035,0.74,1.0481687486171722,0.62
bs64_lr0.001_distCOV_wd0.001_filterlen40_learndecoderFalse_schedulerTrue_windows0_dropout0.0_loralr0.0_preprocessorFalse_preencoderFalse_cutfillFalse_learnpredecoderFalse_learnloraFalse,7,single,10,1,7,0.6846578121185303,0.7966666666666666,1.3515188694000244,0.44,1.6587796211242676,0.39
bs64_lr0.001_distCOV_wd0.001_filterlen40_learndecoderFalse_schedulerTrue_windows0_dropout0.0_loralr0.0_preprocessorFalse_preencoderFalse_cutfillFalse_learnpredecoderFalse_learnloraFalse,7,single,11,1,7,0.64628005027771,0.89,1.2746858596801758,0.5,1.5381888151168823,0.39
bs64_lr0.001_distCOV_wd0.001_filterlen40_learndecoderFalse_schedulerTrue_windows0_dropout0.0_loralr0.0_preprocessorFalse_preencoderFalse_cutfillFalse_learnpredecoderFalse_learnloraFalse,7,single,12,1,7,0.4662108123302459,0.8716666666666667,1.4750794172286987,0.41,1.6267884969711304,0.48
bs64_lr0.001_distCOV_wd0.001_filterlen40_learndecoderFalse_schedulerTrue_windows0_dropout0.0_loralr0.0_preprocessorFalse_preencoderFalse_cutfillFalse_learnpredecoderFalse_learnloraFalse,7,single,13,1,7,0.6069681644439697,0.8166666666666667,1.2904740571975708,0.47,1.4279121160507202,0.47
bs64_lr0.001_distCOV_wd0.001_filterlen40_learndecoderFalse_schedulerTrue_windows0_dropout0.0_loralr0.0_preprocessorFalse_preencoderFalse_cutfillFalse_learnpredecoderFalse_learnloraFalse,7,single,14,1,7,0.5525568127632141,0.86,1.3142104148864746,0.44,1.4634628295898438,0.45
bs64_lr0.001_distCOV_wd0.001_filterlen40_learndecoderFalse_schedulerTrue_windows0_dropout0.0_loralr0.0_preprocessorFalse_preencoderFalse_cutfillFalse_learnpredecoderFalse_learnloraFalse,7,pooled,10,1,7,0.6846578121185303,0.7966666666666666,1.3515188694000244,0.44,1.6587796211242676,0.39
bs64_lr0.001_distCOV_wd0.001_filterlen40_learndecoderFalse_schedulerTrue_windows0_dropout0.0_loralr0.0_preprocessorFalse_preencoderFalse_cutfillFalse_learnpredecoderFalse_learnloraFalse,7,pooled,11,1,7,0.64628005027771,0.89,1.2746858596801758,0.5,1.5381888151168823,0.39
bs64_lr0.001_distCOV_wd0.001_filterlen40_learndecoderFalse_schedulerTrue_windows0_dropout0.0_loralr0.0_preprocessorFalse_preencoderFalse_cutfillFalse_learnpredecoderFalse_learnloraFalse,7,pooled,12,1,7,0.4662108123302459,0.8716666666666667,1.4750794172286987,0.41,1.6267884969711304,0.48
bs64_lr0.001_distCOV_wd0.001_filterlen40_learndecoderFalse_schedulerTrue_windows0_dropout0.0_loralr0.0_preprocessorFalse_preencoderFalse_cutfillFalse_learnpredecoderFalse_learnloraFalse,7,pooled,13,1,7,0.6069681644439697,0.8166666666666667,1.2904740571975708,0.47,1.4279121160507202,0.47
bs64_lr0.001_distCOV_wd0.001_filterlen40_learndecoderFalse_schedulerTrue_windows0_dropout0.0_loralr0.0_preprocessorFalse_preencoderFalse_cutfillFalse_learnpredecoderFalse_learnloraFalse,7,pooled,14,1,7,0.5525568127632141,0.86,1.3142104148864746,0.44,1.4634628295898438,0.45
bs64_lr0.001_distCOV_wd0.001_filterlen40_learndecoderFalse_schedulerTrue_windows0_dropout0.0_loralr0.0_preprocessorFalse_preencoderFalse_cutfillFalse_learnpredecoderFalse_learnloraFalse,8,single,10,1,8,1.5670510530471802,0.2666666666666666,1.607231616973877,0.17,1.6134510040283203,0.18
bs64_lr0.001_distCOV_wd0.001_filterlen40_learndecoderFalse_schedulerTrue_windows0_dropout0.0_loralr0.0_preprocessorFalse_preencoderFalse_cutfillFalse_learnpredecoderFalse_learnloraFalse,8,single,11,1,8,1.6624354124069214,0.1883333333333333,1.605061173439026,0.19,1.607271134853363,0.19
bs64_lr0.001_distCOV_wd0.001_filterlen40_learndecoderFalse_schedulerTrue_windows0_dropout0.0_loralr0.0_preprocessorFalse_preencoderFalse_cutfillFalse_learnpredecoderFalse_learnloraFalse,8,single,12,1,8,1.581817626953125,0.27,1.6073787212371826,0.21,1.6059283018112185,0.19
bs64_lr0.001_distCOV_wd0.001_filterlen40_learndecoderFalse_schedulerTrue_windows0_dropout0.0_loralr0.0_preprocessorFalse_preencoderFalse_cutfillFalse_learnpredecoderFalse_learnloraFalse,8,single,13,1,8,1.567945957183838,0.265,1.608542799949646,0.21,1.6142572164535522,0.2
bs64_lr0.001_distCOV_wd0.001_filterlen40_learndecoderFalse_schedulerTrue_windows0_dropout0.0_loralr0.0_preprocessorFalse_preencoderFalse_cutfillFalse_learnpredecoderFalse_learnloraFalse,8,single,14,1,8,1.4641414880752563,0.4683333333333333,1.5931673049926758,0.26,1.6102011799812317,0.25
bs64_lr0.001_distCOV_wd0.001_filterlen40_learndecoderFalse_schedulerTrue_windows0_dropout0.0_loralr0.0_preprocessorFalse_preencoderFalse_cutfillFalse_learnpredecoderFalse_learnloraFalse,8,pooled,10,4,8_4_7_10,1.5473079681396484,0.3129166666666667,1.5865682363510132,0.25,1.6851062178611755,0.23
bs64_lr0.001_distCOV_wd0.001_filterlen40_learndecoderFalse_schedulerTrue_windows0_dropout0.0_loralr0.0_preprocessorFalse_preencoderFalse_cutfillFalse_learnpredecoderFalse_learnloraFalse,8,pooled,11,4,8_4_7_10,1.5623302459716797,0.2466666666666666,1.6071252822875977,0.24,1.594352304935455,0.29
bs64_lr0.001_distCOV_wd0.001_filterlen40_learndecoderFalse_schedulerTrue_windows0_dropout0.0_loralr0.0_preprocessorFalse_preencoderFalse_cutfillFalse_learnpredecoderFalse_learnloraFalse,8,pooled,12,4,8_4_7_10,1.6431070566177368,0.2729166666666666,1.6109843254089355,0.27,1.6089783906936646,0.22
bs64_lr0.001_distCOV_wd0.001_filterlen40_learndecoderFalse_schedulerTrue_windows0_dropout0.0_loralr0.0_preprocessorFalse_preencoderFalse_cutfillFalse_learnpredecoderFalse_learnloraFalse,8,pooled,13,4,8_4_7_10,1.5107578039169312,0.3325,1.5781307220458984,0.24,1.6279155015945437,0.2
bs64_lr0.001_distCOV_wd0.001_filterlen40_learndecoderFalse_schedulerTrue_windows0_dropout0.0_loralr0.0_preprocessorFalse_preencoderFalse_cutfillFalse_learnpredecoderFalse_learnloraFalse,8,pooled,14,4,8_4_7_10,1.6069546937942505,0.2070833333333333,1.607607364654541,0.19,1.6121038794517517,0.23
bs64_lr0.001_distCOV_wd0.001_filterlen40_learndecoderFalse_schedulerTrue_windows0_dropout0.0_loralr0.0_preprocessorFalse_preencoderFalse_cutfillFalse_learnpredecoderFalse_learnloraFalse,9,single,10,1,9,0.3720299005508423,0.9433333333333334,0.3911653161048889,0.85,0.9211654663085938,0.65
bs64_lr0.001_distCOV_wd0.001_filterlen40_learndecoderFalse_schedulerTrue_windows0_dropout0.0_loralr0.0_preprocessorFalse_preencoderFalse_cutfillFalse_learnpredecoderFalse_learnloraFalse,9,single,11,1,9,0.0184808988124132,0.9983333333333332,0.3256743252277374,0.88,0.992467761039734,0.68
bs64_lr0.001_distCOV_wd0.001_filterlen40_learndecoderFalse_schedulerTrue_windows0_dropout0.0_loralr0.0_preprocessorFalse_preencoderFalse_cutfillFalse_learnpredecoderFalse_learnloraFalse,9,single,12,1,9,0.0069947596639394,0.9983333333333332,0.371626079082489,0.84,0.9822724759578704,0.69
bs64_lr0.001_distCOV_wd0.001_filterlen40_learndecoderFalse_schedulerTrue_windows0_dropout0.0_loralr0.0_preprocessorFalse_preencoderFalse_cutfillFalse_learnpredecoderFalse_learnloraFalse,9,single,13,1,9,0.0390940010547637,0.995,0.2621519565582275,0.89,0.7360616624355316,0.74
bs64_lr0.001_distCOV_wd0.001_filterlen40_learndecoderFalse_schedulerTrue_windows0_dropout0.0_loralr0.0_preprocessorFalse_preencoderFalse_cutfillFalse_learnpredecoderFalse_learnloraFalse,9,single,14,1,9,0.0153961097821593,0.995,0.3171672224998474,0.88,0.8191046714782715,0.72
bs64_lr0.001_distCOV_wd0.001_filterlen40_learndecoderFalse_schedulerTrue_windows0_dropout0.0_loralr0.0_preprocessorFalse_preencoderFalse_cutfillFalse_learnpredecoderFalse_learnloraFalse,9,pooled,10,3,9_5_10,0.6762206554412842,0.9488888888888888,0.2604747414588928,0.9,0.7708255350589752,0.77
bs64_lr0.001_distCOV_wd0.001_filterlen40_learndecoderFalse_schedulerTrue_windows0_dropout0.0_loralr0.0_preprocessorFalse_preencoderFalse_cutfillFalse_learnpredecoderFalse_learnloraFalse,9,pooled,11,3,9_5_10,0.9594298601150512,0.8433333333333334,0.2127237021923065,0.92,0.618552029132843,0.8
bs64_lr0.001_distCOV_wd0.001_filterlen40_learndecoderFalse_schedulerTrue_windows0_dropout0.0_loralr0.0_preprocessorFalse_preencoderFalse_cutfillFalse_learnpredecoderFalse_learnloraFalse,9,pooled,12,3,9_5_10,0.207655668258667,0.8216666666666667,0.2264390587806701,0.91,0.4592300057411194,0.83
bs64_lr0.001_distCOV_wd0.001_filterlen40_learndecoderFalse_schedulerTrue_windows0_dropout0.0_loralr0.0_preprocessorFalse_preencoderFalse_cutfillFalse_learnpredecoderFalse_learnloraFalse,9,pooled,13,3,9_5_10,0.012621808797121,0.9466666666666668,0.1948425769805908,0.91,0.61875319480896,0.77
bs64_lr0.001_distCOV_wd0.001_filterlen40_learndecoderFalse_schedulerTrue_windows0_dropout0.0_loralr0.0_preprocessorFalse_preencoderFalse_cutfillFalse_learnpredecoderFalse_learnloraFalse,9,pooled,14,3,9_5_10,0.4884018898010254,0.9472222222222222,0.2228768616914749,0.91,0.5130933225154877,0.81
bs64_lr0.001_distCOV_wd0.001_filterlen40_learndecoderFalse_schedulerTrue_windows0_dropout0.0_loralr0.0_preprocessorFalse_preencoderFalse_cutfillFalse_learnpredecoderFalse_learnloraFalse,10,single,10,1,10,0.3855411410331726,0.935,1.3891215324401855,0.48,1.432295799255371,0.42
bs64_lr0.001_distCOV_wd0.001_filterlen40_learndecoderFalse_schedulerTrue_windows0_dropout0.0_loralr0.0_preprocessorFalse_preencoderFalse_cutfillFalse_learnpredecoderFalse_learnloraFalse,10,single,11,1,10,0.1635796278715133,0.9816666666666668,1.4126123189926147,0.42,1.90214478969574,0.32
bs64_lr0.001_distCOV_wd0.001_filterlen40_learndecoderFalse_schedulerTrue_windows0_dropout0.0_loralr0.0_preprocessorFalse_preencoderFalse_cutfillFalse_learnpredecoderFalse_learnloraFalse,10,single,12,1,10,0.6262637972831726,0.85,1.4542723894119265,0.45,1.4775801301002502,0.44
bs64_lr0.001_distCOV_wd0.001_filterlen40_learndecoderFalse_schedulerTrue_windows0_dropout0.0_loralr0.0_preprocessorFalse_preencoderFalse_cutfillFalse_learnpredecoderFalse_learnloraFalse,10,single,13,1,10,0.5800761580467224,0.8533333333333334,1.3997095823287964,0.49,1.5100910067558289,0.47
bs64_lr0.001_distCOV_wd0.001_filterlen40_learndecoderFalse_schedulerTrue_windows0_dropout0.0_loralr0.0_preprocessorFalse_preencoderFalse_cutfillFalse_learnpredecoderFalse_learnloraFalse,10,single,14,1,10,0.3545860350131988,0.9016666666666666,1.3414033651351929,0.47,1.512726902961731,0.4
bs64_lr0.001_distCOV_wd0.001_filterlen40_learndecoderFalse_schedulerTrue_windows0_dropout0.0_loralr0.0_preprocessorFalse_preencoderFalse_cutfillFalse_learnpredecoderFalse_learnloraFalse,10,pooled,10,6,10_6_4_1_7_2,0.161567285656929,0.8855555555555555,1.020650863647461,0.61,0.9268427789211272,0.66
bs64_lr0.001_distCOV_wd0.001_filterlen40_learndecoderFalse_schedulerTrue_windows0_dropout0.0_loralr0.0_preprocessorFalse_preencoderFalse_cutfillFalse_learnpredecoderFalse_learnloraFalse,10,pooled,11,6,10_6_4_1_7_2,1.059145212173462,0.6352777777777778,0.8862838745117188,0.64,0.977866232395172,0.59
bs64_lr0.001_distCOV_wd0.001_filterlen40_learndecoderFalse_schedulerTrue_windows0_dropout0.0_loralr0.0_preprocessorFalse_preencoderFalse_cutfillFalse_learnpredecoderFalse_learnloraFalse,10,pooled,12,6,10_6_4_1_7_2,0.7110049724578857,0.6383333333333333,0.9006223678588867,0.67,0.8700554370880127,0.63
bs64_lr0.001_distCOV_wd0.001_filterlen40_learndecoderFalse_schedulerTrue_windows0_dropout0.0_loralr0.0_preprocessorFalse_preencoderFalse_cutfillFalse_learnpredecoderFalse_learnloraFalse,10,pooled,13,6,10_6_4_1_7_2,1.184558391571045,0.6541666666666667,1.0187437534332275,0.61,1.029184341430664,0.63
bs64_lr0.001_distCOV_wd0.001_filterlen40_learndecoderFalse_schedulerTrue_windows0_dropout0.0_loralr0.0_preprocessorFalse_preencoderFalse_cutfillFalse_learnpredecoderFalse_learnloraFalse,10,pooled,14,6,10_6_4_1_7_2,0.6134753823280334,0.6577777777777778,0.9618868231773376,0.66,0.8362247049808502,0.68
bs64_lr0.001_distCOV_wd0.001_filterlen40_learndecoderFalse_schedulerTrue_windows0_dropout0.0_loralr0.0_preprocessorFalse_preencoderFalse_cutfillFalse_learnpredecoderFalse_learnloraFalse,11,single,10,1,11,0.1220158040523529,0.9733333333333334,1.0912070274353027,0.58,0.8144983947277069,0.64
bs64_lr0.001_distCOV_wd0.001_filterlen40_learndecoderFalse_schedulerTrue_windows0_dropout0.0_loralr0.0_preprocessorFalse_preencoderFalse_cutfillFalse_learnpredecoderFalse_learnloraFalse,11,single,11,1,11,0.0727210342884063,0.995,0.9230358004570008,0.68,0.8753171563148499,0.72
bs64_lr0.001_distCOV_wd0.001_filterlen40_learndecoderFalse_schedulerTrue_windows0_dropout0.0_loralr0.0_preprocessorFalse_preencoderFalse_cutfillFalse_learnpredecoderFalse_learnloraFalse,11,single,12,1,11,0.0666677951812744,0.9933333333333332,1.0476999282836914,0.6,0.7811392247676849,0.74
bs64_lr0.001_distCOV_wd0.001_filterlen40_learndecoderFalse_schedulerTrue_windows0_dropout0.0_loralr0.0_preprocessorFalse_preencoderFalse_cutfillFalse_learnpredecoderFalse_learnloraFalse,11,single,13,1,11,0.0269482191652059,0.99,1.1213703155517578,0.57,1.0121169686317444,0.65
bs64_lr0.001_distCOV_wd0.001_filterlen40_learndecoderFalse_schedulerTrue_windows0_dropout0.0_loralr0.0_preprocessorFalse_preencoderFalse_cutfillFalse_learnpredecoderFalse_learnloraFalse,11,single,14,1,11,0.0059480816125869,1.0,1.0668301582336426,0.54,0.8879885077476501,0.7
bs64_lr0.001_distCOV_wd0.001_filterlen40_learndecoderFalse_schedulerTrue_windows0_dropout0.0_loralr0.0_preprocessorFalse_preencoderFalse_cutfillFalse_learnpredecoderFalse_learnloraFalse,11,pooled,10,1,11,0.1220158040523529,0.9733333333333334,1.0912070274353027,0.58,0.8144983947277069,0.64
bs64_lr0.001_distCOV_wd0.001_filterlen40_learndecoderFalse_schedulerTrue_windows0_dropout0.0_loralr0.0_preprocessorFalse_preencoderFalse_cutfillFalse_learnpredecoderFalse_learnloraFalse,11,pooled,11,1,11,0.0727210342884063,0.995,0.9230358004570008,0.68,0.8753171563148499,0.72
bs64_lr0.001_distCOV_wd0.001_filterlen40_learndecoderFalse_schedulerTrue_windows0_dropout0.0_loralr0.0_preprocessorFalse_preencoderFalse_cutfillFalse_learnpredecoderFalse_learnloraFalse,11,pooled,12,1,11,0.0666677951812744,0.9933333333333332,1.0476999282836914,0.6,0.7811392247676849,0.74
bs64_lr0.001_distCOV_wd0.001_filterlen40_learndecoderFalse_schedulerTrue_windows0_dropout0.0_loralr0.0_preprocessorFalse_preencoderFalse_cutfillFalse_learnpredecoderFalse_learnloraFalse,11,pooled,13,1,11,0.0269482191652059,0.99,1.1213703155517578,0.57,1.0121169686317444,0.65
bs64_lr0.001_distCOV_wd0.001_filterlen40_learndecoderFalse_schedulerTrue_windows0_dropout0.0_loralr0.0_preprocessorFalse_preencoderFalse_cutfillFalse_learnpredecoderFalse_learnloraFalse,11,pooled,14,1,11,0.0059480816125869,1.0,1.0668301582336426,0.54,0.8879885077476501,0.7
bs64_lr0.0001_distAE_wd0.01_filterlen40_learndecoderFalse_schedulerTrue_windows0_dropout0.0_loralr0.0_preprocessorFalse_preencoderFalse_cutfillFalse_learnpredecoderFalse_learnloraFalse,1,single,10,1,1,0.1840299218893051,0.9833333333333332,1.063747763633728,0.54,1.0608276724815369,0.59
bs64_lr0.0001_distAE_wd0.01_filterlen40_learndecoderFalse_schedulerTrue_windows0_dropout0.0_loralr0.0_preprocessorFalse_preencoderFalse_cutfillFalse_learnpredecoderFalse_learnloraFalse,1,single,11,1,1,0.5060573220252991,0.9166666666666666,1.086984634399414,0.62,1.0611788630485537,0.56
bs64_lr0.0001_distAE_wd0.01_filterlen40_learndecoderFalse_schedulerTrue_windows0_dropout0.0_loralr0.0_preprocessorFalse_preencoderFalse_cutfillFalse_learnpredecoderFalse_learnloraFalse,1,single,12,1,1,0.2098181843757629,0.9683333333333334,1.0964614152908323,0.61,1.0146836638450625,0.63
bs64_lr0.0001_distAE_wd0.01_filterlen40_learndecoderFalse_schedulerTrue_windows0_dropout0.0_loralr0.0_preprocessorFalse_preencoderFalse_cutfillFalse_learnpredecoderFalse_learnloraFalse,1,single,13,1,1,0.4553093612194061,0.92,1.043471336364746,0.6,0.8993357419967651,0.62
bs64_lr0.0001_distAE_wd0.01_filterlen40_learndecoderFalse_schedulerTrue_windows0_dropout0.0_loralr0.0_preprocessorFalse_preencoderFalse_cutfillFalse_learnpredecoderFalse_learnloraFalse,1,single,14,1,1,0.5270874500274658,0.9116666666666666,1.1283152103424072,0.62,0.8712057769298553,0.7
bs64_lr0.0001_distAE_wd0.01_filterlen40_learndecoderFalse_schedulerTrue_windows0_dropout0.0_loralr0.0_preprocessorFalse_preencoderFalse_cutfillFalse_learnpredecoderFalse_learnloraFalse,1,pooled,10,3,1_7_3,1.7486180067062378,0.76,0.8662527799606323,0.69,0.9669214189052582,0.72
bs64_lr0.0001_distAE_wd0.01_filterlen40_learndecoderFalse_schedulerTrue_windows0_dropout0.0_loralr0.0_preprocessorFalse_preencoderFalse_cutfillFalse_learnpredecoderFalse_learnloraFalse,1,pooled,11,3,1_7_3,0.5291127562522888,0.7383333333333333,0.963249444961548,0.67,0.8390636444091797,0.64
bs64_lr0.0001_distAE_wd0.01_filterlen40_learndecoderFalse_schedulerTrue_windows0_dropout0.0_loralr0.0_preprocessorFalse_preencoderFalse_cutfillFalse_learnpredecoderFalse_learnloraFalse,1,pooled,12,3,1_7_3,0.9469004273414612,0.6172222222222222,0.8862209320068359,0.67,0.8908334076404572,0.74
bs64_lr0.0001_distAE_wd0.01_filterlen40_learndecoderFalse_schedulerTrue_windows0_dropout0.0_loralr0.0_preprocessorFalse_preencoderFalse_cutfillFalse_learnpredecoderFalse_learnloraFalse,1,pooled,13,3,1_7_3,0.67259681224823,0.755,0.9137924909591676,0.65,0.8708839118480682,0.67
bs64_lr0.0001_distAE_wd0.01_filterlen40_learndecoderFalse_schedulerTrue_windows0_dropout0.0_loralr0.0_preprocessorFalse_preencoderFalse_cutfillFalse_learnpredecoderFalse_learnloraFalse,1,pooled,14,3,1_7_3,0.7398450970649719,0.8216666666666667,1.0658221244812012,0.6,0.9543090760707856,0.66
bs64_lr0.0001_distAE_wd0.01_filterlen40_learndecoderFalse_schedulerTrue_windows0_dropout0.0_loralr0.0_preprocessorFalse_preencoderFalse_cutfillFalse_learnpredecoderFalse_learnloraFalse,2,single,10,1,2,0.2420052140951156,0.955,1.546305537223816,0.39,1.112001210451126,0.68
bs64_lr0.0001_distAE_wd0.01_filterlen40_learndecoderFalse_schedulerTrue_windows0_dropout0.0_loralr0.0_preprocessorFalse_preencoderFalse_cutfillFalse_learnpredecoderFalse_learnloraFalse,2,single,11,1,2,0.2783148884773254,0.9566666666666668,1.3012760877609253,0.52,1.117150902748108,0.7
bs64_lr0.0001_distAE_wd0.01_filterlen40_learndecoderFalse_schedulerTrue_windows0_dropout0.0_loralr0.0_preprocessorFalse_preencoderFalse_cutfillFalse_learnpredecoderFalse_learnloraFalse,2,single,12,1,2,0.2294213622808456,0.9666666666666668,1.03568696975708,0.68,0.7950801849365234,0.73
bs64_lr0.0001_distAE_wd0.01_filterlen40_learndecoderFalse_schedulerTrue_windows0_dropout0.0_loralr0.0_preprocessorFalse_preencoderFalse_cutfillFalse_learnpredecoderFalse_learnloraFalse,2,single,13,1,2,0.2226683944463729,0.98,1.187569499015808,0.5,1.033648431301117,0.7
bs64_lr0.0001_distAE_wd0.01_filterlen40_learndecoderFalse_schedulerTrue_windows0_dropout0.0_loralr0.0_preprocessorFalse_preencoderFalse_cutfillFalse_learnpredecoderFalse_learnloraFalse,2,single,14,1,2,0.2204292863607406,0.985,0.9799476861953736,0.64,0.9102681279182434,0.78
bs64_lr0.0001_distAE_wd0.01_filterlen40_learndecoderFalse_schedulerTrue_windows0_dropout0.0_loralr0.0_preprocessorFalse_preencoderFalse_cutfillFalse_learnpredecoderFalse_learnloraFalse,2,pooled,10,3,2_1_11,0.9080509543418884,0.9,1.0322504043579102,0.57,0.6631838381290436,0.76
bs64_lr0.0001_distAE_wd0.01_filterlen40_learndecoderFalse_schedulerTrue_windows0_dropout0.0_loralr0.0_preprocessorFalse_preencoderFalse_cutfillFalse_learnpredecoderFalse_learnloraFalse,2,pooled,11,3,2_1_11,0.4190428256988525,0.9383333333333334,1.1385247707366943,0.63,1.0137354731559751,0.69
bs64_lr0.0001_distAE_wd0.01_filterlen40_learndecoderFalse_schedulerTrue_windows0_dropout0.0_loralr0.0_preprocessorFalse_preencoderFalse_cutfillFalse_learnpredecoderFalse_learnloraFalse,2,pooled,12,3,2_1_11,0.3703304529190063,0.9522222222222222,1.0197263956069946,0.64,0.7820735275745392,0.77
bs64_lr0.0001_distAE_wd0.01_filterlen40_learndecoderFalse_schedulerTrue_windows0_dropout0.0_loralr0.0_preprocessorFalse_preencoderFalse_cutfillFalse_learnpredecoderFalse_learnloraFalse,2,pooled,13,3,2_1_11,1.3192445039749146,0.8766666666666667,1.1069035530090332,0.56,1.0309918820858002,0.62
bs64_lr0.0001_distAE_wd0.01_filterlen40_learndecoderFalse_schedulerTrue_windows0_dropout0.0_loralr0.0_preprocessorFalse_preencoderFalse_cutfillFalse_learnpredecoderFalse_learnloraFalse,2,pooled,14,3,2_1_11,1.4073197841644287,0.9533333333333334,1.0186092853546145,0.62,0.7404376864433289,0.75
bs64_lr0.0001_distAE_wd0.01_filterlen40_learndecoderFalse_schedulerTrue_windows0_dropout0.0_loralr0.0_preprocessorFalse_preencoderFalse_cutfillFalse_learnpredecoderFalse_learnloraFalse,3,single,10,1,3,1.6807162761688232,0.16,1.6139456033706665,0.15,1.6170474290847778,0.15
bs64_lr0.0001_distAE_wd0.01_filterlen40_learndecoderFalse_schedulerTrue_windows0_dropout0.0_loralr0.0_preprocessorFalse_preencoderFalse_cutfillFalse_learnpredecoderFalse_learnloraFalse,3,single,11,1,3,0.4248392283916473,0.9483333333333334,1.4944859743118286,0.4,1.4894111156463623,0.42
bs64_lr0.0001_distAE_wd0.01_filterlen40_learndecoderFalse_schedulerTrue_windows0_dropout0.0_loralr0.0_preprocessorFalse_preencoderFalse_cutfillFalse_learnpredecoderFalse_learnloraFalse,3,single,12,1,3,0.9549286365509032,0.7066666666666667,1.5375405550003052,0.28,1.5555612444877625,0.33
bs64_lr0.0001_distAE_wd0.01_filterlen40_learndecoderFalse_schedulerTrue_windows0_dropout0.0_loralr0.0_preprocessorFalse_preencoderFalse_cutfillFalse_learnpredecoderFalse_learnloraFalse,3,single,13,1,3,0.1881173700094223,0.9783333333333334,1.499025583267212,0.41,1.5429439544677734,0.37
bs64_lr0.0001_distAE_wd0.01_filterlen40_learndecoderFalse_schedulerTrue_windows0_dropout0.0_loralr0.0_preprocessorFalse_preencoderFalse_cutfillFalse_learnpredecoderFalse_learnloraFalse,3,single,14,1,3,1.0398753881454468,0.6983333333333334,1.562480926513672,0.32,1.5802050828933716,0.31
bs64_lr0.0001_distAE_wd0.01_filterlen40_learndecoderFalse_schedulerTrue_windows0_dropout0.0_loralr0.0_preprocessorFalse_preencoderFalse_cutfillFalse_learnpredecoderFalse_learnloraFalse,3,pooled,10,4,3_11_10_7,0.4462426006793976,0.9033333333333332,1.4340260028839111,0.37,1.7330999970436096,0.37
bs64_lr0.0001_distAE_wd0.01_filterlen40_learndecoderFalse_schedulerTrue_windows0_dropout0.0_loralr0.0_preprocessorFalse_preencoderFalse_cutfillFalse_learnpredecoderFalse_learnloraFalse,3,pooled,11,4,3_11_10_7,1.0718779563903809,0.5754166666666667,1.5582845211029053,0.31,1.6240450143814087,0.23
bs64_lr0.0001_distAE_wd0.01_filterlen40_learndecoderFalse_schedulerTrue_windows0_dropout0.0_loralr0.0_preprocessorFalse_preencoderFalse_cutfillFalse_learnpredecoderFalse_learnloraFalse,3,pooled,12,4,3_11_10_7,1.5314044952392578,0.29125,1.5955557823181152,0.24,1.600476861000061,0.25
bs64_lr0.0001_distAE_wd0.01_filterlen40_learndecoderFalse_schedulerTrue_windows0_dropout0.0_loralr0.0_preprocessorFalse_preencoderFalse_cutfillFalse_learnpredecoderFalse_learnloraFalse,3,pooled,13,4,3_11_10_7,0.8166126608848572,0.7504166666666666,1.5306308269500732,0.33,1.708600997924805,0.26
bs64_lr0.0001_distAE_wd0.01_filterlen40_learndecoderFalse_schedulerTrue_windows0_dropout0.0_loralr0.0_preprocessorFalse_preencoderFalse_cutfillFalse_learnpredecoderFalse_learnloraFalse,3,pooled,14,4,3_11_10_7,1.4812692403793335,0.4166666666666667,1.5777316093444824,0.27,1.6613035202026367,0.19
bs64_lr0.0001_distAE_wd0.01_filterlen40_learndecoderFalse_schedulerTrue_windows0_dropout0.0_loralr0.0_preprocessorFalse_preencoderFalse_cutfillFalse_learnpredecoderFalse_learnloraFalse,4,single,10,1,4,1.6265785694122314,0.22,1.606061935424805,0.2,1.612948656082153,0.2
bs64_lr0.0001_distAE_wd0.01_filterlen40_learndecoderFalse_schedulerTrue_windows0_dropout0.0_loralr0.0_preprocessorFalse_preencoderFalse_cutfillFalse_learnpredecoderFalse_learnloraFalse,4,single,11,1,4,1.621301531791687,0.1883333333333333,1.606053113937378,0.2,1.6074076890945437,0.2
bs64_lr0.0001_distAE_wd0.01_filterlen40_learndecoderFalse_schedulerTrue_windows0_dropout0.0_loralr0.0_preprocessorFalse_preencoderFalse_cutfillFalse_learnpredecoderFalse_learnloraFalse,4,single,12,1,4,1.6409811973571775,0.1566666666666666,1.6144498586654663,0.22,1.6102556586265564,0.18
bs64_lr0.0001_distAE_wd0.01_filterlen40_learndecoderFalse_schedulerTrue_windows0_dropout0.0_loralr0.0_preprocessorFalse_preencoderFalse_cutfillFalse_learnpredecoderFalse_learnloraFalse,4,single,13,1,4,1.6930111646652222,0.16,1.621994137763977,0.16,1.6219253540039062,0.16
bs64_lr0.0001_distAE_wd0.01_filterlen40_learndecoderFalse_schedulerTrue_windows0_dropout0.0_loralr0.0_preprocessorFalse_preencoderFalse_cutfillFalse_learnpredecoderFalse_learnloraFalse,4,single,14,1,4,1.637040615081787,0.21,1.6071045398712158,0.24,1.6077918410301208,0.23
bs64_lr0.0001_distAE_wd0.01_filterlen40_learndecoderFalse_schedulerTrue_windows0_dropout0.0_loralr0.0_preprocessorFalse_preencoderFalse_cutfillFalse_learnpredecoderFalse_learnloraFalse,4,pooled,10,6,4_11_7_8_1_2,1.6540135145187378,0.3288888888888889,1.5513038635253906,0.3,1.6173498034477234,0.21
bs64_lr0.0001_distAE_wd0.01_filterlen40_learndecoderFalse_schedulerTrue_windows0_dropout0.0_loralr0.0_preprocessorFalse_preencoderFalse_cutfillFalse_learnpredecoderFalse_learnloraFalse,4,pooled,11,6,4_11_7_8_1_2,1.474398851394653,0.365,1.562509059906006,0.3,1.676586627960205,0.28
bs64_lr0.0001_distAE_wd0.01_filterlen40_learndecoderFalse_schedulerTrue_windows0_dropout0.0_loralr0.0_preprocessorFalse_preencoderFalse_cutfillFalse_learnpredecoderFalse_learnloraFalse,4,pooled,12,6,4_11_7_8_1_2,1.494423270225525,0.2716666666666666,1.60147225856781,0.24,1.612150251865387,0.22
bs64_lr0.0001_distAE_wd0.01_filterlen40_learndecoderFalse_schedulerTrue_windows0_dropout0.0_loralr0.0_preprocessorFalse_preencoderFalse_cutfillFalse_learnpredecoderFalse_learnloraFalse,4,pooled,13,6,4_11_7_8_1_2,1.5136234760284424,0.3416666666666667,1.588191270828247,0.3,1.6262317895889282,0.19
bs64_lr0.0001_distAE_wd0.01_filterlen40_learndecoderFalse_schedulerTrue_windows0_dropout0.0_loralr0.0_preprocessorFalse_preencoderFalse_cutfillFalse_learnpredecoderFalse_learnloraFalse,4,pooled,14,6,4_11_7_8_1_2,1.120197057723999,0.4711111111111111,1.5459134578704834,0.37,1.7150075435638428,0.23
bs64_lr0.0001_distAE_wd0.01_filterlen40_learndecoderFalse_schedulerTrue_windows0_dropout0.0_loralr0.0_preprocessorFalse_preencoderFalse_cutfillFalse_learnpredecoderFalse_learnloraFalse,5,single,10,1,5,1.7002708911895752,0.16,1.615569829940796,0.17,1.6168206334114077,0.21
bs64_lr0.0001_distAE_wd0.01_filterlen40_learndecoderFalse_schedulerTrue_windows0_dropout0.0_loralr0.0_preprocessorFalse_preencoderFalse_cutfillFalse_learnpredecoderFalse_learnloraFalse,5,single,11,1,5,1.576236367225647,0.2916666666666667,1.5989785194396973,0.24,1.6027222871780396,0.2
bs64_lr0.0001_distAE_wd0.01_filterlen40_learndecoderFalse_schedulerTrue_windows0_dropout0.0_loralr0.0_preprocessorFalse_preencoderFalse_cutfillFalse_learnpredecoderFalse_learnloraFalse,5,single,12,1,5,1.5550838708877563,0.31,1.58012592792511,0.2,1.6006852984428406,0.26
bs64_lr0.0001_distAE_wd0.01_filterlen40_learndecoderFalse_schedulerTrue_windows0_dropout0.0_loralr0.0_preprocessorFalse_preencoderFalse_cutfillFalse_learnpredecoderFalse_learnloraFalse,5,single,13,1,5,1.6212973594665527,0.2766666666666666,1.5764966011047363,0.24,1.6016461849212646,0.24
bs64_lr0.0001_distAE_wd0.01_filterlen40_learndecoderFalse_schedulerTrue_windows0_dropout0.0_loralr0.0_preprocessorFalse_preencoderFalse_cutfillFalse_learnpredecoderFalse_learnloraFalse,5,single,14,1,5,1.5171504020690918,0.2533333333333333,1.5888993740081787,0.2,1.5966401100158691,0.26
bs64_lr0.0001_distAE_wd0.01_filterlen40_learndecoderFalse_schedulerTrue_windows0_dropout0.0_loralr0.0_preprocessorFalse_preencoderFalse_cutfillFalse_learnpredecoderFalse_learnloraFalse,5,pooled,10,3,5_6_4,1.6092400550842283,0.2916666666666667,1.5703738927841189,0.23,1.5893771648406982,0.25
bs64_lr0.0001_distAE_wd0.01_filterlen40_learndecoderFalse_schedulerTrue_windows0_dropout0.0_loralr0.0_preprocessorFalse_preencoderFalse_cutfillFalse_learnpredecoderFalse_learnloraFalse,5,pooled,11,3,5_6_4,1.4504506587982178,0.3338888888888889,1.6165151596069336,0.21,1.6052079796791077,0.15
bs64_lr0.0001_distAE_wd0.01_filterlen40_learndecoderFalse_schedulerTrue_windows0_dropout0.0_loralr0.0_preprocessorFalse_preencoderFalse_cutfillFalse_learnpredecoderFalse_learnloraFalse,5,pooled,12,3,5_6_4,1.4294406175613403,0.2638888888888889,1.5885860919952393,0.17,1.586151659488678,0.23
bs64_lr0.0001_distAE_wd0.01_filterlen40_learndecoderFalse_schedulerTrue_windows0_dropout0.0_loralr0.0_preprocessorFalse_preencoderFalse_cutfillFalse_learnpredecoderFalse_learnloraFalse,5,pooled,13,3,5_6_4,1.6799089908599854,0.2505555555555555,1.60536789894104,0.25,1.6099588871002195,0.23
bs64_lr0.0001_distAE_wd0.01_filterlen40_learndecoderFalse_schedulerTrue_windows0_dropout0.0_loralr0.0_preprocessorFalse_preencoderFalse_cutfillFalse_learnpredecoderFalse_learnloraFalse,5,pooled,14,3,5_6_4,1.553795337677002,0.2138888888888888,1.5958654880523682,0.17,1.6228198409080503,0.2
bs64_lr0.0001_distAE_wd0.01_filterlen40_learndecoderFalse_schedulerTrue_windows0_dropout0.0_loralr0.0_preprocessorFalse_preencoderFalse_cutfillFalse_learnpredecoderFalse_learnloraFalse,6,single,10,1,6,0.2107999920845031,0.9716666666666668,1.1894655227661133,0.52,1.4480304718017578,0.47
bs64_lr0.0001_distAE_wd0.01_filterlen40_learndecoderFalse_schedulerTrue_windows0_dropout0.0_loralr0.0_preprocessorFalse_preencoderFalse_cutfillFalse_learnpredecoderFalse_learnloraFalse,6,single,11,1,6,0.0761295035481453,0.9966666666666668,1.111085057258606,0.54,1.52310311794281,0.44
bs64_lr0.0001_distAE_wd0.01_filterlen40_learndecoderFalse_schedulerTrue_windows0_dropout0.0_loralr0.0_preprocessorFalse_preencoderFalse_cutfillFalse_learnpredecoderFalse_learnloraFalse,6,single,12,1,6,0.1275944262742996,0.9933333333333332,1.0431782007217407,0.54,1.4053917527198792,0.4
bs64_lr0.0001_distAE_wd0.01_filterlen40_learndecoderFalse_schedulerTrue_windows0_dropout0.0_loralr0.0_preprocessorFalse_preencoderFalse_cutfillFalse_learnpredecoderFalse_learnloraFalse,6,single,13,1,6,0.1904031634330749,0.9783333333333334,1.0284056663513184,0.56,1.376074194908142,0.46
bs64_lr0.0001_distAE_wd0.01_filterlen40_learndecoderFalse_schedulerTrue_windows0_dropout0.0_loralr0.0_preprocessorFalse_preencoderFalse_cutfillFalse_learnpredecoderFalse_learnloraFalse,6,single,14,1,6,0.1466684490442276,0.9916666666666668,1.3071799278259275,0.46,1.5399470329284668,0.44
bs64_lr0.0001_distAE_wd0.01_filterlen40_learndecoderFalse_schedulerTrue_windows0_dropout0.0_loralr0.0_preprocessorFalse_preencoderFalse_cutfillFalse_learnpredecoderFalse_learnloraFalse,6,pooled,10,3,6_4_9,0.3889149725437164,0.94,1.0313050746917725,0.58,1.1068627834320068,0.58
bs64_lr0.0001_distAE_wd0.01_filterlen40_learndecoderFalse_schedulerTrue_windows0_dropout0.0_loralr0.0_preprocessorFalse_preencoderFalse_cutfillFalse_learnpredecoderFalse_learnloraFalse,6,pooled,11,3,6_4_9,0.1100856959819793,0.9661111111111113,1.0849387645721436,0.54,1.427557110786438,0.53
bs64_lr0.0001_distAE_wd0.01_filterlen40_learndecoderFalse_schedulerTrue_windows0_dropout0.0_loralr0.0_preprocessorFalse_preencoderFalse_cutfillFalse_learnpredecoderFalse_learnloraFalse,6,pooled,12,3,6_4_9,0.8842725157737732,0.8577777777777778,1.2476050853729248,0.48,1.379582941532135,0.45
bs64_lr0.0001_distAE_wd0.01_filterlen40_learndecoderFalse_schedulerTrue_windows0_dropout0.0_loralr0.0_preprocessorFalse_preencoderFalse_cutfillFalse_learnpredecoderFalse_learnloraFalse,6,pooled,13,3,6_4_9,1.2166104316711426,0.965,1.121554613113403,0.55,1.3911675214767456,0.47
bs64_lr0.0001_distAE_wd0.01_filterlen40_learndecoderFalse_schedulerTrue_windows0_dropout0.0_loralr0.0_preprocessorFalse_preencoderFalse_cutfillFalse_learnpredecoderFalse_learnloraFalse,6,pooled,14,3,6_4_9,0.4417223334312439,0.9711111111111111,1.217612624168396,0.52,1.3221182227134705,0.44
bs64_lr0.0001_distAE_wd0.01_filterlen40_learndecoderFalse_schedulerTrue_windows0_dropout0.0_loralr0.0_preprocessorFalse_preencoderFalse_cutfillFalse_learnpredecoderFalse_learnloraFalse,7,single,10,1,7,0.2342023402452469,0.975,1.3148447275161743,0.41,1.5474135875701904,0.46
bs64_lr0.0001_distAE_wd0.01_filterlen40_learndecoderFalse_schedulerTrue_windows0_dropout0.0_loralr0.0_preprocessorFalse_preencoderFalse_cutfillFalse_learnpredecoderFalse_learnloraFalse,7,single,11,1,7,0.4075250625610351,0.95,1.4616093635559082,0.4,1.6411376595497131,0.36
bs64_lr0.0001_distAE_wd0.01_filterlen40_learndecoderFalse_schedulerTrue_windows0_dropout0.0_loralr0.0_preprocessorFalse_preencoderFalse_cutfillFalse_learnpredecoderFalse_learnloraFalse,7,single,12,1,7,0.2476292997598648,0.9716666666666668,1.4028003215789795,0.4,1.6562631726264954,0.46
bs64_lr0.0001_distAE_wd0.01_filterlen40_learndecoderFalse_schedulerTrue_windows0_dropout0.0_loralr0.0_preprocessorFalse_preencoderFalse_cutfillFalse_learnpredecoderFalse_learnloraFalse,7,single,13,1,7,0.6182307004928589,0.8783333333333333,1.3140853643417358,0.4,1.5207829475402832,0.46
bs64_lr0.0001_distAE_wd0.01_filterlen40_learndecoderFalse_schedulerTrue_windows0_dropout0.0_loralr0.0_preprocessorFalse_preencoderFalse_cutfillFalse_learnpredecoderFalse_learnloraFalse,7,single,14,1,7,0.40050008893013,0.895,1.505406379699707,0.43,1.760737657546997,0.36
bs64_lr0.0001_distAE_wd0.01_filterlen40_learndecoderFalse_schedulerTrue_windows0_dropout0.0_loralr0.0_preprocessorFalse_preencoderFalse_cutfillFalse_learnpredecoderFalse_learnloraFalse,7,pooled,10,3,7_3_5,1.5067799091339111,0.7666666666666667,1.2561237812042236,0.53,1.6232333183288574,0.46
bs64_lr0.0001_distAE_wd0.01_filterlen40_learndecoderFalse_schedulerTrue_windows0_dropout0.0_loralr0.0_preprocessorFalse_preencoderFalse_cutfillFalse_learnpredecoderFalse_learnloraFalse,7,pooled,11,3,7_3_5,0.2816798090934753,0.8694444444444445,1.375083565711975,0.43,1.4966787099838257,0.44
bs64_lr0.0001_distAE_wd0.01_filterlen40_learndecoderFalse_schedulerTrue_windows0_dropout0.0_loralr0.0_preprocessorFalse_preencoderFalse_cutfillFalse_learnpredecoderFalse_learnloraFalse,7,pooled,12,3,7_3_5,0.7974808812141418,0.7444444444444445,1.3744699954986572,0.43,1.7236455082893372,0.46
bs64_lr0.0001_distAE_wd0.01_filterlen40_learndecoderFalse_schedulerTrue_windows0_dropout0.0_loralr0.0_preprocessorFalse_preencoderFalse_cutfillFalse_learnpredecoderFalse_learnloraFalse,7,pooled,13,3,7_3_5,0.7174327373504639,0.8966666666666666,1.3107600212097168,0.47,1.629391610622406,0.42
bs64_lr0.0001_distAE_wd0.01_filterlen40_learndecoderFalse_schedulerTrue_windows0_dropout0.0_loralr0.0_preprocessorFalse_preencoderFalse_cutfillFalse_learnpredecoderFalse_learnloraFalse,7,pooled,14,3,7_3_5,0.7691779732704163,0.6794444444444444,1.3553452491760254,0.44,1.54472017288208,0.44
bs64_lr0.0001_distAE_wd0.01_filterlen40_learndecoderFalse_schedulerTrue_windows0_dropout0.0_loralr0.0_preprocessorFalse_preencoderFalse_cutfillFalse_learnpredecoderFalse_learnloraFalse,8,single,10,1,8,1.6179461479187012,0.165,1.607353448867798,0.19,1.610226809978485,0.19
bs64_lr0.0001_distAE_wd0.01_filterlen40_learndecoderFalse_schedulerTrue_windows0_dropout0.0_loralr0.0_preprocessorFalse_preencoderFalse_cutfillFalse_learnpredecoderFalse_learnloraFalse,8,single,11,1,8,1.5279223918914795,0.3516666666666667,1.6018168926239014,0.19,1.6006066799163818,0.24
bs64_lr0.0001_distAE_wd0.01_filterlen40_learndecoderFalse_schedulerTrue_windows0_dropout0.0_loralr0.0_preprocessorFalse_preencoderFalse_cutfillFalse_learnpredecoderFalse_learnloraFalse,8,single,12,1,8,1.4008148908615112,0.4316666666666666,1.6001262664794922,0.16,1.6079332828521729,0.28
bs64_lr0.0001_distAE_wd0.01_filterlen40_learndecoderFalse_schedulerTrue_windows0_dropout0.0_loralr0.0_preprocessorFalse_preencoderFalse_cutfillFalse_learnpredecoderFalse_learnloraFalse,8,single,13,1,8,1.6410812139511108,0.1533333333333333,1.6066696643829346,0.24,1.6109981536865234,0.24
bs64_lr0.0001_distAE_wd0.01_filterlen40_learndecoderFalse_schedulerTrue_windows0_dropout0.0_loralr0.0_preprocessorFalse_preencoderFalse_cutfillFalse_learnpredecoderFalse_learnloraFalse,8,single,14,1,8,1.6138869524002075,0.25,1.6042780876159668,0.21,1.6072567701339722,0.2
bs64_lr0.0001_distAE_wd0.01_filterlen40_learndecoderFalse_schedulerTrue_windows0_dropout0.0_loralr0.0_preprocessorFalse_preencoderFalse_cutfillFalse_learnpredecoderFalse_learnloraFalse,8,pooled,10,3,8_11_10,1.5588440895080566,0.2072222222222222,1.5941545963287354,0.21,1.6094576716423037,0.21
bs64_lr0.0001_distAE_wd0.01_filterlen40_learndecoderFalse_schedulerTrue_windows0_dropout0.0_loralr0.0_preprocessorFalse_preencoderFalse_cutfillFalse_learnpredecoderFalse_learnloraFalse,8,pooled,11,3,8_11_10,1.7088229656219482,0.2933333333333333,1.5937371253967283,0.28,1.5975129008293152,0.21
bs64_lr0.0001_distAE_wd0.01_filterlen40_learndecoderFalse_schedulerTrue_windows0_dropout0.0_loralr0.0_preprocessorFalse_preencoderFalse_cutfillFalse_learnpredecoderFalse_learnloraFalse,8,pooled,12,3,8_11_10,1.5352184772491455,0.255,1.6006388664245603,0.2,1.6027604341506958,0.26
bs64_lr0.0001_distAE_wd0.01_filterlen40_learndecoderFalse_schedulerTrue_windows0_dropout0.0_loralr0.0_preprocessorFalse_preencoderFalse_cutfillFalse_learnpredecoderFalse_learnloraFalse,8,pooled,13,3,8_11_10,1.1495656967163086,0.4811111111111111,1.5946784019470217,0.21,1.659925639629364,0.25
bs64_lr0.0001_distAE_wd0.01_filterlen40_learndecoderFalse_schedulerTrue_windows0_dropout0.0_loralr0.0_preprocessorFalse_preencoderFalse_cutfillFalse_learnpredecoderFalse_learnloraFalse,8,pooled,14,3,8_11_10,1.63689923286438,0.4966666666666666,1.6067473888397217,0.26,1.6407758593559263,0.26
bs64_lr0.0001_distAE_wd0.01_filterlen40_learndecoderFalse_schedulerTrue_windows0_dropout0.0_loralr0.0_preprocessorFalse_preencoderFalse_cutfillFalse_learnpredecoderFalse_learnloraFalse,9,single,10,1,9,0.2186656445264816,0.99,0.5866481065750122,0.84,1.063252031803131,0.57
bs64_lr0.0001_distAE_wd0.01_filterlen40_learndecoderFalse_schedulerTrue_windows0_dropout0.0_loralr0.0_preprocessorFalse_preencoderFalse_cutfillFalse_learnpredecoderFalse_learnloraFalse,9,single,11,1,9,0.3531307876110077,0.965,0.4872899055480957,0.86,0.8742538392543793,0.68
bs64_lr0.0001_distAE_wd0.01_filterlen40_learndecoderFalse_schedulerTrue_windows0_dropout0.0_loralr0.0_preprocessorFalse_preencoderFalse_cutfillFalse_learnpredecoderFalse_learnloraFalse,9,single,12,1,9,0.2115461230278015,0.975,0.5308921337127686,0.83,0.9656346142292024,0.63
bs64_lr0.0001_distAE_wd0.01_filterlen40_learndecoderFalse_schedulerTrue_windows0_dropout0.0_loralr0.0_preprocessorFalse_preencoderFalse_cutfillFalse_learnpredecoderFalse_learnloraFalse,9,single,13,1,9,0.3462120294570923,0.9616666666666668,0.4812775552272796,0.83,0.9564603567123412,0.67
bs64_lr0.0001_distAE_wd0.01_filterlen40_learndecoderFalse_schedulerTrue_windows0_dropout0.0_loralr0.0_preprocessorFalse_preencoderFalse_cutfillFalse_learnpredecoderFalse_learnloraFalse,9,single,14,1,9,0.2290558665990829,0.985,0.570225179195404,0.82,1.022270381450653,0.63
bs64_lr0.0001_distAE_wd0.01_filterlen40_learndecoderFalse_schedulerTrue_windows0_dropout0.0_loralr0.0_preprocessorFalse_preencoderFalse_cutfillFalse_learnpredecoderFalse_learnloraFalse,9,pooled,10,3,9_6_4,0.068535216152668,0.9833333333333332,0.4155012667179107,0.87,1.6320005059242249,0.53
bs64_lr0.0001_distAE_wd0.01_filterlen40_learndecoderFalse_schedulerTrue_windows0_dropout0.0_loralr0.0_preprocessorFalse_preencoderFalse_cutfillFalse_learnpredecoderFalse_learnloraFalse,9,pooled,11,3,9_6_4,0.0771821141242981,0.9366666666666666,0.4488978385925293,0.88,1.0830808877944946,0.65
bs64_lr0.0001_distAE_wd0.01_filterlen40_learndecoderFalse_schedulerTrue_windows0_dropout0.0_loralr0.0_preprocessorFalse_preencoderFalse_cutfillFalse_learnpredecoderFalse_learnloraFalse,9,pooled,12,3,9_6_4,1.1309194564819336,0.9644444444444444,0.4542584419250488,0.84,1.2719226479530334,0.52
bs64_lr0.0001_distAE_wd0.01_filterlen40_learndecoderFalse_schedulerTrue_windows0_dropout0.0_loralr0.0_preprocessorFalse_preencoderFalse_cutfillFalse_learnpredecoderFalse_learnloraFalse,9,pooled,13,3,9_6_4,0.7164651155471802,0.965,0.4545382857322693,0.84,1.143002688884735,0.63
bs64_lr0.0001_distAE_wd0.01_filterlen40_learndecoderFalse_schedulerTrue_windows0_dropout0.0_loralr0.0_preprocessorFalse_preencoderFalse_cutfillFalse_learnpredecoderFalse_learnloraFalse,9,pooled,14,3,9_6_4,1.085108518600464,0.9116666666666666,0.4348924160003662,0.93,0.9407383501529694,0.63
bs64_lr0.0001_distAE_wd0.01_filterlen40_learndecoderFalse_schedulerTrue_windows0_dropout0.0_loralr0.0_preprocessorFalse_preencoderFalse_cutfillFalse_learnpredecoderFalse_learnloraFalse,10,single,10,1,10,0.5143129229545593,0.9066666666666666,1.351341724395752,0.47,1.2249507308006289,0.51
bs64_lr0.0001_distAE_wd0.01_filterlen40_learndecoderFalse_schedulerTrue_windows0_dropout0.0_loralr0.0_preprocessorFalse_preencoderFalse_cutfillFalse_learnpredecoderFalse_learnloraFalse,10,single,11,1,10,0.334941565990448,0.9666666666666668,1.4143133163452148,0.39,1.40195631980896,0.4
bs64_lr0.0001_distAE_wd0.01_filterlen40_learndecoderFalse_schedulerTrue_windows0_dropout0.0_loralr0.0_preprocessorFalse_preencoderFalse_cutfillFalse_learnpredecoderFalse_learnloraFalse,10,single,12,1,10,0.183268591761589,0.9933333333333332,1.4363255500793457,0.46,1.5481222867965698,0.39
bs64_lr0.0001_distAE_wd0.01_filterlen40_learndecoderFalse_schedulerTrue_windows0_dropout0.0_loralr0.0_preprocessorFalse_preencoderFalse_cutfillFalse_learnpredecoderFalse_learnloraFalse,10,single,13,1,10,0.3104047477245331,0.9466666666666668,1.3492780923843384,0.4,1.4866823554039,0.46
bs64_lr0.0001_distAE_wd0.01_filterlen40_learndecoderFalse_schedulerTrue_windows0_dropout0.0_loralr0.0_preprocessorFalse_preencoderFalse_cutfillFalse_learnpredecoderFalse_learnloraFalse,10,single,14,1,10,0.6432676315307617,0.905,1.500375270843506,0.31,1.3594186902046204,0.47
bs64_lr0.0001_distAE_wd0.01_filterlen40_learndecoderFalse_schedulerTrue_windows0_dropout0.0_loralr0.0_preprocessorFalse_preencoderFalse_cutfillFalse_learnpredecoderFalse_learnloraFalse,10,pooled,10,1,10,0.5143129229545593,0.9066666666666666,1.351341724395752,0.47,1.2249507308006289,0.51
bs64_lr0.0001_distAE_wd0.01_filterlen40_learndecoderFalse_schedulerTrue_windows0_dropout0.0_loralr0.0_preprocessorFalse_preencoderFalse_cutfillFalse_learnpredecoderFalse_learnloraFalse,10,pooled,11,1,10,0.334941565990448,0.9666666666666668,1.4143133163452148,0.39,1.40195631980896,0.4
bs64_lr0.0001_distAE_wd0.01_filterlen40_learndecoderFalse_schedulerTrue_windows0_dropout0.0_loralr0.0_preprocessorFalse_preencoderFalse_cutfillFalse_learnpredecoderFalse_learnloraFalse,10,pooled,12,1,10,0.183268591761589,0.9933333333333332,1.4363255500793457,0.46,1.5481222867965698,0.39
bs64_lr0.0001_distAE_wd0.01_filterlen40_learndecoderFalse_schedulerTrue_windows0_dropout0.0_loralr0.0_preprocessorFalse_preencoderFalse_cutfillFalse_learnpredecoderFalse_learnloraFalse,10,pooled,13,1,10,0.3104047477245331,0.9466666666666668,1.3492780923843384,0.4,1.4866823554039,0.46
bs64_lr0.0001_distAE_wd0.01_filterlen40_learndecoderFalse_schedulerTrue_windows0_dropout0.0_loralr0.0_preprocessorFalse_preencoderFalse_cutfillFalse_learnpredecoderFalse_learnloraFalse,10,pooled,14,1,10,0.6432676315307617,0.905,1.500375270843506,0.31,1.3594186902046204,0.47
bs64_lr0.0001_distAE_wd0.01_filterlen40_learndecoderFalse_schedulerTrue_windows0_dropout0.0_loralr0.0_preprocessorFalse_preencoderFalse_cutfillFalse_learnpredecoderFalse_learnloraFalse,11,single,10,1,11,0.4442202746868133,0.9416666666666668,1.2230525016784668,0.51,1.1577738523483276,0.56
bs64_lr0.0001_distAE_wd0.01_filterlen40_learndecoderFalse_schedulerTrue_windows0_dropout0.0_loralr0.0_preprocessorFalse_preencoderFalse_cutfillFalse_learnpredecoderFalse_learnloraFalse,11,single,11,1,11,0.2710186839103699,0.975,1.1537537574768066,0.57,1.0151507258415222,0.63
bs64_lr0.0001_distAE_wd0.01_filterlen40_learndecoderFalse_schedulerTrue_windows0_dropout0.0_loralr0.0_preprocessorFalse_preencoderFalse_cutfillFalse_learnpredecoderFalse_learnloraFalse,11,single,12,1,11,0.2953366935253143,0.9816666666666668,1.2281596660614014,0.54,1.086170494556427,0.53
bs64_lr0.0001_distAE_wd0.01_filterlen40_learndecoderFalse_schedulerTrue_windows0_dropout0.0_loralr0.0_preprocessorFalse_preencoderFalse_cutfillFalse_learnpredecoderFalse_learnloraFalse,11,single,13,1,11,0.3678696751594543,0.955,1.0858488082885742,0.54,1.1493079662322998,0.55
bs64_lr0.0001_distAE_wd0.01_filterlen40_learndecoderFalse_schedulerTrue_windows0_dropout0.0_loralr0.0_preprocessorFalse_preencoderFalse_cutfillFalse_learnpredecoderFalse_learnloraFalse,11,single,14,1,11,0.1582821905612945,0.985,1.1522505283355713,0.54,0.9853075742721558,0.58
bs64_lr0.0001_distAE_wd0.01_filterlen40_learndecoderFalse_schedulerTrue_windows0_dropout0.0_loralr0.0_preprocessorFalse_preencoderFalse_cutfillFalse_learnpredecoderFalse_learnloraFalse,11,pooled,10,4,11_5_4_10,0.4042961597442627,0.88125,1.1252082586288452,0.57,1.0170230567455292,0.58
bs64_lr0.0001_distAE_wd0.01_filterlen40_learndecoderFalse_schedulerTrue_windows0_dropout0.0_loralr0.0_preprocessorFalse_preencoderFalse_cutfillFalse_learnpredecoderFalse_learnloraFalse,11,pooled,11,4,11_5_4_10,0.8149711489677429,0.7766666666666666,1.2205898761749268,0.49,0.96371328830719,0.61
bs64_lr0.0001_distAE_wd0.01_filterlen40_learndecoderFalse_schedulerTrue_windows0_dropout0.0_loralr0.0_preprocessorFalse_preencoderFalse_cutfillFalse_learnpredecoderFalse_learnloraFalse,11,pooled,12,4,11_5_4_10,0.8481040000915527,0.7508333333333334,1.2564749717712402,0.48,1.0382025837898254,0.54
bs64_lr0.0001_distAE_wd0.01_filterlen40_learndecoderFalse_schedulerTrue_windows0_dropout0.0_loralr0.0_preprocessorFalse_preencoderFalse_cutfillFalse_learnpredecoderFalse_learnloraFalse,11,pooled,13,4,11_5_4_10,0.375800222158432,0.8958333333333334,1.1574454307556152,0.59,0.9827340543270112,0.63
bs64_lr0.0001_distAE_wd0.01_filterlen40_learndecoderFalse_schedulerTrue_windows0_dropout0.0_loralr0.0_preprocessorFalse_preencoderFalse_cutfillFalse_learnpredecoderFalse_learnloraFalse,11,pooled,14,4,11_5_4_10,0.4688591957092285,0.9216666666666666,1.2961196899414062,0.46,1.133227825164795,0.53
bs64_lr0.0001_distAE_wd0.001_filterlen40_learndecoderFalse_schedulerTrue_windows0_dropout0.0_loralr0.0_preprocessorFalse_preencoderFalse_cutfillFalse_learnpredecoderFalse_learnloraFalse,1,single,10,1,1,0.6007786393165588,0.8966666666666666,1.0961542129516602,0.56,1.1382863521575928,0.62
bs64_lr0.0001_distAE_wd0.001_filterlen40_learndecoderFalse_schedulerTrue_windows0_dropout0.0_loralr0.0_preprocessorFalse_preencoderFalse_cutfillFalse_learnpredecoderFalse_learnloraFalse,1,single,11,1,1,0.2395919859409332,0.9783333333333334,1.1123454570770264,0.57,1.1342370510101318,0.57
bs64_lr0.0001_distAE_wd0.001_filterlen40_learndecoderFalse_schedulerTrue_windows0_dropout0.0_loralr0.0_preprocessorFalse_preencoderFalse_cutfillFalse_learnpredecoderFalse_learnloraFalse,1,single,12,1,1,0.6932117342948914,0.835,1.1371126174926758,0.56,0.9512035250663756,0.71
bs64_lr0.0001_distAE_wd0.001_filterlen40_learndecoderFalse_schedulerTrue_windows0_dropout0.0_loralr0.0_preprocessorFalse_preencoderFalse_cutfillFalse_learnpredecoderFalse_learnloraFalse,1,single,13,1,1,0.4410320520401001,0.9433333333333334,1.1376906633377075,0.6,0.9253573417663574,0.68
bs64_lr0.0001_distAE_wd0.001_filterlen40_learndecoderFalse_schedulerTrue_windows0_dropout0.0_loralr0.0_preprocessorFalse_preencoderFalse_cutfillFalse_learnpredecoderFalse_learnloraFalse,1,single,14,1,1,0.4691823720932007,0.9216666666666666,1.0494531393051147,0.63,0.9682196974754332,0.61
bs64_lr0.0001_distAE_wd0.001_filterlen40_learndecoderFalse_schedulerTrue_windows0_dropout0.0_loralr0.0_preprocessorFalse_preencoderFalse_cutfillFalse_learnpredecoderFalse_learnloraFalse,1,pooled,10,7,1_11_7_6_10_8_2,1.0553234815597534,0.5711904761904761,0.8076709508895874,0.67,0.7485701739788055,0.69
bs64_lr0.0001_distAE_wd0.001_filterlen40_learndecoderFalse_schedulerTrue_windows0_dropout0.0_loralr0.0_preprocessorFalse_preencoderFalse_cutfillFalse_learnpredecoderFalse_learnloraFalse,1,pooled,11,7,1_11_7_6_10_8_2,0.821448564529419,0.7247619047619047,0.806696355342865,0.71,0.5768546760082245,0.77
bs64_lr0.0001_distAE_wd0.001_filterlen40_learndecoderFalse_schedulerTrue_windows0_dropout0.0_loralr0.0_preprocessorFalse_preencoderFalse_cutfillFalse_learnpredecoderFalse_learnloraFalse,1,pooled,12,7,1_11_7_6_10_8_2,1.1103122234344482,0.6180952380952381,0.8124550580978394,0.67,0.5942331105470657,0.72
bs64_lr0.0001_distAE_wd0.001_filterlen40_learndecoderFalse_schedulerTrue_windows0_dropout0.0_loralr0.0_preprocessorFalse_preencoderFalse_cutfillFalse_learnpredecoderFalse_learnloraFalse,1,pooled,13,7,1_11_7_6_10_8_2,0.5045600533485413,0.8511904761904762,0.8236619830131531,0.72,0.8638157546520233,0.64
bs64_lr0.0001_distAE_wd0.001_filterlen40_learndecoderFalse_schedulerTrue_windows0_dropout0.0_loralr0.0_preprocessorFalse_preencoderFalse_cutfillFalse_learnpredecoderFalse_learnloraFalse,1,pooled,14,7,1_11_7_6_10_8_2,0.9723459482192992,0.68,0.8317267894744873,0.68,0.6578429341316223,0.74
bs64_lr0.0001_distAE_wd0.001_filterlen40_learndecoderFalse_schedulerTrue_windows0_dropout0.0_loralr0.0_preprocessorFalse_preencoderFalse_cutfillFalse_learnpredecoderFalse_learnloraFalse,2,single,10,1,2,0.145213782787323,0.96,1.1061081886291504,0.57,0.7902590930461884,0.72
bs64_lr0.0001_distAE_wd0.001_filterlen40_learndecoderFalse_schedulerTrue_windows0_dropout0.0_loralr0.0_preprocessorFalse_preencoderFalse_cutfillFalse_learnpredecoderFalse_learnloraFalse,2,single,11,1,2,0.1620731204748153,0.965,1.35969340801239,0.53,1.2430746853351593,0.66
bs64_lr0.0001_distAE_wd0.001_filterlen40_learndecoderFalse_schedulerTrue_windows0_dropout0.0_loralr0.0_preprocessorFalse_preencoderFalse_cutfillFalse_learnpredecoderFalse_learnloraFalse,2,single,12,1,2,0.2147168517112732,0.955,1.2030558586120603,0.56,1.087997704744339,0.67
bs64_lr0.0001_distAE_wd0.001_filterlen40_learndecoderFalse_schedulerTrue_windows0_dropout0.0_loralr0.0_preprocessorFalse_preencoderFalse_cutfillFalse_learnpredecoderFalse_learnloraFalse,2,single,13,1,2,0.2024686187505722,0.9466666666666668,1.5168800354003906,0.4,1.2648162245750427,0.65
bs64_lr0.0001_distAE_wd0.001_filterlen40_learndecoderFalse_schedulerTrue_windows0_dropout0.0_loralr0.0_preprocessorFalse_preencoderFalse_cutfillFalse_learnpredecoderFalse_learnloraFalse,2,single,14,1,2,0.1504947543144226,0.9616666666666668,1.247281193733215,0.56,1.1252121925354004,0.64
bs64_lr0.0001_distAE_wd0.001_filterlen40_learndecoderFalse_schedulerTrue_windows0_dropout0.0_loralr0.0_preprocessorFalse_preencoderFalse_cutfillFalse_learnpredecoderFalse_learnloraFalse,2,pooled,10,1,2,0.145213782787323,0.96,1.1061081886291504,0.57,0.7902590930461884,0.72
bs64_lr0.0001_distAE_wd0.001_filterlen40_learndecoderFalse_schedulerTrue_windows0_dropout0.0_loralr0.0_preprocessorFalse_preencoderFalse_cutfillFalse_learnpredecoderFalse_learnloraFalse,2,pooled,11,1,2,0.1620731204748153,0.965,1.35969340801239,0.53,1.2430746853351593,0.66
bs64_lr0.0001_distAE_wd0.001_filterlen40_learndecoderFalse_schedulerTrue_windows0_dropout0.0_loralr0.0_preprocessorFalse_preencoderFalse_cutfillFalse_learnpredecoderFalse_learnloraFalse,2,pooled,12,1,2,0.2147168517112732,0.955,1.2030558586120603,0.56,1.087997704744339,0.67
bs64_lr0.0001_distAE_wd0.001_filterlen40_learndecoderFalse_schedulerTrue_windows0_dropout0.0_loralr0.0_preprocessorFalse_preencoderFalse_cutfillFalse_learnpredecoderFalse_learnloraFalse,2,pooled,13,1,2,0.2024686187505722,0.9466666666666668,1.5168800354003906,0.4,1.2648162245750427,0.65
bs64_lr0.0001_distAE_wd0.001_filterlen40_learndecoderFalse_schedulerTrue_windows0_dropout0.0_loralr0.0_preprocessorFalse_preencoderFalse_cutfillFalse_learnpredecoderFalse_learnloraFalse,2,pooled,14,1,2,0.1504947543144226,0.9616666666666668,1.247281193733215,0.56,1.1252121925354004,0.64
bs64_lr0.0001_distAE_wd0.001_filterlen40_learndecoderFalse_schedulerTrue_windows0_dropout0.0_loralr0.0_preprocessorFalse_preencoderFalse_cutfillFalse_learnpredecoderFalse_learnloraFalse,3,single,10,1,3,0.8040646910667419,0.7933333333333333,1.5409408807754517,0.32,1.5615022778511047,0.35
bs64_lr0.0001_distAE_wd0.001_filterlen40_learndecoderFalse_schedulerTrue_windows0_dropout0.0_loralr0.0_preprocessorFalse_preencoderFalse_cutfillFalse_learnpredecoderFalse_learnloraFalse,3,single,11,1,3,1.6977719068527222,0.2,1.606709122657776,0.2,1.6088821291923523,0.2
bs64_lr0.0001_distAE_wd0.001_filterlen40_learndecoderFalse_schedulerTrue_windows0_dropout0.0_loralr0.0_preprocessorFalse_preencoderFalse_cutfillFalse_learnpredecoderFalse_learnloraFalse,3,single,12,1,3,0.6876606345176697,0.82,1.5322768688201904,0.36,1.5682366490364077,0.36
bs64_lr0.0001_distAE_wd0.001_filterlen40_learndecoderFalse_schedulerTrue_windows0_dropout0.0_loralr0.0_preprocessorFalse_preencoderFalse_cutfillFalse_learnpredecoderFalse_learnloraFalse,3,single,13,1,3,0.950239598751068,0.7683333333333333,1.4479902982711792,0.4,1.4474941492080688,0.36
bs64_lr0.0001_distAE_wd0.001_filterlen40_learndecoderFalse_schedulerTrue_windows0_dropout0.0_loralr0.0_preprocessorFalse_preencoderFalse_cutfillFalse_learnpredecoderFalse_learnloraFalse,3,single,14,1,3,1.1069951057434082,0.6766666666666666,1.535459280014038,0.33,1.4837135076522827,0.36
bs64_lr0.0001_distAE_wd0.001_filterlen40_learndecoderFalse_schedulerTrue_windows0_dropout0.0_loralr0.0_preprocessorFalse_preencoderFalse_cutfillFalse_learnpredecoderFalse_learnloraFalse,3,pooled,10,2,3_11,0.5753381848335266,0.9125,1.491868495941162,0.42,1.6673849821090698,0.38
bs64_lr0.0001_distAE_wd0.001_filterlen40_learndecoderFalse_schedulerTrue_windows0_dropout0.0_loralr0.0_preprocessorFalse_preencoderFalse_cutfillFalse_learnpredecoderFalse_learnloraFalse,3,pooled,11,2,3_11,0.2813097536563873,0.9558333333333332,1.465233564376831,0.4,1.4861348271369934,0.38
bs64_lr0.0001_distAE_wd0.001_filterlen40_learndecoderFalse_schedulerTrue_windows0_dropout0.0_loralr0.0_preprocessorFalse_preencoderFalse_cutfillFalse_learnpredecoderFalse_learnloraFalse,3,pooled,12,2,3_11,1.338923096656799,0.4883333333333333,1.5466889142990112,0.3,1.6663941740989685,0.28
bs64_lr0.0001_distAE_wd0.001_filterlen40_learndecoderFalse_schedulerTrue_windows0_dropout0.0_loralr0.0_preprocessorFalse_preencoderFalse_cutfillFalse_learnpredecoderFalse_learnloraFalse,3,pooled,13,2,3_11,1.586056113243103,0.4416666666666666,1.590814471244812,0.27,1.6228029131889343,0.24
bs64_lr0.0001_distAE_wd0.001_filterlen40_learndecoderFalse_schedulerTrue_windows0_dropout0.0_loralr0.0_preprocessorFalse_preencoderFalse_cutfillFalse_learnpredecoderFalse_learnloraFalse,3,pooled,14,2,3_11,1.1504510641098022,0.5658333333333333,1.4875271320343018,0.32,1.5430145859718325,0.29
bs64_lr0.0001_distAE_wd0.001_filterlen40_learndecoderFalse_schedulerTrue_windows0_dropout0.0_loralr0.0_preprocessorFalse_preencoderFalse_cutfillFalse_learnpredecoderFalse_learnloraFalse,4,single,10,1,4,0.0795300900936126,0.9966666666666668,1.571380853652954,0.35,2.0100653171539307,0.17
bs64_lr0.0001_distAE_wd0.001_filterlen40_learndecoderFalse_schedulerTrue_windows0_dropout0.0_loralr0.0_preprocessorFalse_preencoderFalse_cutfillFalse_learnpredecoderFalse_learnloraFalse,4,single,11,1,4,1.614768624305725,0.1933333333333333,1.617011785507202,0.16,1.6142706274986267,0.16
bs64_lr0.0001_distAE_wd0.001_filterlen40_learndecoderFalse_schedulerTrue_windows0_dropout0.0_loralr0.0_preprocessorFalse_preencoderFalse_cutfillFalse_learnpredecoderFalse_learnloraFalse,4,single,12,1,4,1.6434108018875122,0.1366666666666666,1.618042230606079,0.16,1.6207844614982605,0.16
bs64_lr0.0001_distAE_wd0.001_filterlen40_learndecoderFalse_schedulerTrue_windows0_dropout0.0_loralr0.0_preprocessorFalse_preencoderFalse_cutfillFalse_learnpredecoderFalse_learnloraFalse,4,single,13,1,4,1.5940964221954346,0.1833333333333333,1.6070306301116943,0.22,1.6125935316085815,0.17
bs64_lr0.0001_distAE_wd0.001_filterlen40_learndecoderFalse_schedulerTrue_windows0_dropout0.0_loralr0.0_preprocessorFalse_preencoderFalse_cutfillFalse_learnpredecoderFalse_learnloraFalse,4,single,14,1,4,1.5831507444381714,0.25,1.6209478378295898,0.18,1.632499635219574,0.19
bs64_lr0.0001_distAE_wd0.001_filterlen40_learndecoderFalse_schedulerTrue_windows0_dropout0.0_loralr0.0_preprocessorFalse_preencoderFalse_cutfillFalse_learnpredecoderFalse_learnloraFalse,4,pooled,10,1,4,0.0795300900936126,0.9966666666666668,1.571380853652954,0.35,2.0100653171539307,0.17
bs64_lr0.0001_distAE_wd0.001_filterlen40_learndecoderFalse_schedulerTrue_windows0_dropout0.0_loralr0.0_preprocessorFalse_preencoderFalse_cutfillFalse_learnpredecoderFalse_learnloraFalse,4,pooled,11,1,4,1.614768624305725,0.1933333333333333,1.617011785507202,0.16,1.6142706274986267,0.16
bs64_lr0.0001_distAE_wd0.001_filterlen40_learndecoderFalse_schedulerTrue_windows0_dropout0.0_loralr0.0_preprocessorFalse_preencoderFalse_cutfillFalse_learnpredecoderFalse_learnloraFalse,4,pooled,12,1,4,1.6434108018875122,0.1366666666666666,1.618042230606079,0.16,1.6207844614982605,0.16
bs64_lr0.0001_distAE_wd0.001_filterlen40_learndecoderFalse_schedulerTrue_windows0_dropout0.0_loralr0.0_preprocessorFalse_preencoderFalse_cutfillFalse_learnpredecoderFalse_learnloraFalse,4,pooled,13,1,4,1.5940964221954346,0.1833333333333333,1.6070306301116943,0.22,1.6125935316085815,0.17
bs64_lr0.0001_distAE_wd0.001_filterlen40_learndecoderFalse_schedulerTrue_windows0_dropout0.0_loralr0.0_preprocessorFalse_preencoderFalse_cutfillFalse_learnpredecoderFalse_learnloraFalse,4,pooled,14,1,4,1.5831507444381714,0.25,1.6209478378295898,0.18,1.632499635219574,0.19
bs64_lr0.0001_distAE_wd0.001_filterlen40_learndecoderFalse_schedulerTrue_windows0_dropout0.0_loralr0.0_preprocessorFalse_preencoderFalse_cutfillFalse_learnpredecoderFalse_learnloraFalse,5,single,10,1,5,1.60974383354187,0.245,1.6099613904953003,0.2,1.6098818182945251,0.21
bs64_lr0.0001_distAE_wd0.001_filterlen40_learndecoderFalse_schedulerTrue_windows0_dropout0.0_loralr0.0_preprocessorFalse_preencoderFalse_cutfillFalse_learnpredecoderFalse_learnloraFalse,5,single,11,1,5,1.5569912195205688,0.2816666666666667,1.5896997451782229,0.21,1.6005558371543884,0.2
bs64_lr0.0001_distAE_wd0.001_filterlen40_learndecoderFalse_schedulerTrue_windows0_dropout0.0_loralr0.0_preprocessorFalse_preencoderFalse_cutfillFalse_learnpredecoderFalse_learnloraFalse,5,single,12,1,5,1.533877968788147,0.2666666666666666,1.5808253288269043,0.23,1.6137234568595886,0.23
bs64_lr0.0001_distAE_wd0.001_filterlen40_learndecoderFalse_schedulerTrue_windows0_dropout0.0_loralr0.0_preprocessorFalse_preencoderFalse_cutfillFalse_learnpredecoderFalse_learnloraFalse,5,single,13,1,5,1.6776093244552612,0.1983333333333333,1.5996811389923096,0.19,1.602221131324768,0.2
bs64_lr0.0001_distAE_wd0.001_filterlen40_learndecoderFalse_schedulerTrue_windows0_dropout0.0_loralr0.0_preprocessorFalse_preencoderFalse_cutfillFalse_learnpredecoderFalse_learnloraFalse,5,single,14,1,5,1.569001078605652,0.2583333333333333,1.603639006614685,0.16,1.6101107001304626,0.2
bs64_lr0.0001_distAE_wd0.001_filterlen40_learndecoderFalse_schedulerTrue_windows0_dropout0.0_loralr0.0_preprocessorFalse_preencoderFalse_cutfillFalse_learnpredecoderFalse_learnloraFalse,5,pooled,10,5,5_6_10_11_4,1.543311357498169,0.3613333333333333,1.562328815460205,0.26,1.619433045387268,0.23
bs64_lr0.0001_distAE_wd0.001_filterlen40_learndecoderFalse_schedulerTrue_windows0_dropout0.0_loralr0.0_preprocessorFalse_preencoderFalse_cutfillFalse_learnpredecoderFalse_learnloraFalse,5,pooled,11,5,5_6_10_11_4,1.0375710725784302,0.6656666666666666,1.5750744342803955,0.29,1.725933849811554,0.24
bs64_lr0.0001_distAE_wd0.001_filterlen40_learndecoderFalse_schedulerTrue_windows0_dropout0.0_loralr0.0_preprocessorFalse_preencoderFalse_cutfillFalse_learnpredecoderFalse_learnloraFalse,5,pooled,12,5,5_6_10_11_4,1.5157411098480225,0.3776666666666666,1.5813360214233398,0.23,1.6516008973121643,0.24
bs64_lr0.0001_distAE_wd0.001_filterlen40_learndecoderFalse_schedulerTrue_windows0_dropout0.0_loralr0.0_preprocessorFalse_preencoderFalse_cutfillFalse_learnpredecoderFalse_learnloraFalse,5,pooled,13,5,5_6_10_11_4,1.5910123586654663,0.3943333333333333,1.5764732360839844,0.28,1.6170052886009216,0.2
bs64_lr0.0001_distAE_wd0.001_filterlen40_learndecoderFalse_schedulerTrue_windows0_dropout0.0_loralr0.0_preprocessorFalse_preencoderFalse_cutfillFalse_learnpredecoderFalse_learnloraFalse,5,pooled,14,5,5_6_10_11_4,1.5357240438461304,0.2966666666666667,1.5868421792984009,0.23,1.640650749206543,0.17
bs64_lr0.0001_distAE_wd0.001_filterlen40_learndecoderFalse_schedulerTrue_windows0_dropout0.0_loralr0.0_preprocessorFalse_preencoderFalse_cutfillFalse_learnpredecoderFalse_learnloraFalse,6,single,10,1,6,0.2229088395833969,0.955,1.1142146587371826,0.55,1.5511445999145508,0.47
bs64_lr0.0001_distAE_wd0.001_filterlen40_learndecoderFalse_schedulerTrue_windows0_dropout0.0_loralr0.0_preprocessorFalse_preencoderFalse_cutfillFalse_learnpredecoderFalse_learnloraFalse,6,single,11,1,6,0.1531102508306503,0.99,1.035991907119751,0.62,1.547061800956726,0.4
bs64_lr0.0001_distAE_wd0.001_filterlen40_learndecoderFalse_schedulerTrue_windows0_dropout0.0_loralr0.0_preprocessorFalse_preencoderFalse_cutfillFalse_learnpredecoderFalse_learnloraFalse,6,single,12,1,6,0.2383812069892883,0.9766666666666668,1.1830646991729736,0.56,1.4640504717826843,0.44
bs64_lr0.0001_distAE_wd0.001_filterlen40_learndecoderFalse_schedulerTrue_windows0_dropout0.0_loralr0.0_preprocessorFalse_preencoderFalse_cutfillFalse_learnpredecoderFalse_learnloraFalse,6,single,13,1,6,0.1099309250712394,0.9966666666666668,1.0448367595672607,0.58,1.2634348571300509,0.45
bs64_lr0.0001_distAE_wd0.001_filterlen40_learndecoderFalse_schedulerTrue_windows0_dropout0.0_loralr0.0_preprocessorFalse_preencoderFalse_cutfillFalse_learnpredecoderFalse_learnloraFalse,6,single,14,1,6,0.1446577161550521,0.9816666666666668,1.1219781637191772,0.52,1.596428394317627,0.39
bs64_lr0.0001_distAE_wd0.001_filterlen40_learndecoderFalse_schedulerTrue_windows0_dropout0.0_loralr0.0_preprocessorFalse_preencoderFalse_cutfillFalse_learnpredecoderFalse_learnloraFalse,6,pooled,10,3,6_9_11,0.5971347689628601,0.945,1.0434023141860962,0.63,1.2316603064537048,0.49
bs64_lr0.0001_distAE_wd0.001_filterlen40_learndecoderFalse_schedulerTrue_windows0_dropout0.0_loralr0.0_preprocessorFalse_preencoderFalse_cutfillFalse_learnpredecoderFalse_learnloraFalse,6,pooled,11,3,6_9_11,0.0531555823981761,0.9727777777777776,1.089540719985962,0.55,1.2594722509384155,0.54
bs64_lr0.0001_distAE_wd0.001_filterlen40_learndecoderFalse_schedulerTrue_windows0_dropout0.0_loralr0.0_preprocessorFalse_preencoderFalse_cutfillFalse_learnpredecoderFalse_learnloraFalse,6,pooled,12,3,6_9_11,0.2256732881069183,0.98,0.9584684371948242,0.61,1.1480342745780945,0.55
bs64_lr0.0001_distAE_wd0.001_filterlen40_learndecoderFalse_schedulerTrue_windows0_dropout0.0_loralr0.0_preprocessorFalse_preencoderFalse_cutfillFalse_learnpredecoderFalse_learnloraFalse,6,pooled,13,3,6_9_11,0.3458720445632934,0.9516666666666668,1.078615665435791,0.58,1.4251757264137268,0.49
bs64_lr0.0001_distAE_wd0.001_filterlen40_learndecoderFalse_schedulerTrue_windows0_dropout0.0_loralr0.0_preprocessorFalse_preencoderFalse_cutfillFalse_learnpredecoderFalse_learnloraFalse,6,pooled,14,3,6_9_11,0.4344359338283539,0.8883333333333333,1.0167150497436523,0.6,1.234193503856659,0.48
bs64_lr0.0001_distAE_wd0.001_filterlen40_learndecoderFalse_schedulerTrue_windows0_dropout0.0_loralr0.0_preprocessorFalse_preencoderFalse_cutfillFalse_learnpredecoderFalse_learnloraFalse,7,single,10,1,7,0.3377851843833923,0.9666666666666668,1.3286006450653076,0.51,1.432029366493225,0.43
bs64_lr0.0001_distAE_wd0.001_filterlen40_learndecoderFalse_schedulerTrue_windows0_dropout0.0_loralr0.0_preprocessorFalse_preencoderFalse_cutfillFalse_learnpredecoderFalse_learnloraFalse,7,single,11,1,7,0.2460418343544006,0.975,1.3939144611358645,0.4,1.4841259717941284,0.4
bs64_lr0.0001_distAE_wd0.001_filterlen40_learndecoderFalse_schedulerTrue_windows0_dropout0.0_loralr0.0_preprocessorFalse_preencoderFalse_cutfillFalse_learnpredecoderFalse_learnloraFalse,7,single,12,1,7,0.2814952433109283,0.975,1.5291639566421509,0.34,1.679147720336914,0.42
bs64_lr0.0001_distAE_wd0.001_filterlen40_learndecoderFalse_schedulerTrue_windows0_dropout0.0_loralr0.0_preprocessorFalse_preencoderFalse_cutfillFalse_learnpredecoderFalse_learnloraFalse,7,single,13,1,7,0.0767893865704536,0.9983333333333332,1.428335189819336,0.42,1.649756908416748,0.46
bs64_lr0.0001_distAE_wd0.001_filterlen40_learndecoderFalse_schedulerTrue_windows0_dropout0.0_loralr0.0_preprocessorFalse_preencoderFalse_cutfillFalse_learnpredecoderFalse_learnloraFalse,7,single,14,1,7,0.3419485688209533,0.9566666666666668,1.270360827445984,0.48,1.620660424232483,0.41
bs64_lr0.0001_distAE_wd0.001_filterlen40_learndecoderFalse_schedulerTrue_windows0_dropout0.0_loralr0.0_preprocessorFalse_preencoderFalse_cutfillFalse_learnpredecoderFalse_learnloraFalse,7,pooled,10,1,7,0.3377851843833923,0.9666666666666668,1.3286006450653076,0.51,1.432029366493225,0.43
bs64_lr0.0001_distAE_wd0.001_filterlen40_learndecoderFalse_schedulerTrue_windows0_dropout0.0_loralr0.0_preprocessorFalse_preencoderFalse_cutfillFalse_learnpredecoderFalse_learnloraFalse,7,pooled,11,1,7,0.2460418343544006,0.975,1.3939144611358645,0.4,1.4841259717941284,0.4
bs64_lr0.0001_distAE_wd0.001_filterlen40_learndecoderFalse_schedulerTrue_windows0_dropout0.0_loralr0.0_preprocessorFalse_preencoderFalse_cutfillFalse_learnpredecoderFalse_learnloraFalse,7,pooled,12,1,7,0.2814952433109283,0.975,1.5291639566421509,0.34,1.679147720336914,0.42
bs64_lr0.0001_distAE_wd0.001_filterlen40_learndecoderFalse_schedulerTrue_windows0_dropout0.0_loralr0.0_preprocessorFalse_preencoderFalse_cutfillFalse_learnpredecoderFalse_learnloraFalse,7,pooled,13,1,7,0.0767893865704536,0.9983333333333332,1.428335189819336,0.42,1.649756908416748,0.46
bs64_lr0.0001_distAE_wd0.001_filterlen40_learndecoderFalse_schedulerTrue_windows0_dropout0.0_loralr0.0_preprocessorFalse_preencoderFalse_cutfillFalse_learnpredecoderFalse_learnloraFalse,7,pooled,14,1,7,0.3419485688209533,0.9566666666666668,1.270360827445984,0.48,1.620660424232483,0.41
bs64_lr0.0001_distAE_wd0.001_filterlen40_learndecoderFalse_schedulerTrue_windows0_dropout0.0_loralr0.0_preprocessorFalse_preencoderFalse_cutfillFalse_learnpredecoderFalse_learnloraFalse,8,single,10,1,8,1.493053317070007,0.3233333333333333,1.5857455730438232,0.23,1.5941818356513977,0.22
bs64_lr0.0001_distAE_wd0.001_filterlen40_learndecoderFalse_schedulerTrue_windows0_dropout0.0_loralr0.0_preprocessorFalse_preencoderFalse_cutfillFalse_learnpredecoderFalse_learnloraFalse,8,single,11,1,8,1.5252578258514404,0.2783333333333333,1.5982062816619873,0.23,1.6106942892074585,0.24
bs64_lr0.0001_distAE_wd0.001_filterlen40_learndecoderFalse_schedulerTrue_windows0_dropout0.0_loralr0.0_preprocessorFalse_preencoderFalse_cutfillFalse_learnpredecoderFalse_learnloraFalse,8,single,12,1,8,1.518631100654602,0.2433333333333333,1.5962166786193848,0.26,1.6015609502792358,0.27
bs64_lr0.0001_distAE_wd0.001_filterlen40_learndecoderFalse_schedulerTrue_windows0_dropout0.0_loralr0.0_preprocessorFalse_preencoderFalse_cutfillFalse_learnpredecoderFalse_learnloraFalse,8,single,13,1,8,1.5885204076766968,0.2716666666666666,1.6129412651062012,0.2,1.6212504506111145,0.23
bs64_lr0.0001_distAE_wd0.001_filterlen40_learndecoderFalse_schedulerTrue_windows0_dropout0.0_loralr0.0_preprocessorFalse_preencoderFalse_cutfillFalse_learnpredecoderFalse_learnloraFalse,8,single,14,1,8,1.6443946361541748,0.2016666666666666,1.6011111736297607,0.19,1.609510064125061,0.21
bs64_lr0.0001_distAE_wd0.001_filterlen40_learndecoderFalse_schedulerTrue_windows0_dropout0.0_loralr0.0_preprocessorFalse_preencoderFalse_cutfillFalse_learnpredecoderFalse_learnloraFalse,8,pooled,10,2,8_10,1.419920563697815,0.3683333333333333,1.5783069133758545,0.3,1.6306529641151428,0.27
bs64_lr0.0001_distAE_wd0.001_filterlen40_learndecoderFalse_schedulerTrue_windows0_dropout0.0_loralr0.0_preprocessorFalse_preencoderFalse_cutfillFalse_learnpredecoderFalse_learnloraFalse,8,pooled,11,2,8_10,1.6438201665878296,0.1583333333333333,1.6134181022644043,0.2,1.6127700805664062,0.2
bs64_lr0.0001_distAE_wd0.001_filterlen40_learndecoderFalse_schedulerTrue_windows0_dropout0.0_loralr0.0_preprocessorFalse_preencoderFalse_cutfillFalse_learnpredecoderFalse_learnloraFalse,8,pooled,12,2,8_10,1.52599036693573,0.345,1.5991480350494385,0.25,1.5806360840797424,0.28
bs64_lr0.0001_distAE_wd0.001_filterlen40_learndecoderFalse_schedulerTrue_windows0_dropout0.0_loralr0.0_preprocessorFalse_preencoderFalse_cutfillFalse_learnpredecoderFalse_learnloraFalse,8,pooled,13,2,8_10,1.4194631576538086,0.3858333333333333,1.5933291912078855,0.24,1.5849539637565613,0.27
bs64_lr0.0001_distAE_wd0.001_filterlen40_learndecoderFalse_schedulerTrue_windows0_dropout0.0_loralr0.0_preprocessorFalse_preencoderFalse_cutfillFalse_learnpredecoderFalse_learnloraFalse,8,pooled,14,2,8_10,1.6129093170166016,0.2375,1.5889394283294678,0.18,1.5868102312088013,0.25
bs64_lr0.0001_distAE_wd0.001_filterlen40_learndecoderFalse_schedulerTrue_windows0_dropout0.0_loralr0.0_preprocessorFalse_preencoderFalse_cutfillFalse_learnpredecoderFalse_learnloraFalse,9,single,10,1,9,0.2334776371717453,0.9616666666666668,0.4346384406089782,0.84,1.006248116493225,0.64
bs64_lr0.0001_distAE_wd0.001_filterlen40_learndecoderFalse_schedulerTrue_windows0_dropout0.0_loralr0.0_preprocessorFalse_preencoderFalse_cutfillFalse_learnpredecoderFalse_learnloraFalse,9,single,11,1,9,0.2552309334278106,0.9833333333333332,0.4858276546001434,0.86,0.8617331385612488,0.66
bs64_lr0.0001_distAE_wd0.001_filterlen40_learndecoderFalse_schedulerTrue_windows0_dropout0.0_loralr0.0_preprocessorFalse_preencoderFalse_cutfillFalse_learnpredecoderFalse_learnloraFalse,9,single,12,1,9,0.3167684972286224,0.9566666666666668,0.4661243855953216,0.86,0.9189513027668,0.72
bs64_lr0.0001_distAE_wd0.001_filterlen40_learndecoderFalse_schedulerTrue_windows0_dropout0.0_loralr0.0_preprocessorFalse_preencoderFalse_cutfillFalse_learnpredecoderFalse_learnloraFalse,9,single,13,1,9,0.1915453523397445,0.98,0.4866575896739959,0.87,1.035444289445877,0.69
bs64_lr0.0001_distAE_wd0.001_filterlen40_learndecoderFalse_schedulerTrue_windows0_dropout0.0_loralr0.0_preprocessorFalse_preencoderFalse_cutfillFalse_learnpredecoderFalse_learnloraFalse,9,single,14,1,9,0.0808927938342094,1.0,0.4939624071121216,0.85,1.0338323712348938,0.66
bs64_lr0.0001_distAE_wd0.001_filterlen40_learndecoderFalse_schedulerTrue_windows0_dropout0.0_loralr0.0_preprocessorFalse_preencoderFalse_cutfillFalse_learnpredecoderFalse_learnloraFalse,9,pooled,10,2,9_5,0.4665469229221344,0.9258333333333332,0.2972596287727356,0.91,0.9544297158718108,0.64
bs64_lr0.0001_distAE_wd0.001_filterlen40_learndecoderFalse_schedulerTrue_windows0_dropout0.0_loralr0.0_preprocessorFalse_preencoderFalse_cutfillFalse_learnpredecoderFalse_learnloraFalse,9,pooled,11,2,9_5,0.5625761151313782,0.9466666666666668,0.3966537117958069,0.86,1.0153034925460815,0.63
bs64_lr0.0001_distAE_wd0.001_filterlen40_learndecoderFalse_schedulerTrue_windows0_dropout0.0_loralr0.0_preprocessorFalse_preencoderFalse_cutfillFalse_learnpredecoderFalse_learnloraFalse,9,pooled,12,2,9_5,0.3248477280139923,0.9183333333333332,0.4377219080924988,0.88,1.1154658794403076,0.6
bs64_lr0.0001_distAE_wd0.001_filterlen40_learndecoderFalse_schedulerTrue_windows0_dropout0.0_loralr0.0_preprocessorFalse_preencoderFalse_cutfillFalse_learnpredecoderFalse_learnloraFalse,9,pooled,13,2,9_5,0.369746059179306,0.955,0.4131341576576233,0.88,1.0638347864151,0.6
bs64_lr0.0001_distAE_wd0.001_filterlen40_learndecoderFalse_schedulerTrue_windows0_dropout0.0_loralr0.0_preprocessorFalse_preencoderFalse_cutfillFalse_learnpredecoderFalse_learnloraFalse,9,pooled,14,2,9_5,0.3096106946468353,0.97,0.3358882665634155,0.88,0.9119004607200624,0.66
bs64_lr0.0001_distAE_wd0.001_filterlen40_learndecoderFalse_schedulerTrue_windows0_dropout0.0_loralr0.0_preprocessorFalse_preencoderFalse_cutfillFalse_learnpredecoderFalse_learnloraFalse,10,single,10,1,10,0.6547667980194092,0.8716666666666667,1.3892977237701416,0.34,1.4320289492607117,0.43
bs64_lr0.0001_distAE_wd0.001_filterlen40_learndecoderFalse_schedulerTrue_windows0_dropout0.0_loralr0.0_preprocessorFalse_preencoderFalse_cutfillFalse_learnpredecoderFalse_learnloraFalse,10,single,11,1,10,0.7498502135276794,0.8733333333333333,1.49049174785614,0.28,1.537770926952362,0.33
bs64_lr0.0001_distAE_wd0.001_filterlen40_learndecoderFalse_schedulerTrue_windows0_dropout0.0_loralr0.0_preprocessorFalse_preencoderFalse_cutfillFalse_learnpredecoderFalse_learnloraFalse,10,single,12,1,10,0.1186200082302093,0.9966666666666668,1.4727610349655151,0.36,1.551738739013672,0.35
bs64_lr0.0001_distAE_wd0.001_filterlen40_learndecoderFalse_schedulerTrue_windows0_dropout0.0_loralr0.0_preprocessorFalse_preencoderFalse_cutfillFalse_learnpredecoderFalse_learnloraFalse,10,single,13,1,10,0.3309291899204254,0.9616666666666668,1.4483026266098022,0.43,1.4507154822349548,0.46
bs64_lr0.0001_distAE_wd0.001_filterlen40_learndecoderFalse_schedulerTrue_windows0_dropout0.0_loralr0.0_preprocessorFalse_preencoderFalse_cutfillFalse_learnpredecoderFalse_learnloraFalse,10,single,14,1,10,0.4978244602680206,0.93,1.3212110996246338,0.44,1.3213431239128113,0.48
bs64_lr0.0001_distAE_wd0.001_filterlen40_learndecoderFalse_schedulerTrue_windows0_dropout0.0_loralr0.0_preprocessorFalse_preencoderFalse_cutfillFalse_learnpredecoderFalse_learnloraFalse,10,pooled,10,1,10,0.6547667980194092,0.8716666666666667,1.3892977237701416,0.34,1.4320289492607117,0.43
bs64_lr0.0001_distAE_wd0.001_filterlen40_learndecoderFalse_schedulerTrue_windows0_dropout0.0_loralr0.0_preprocessorFalse_preencoderFalse_cutfillFalse_learnpredecoderFalse_learnloraFalse,10,pooled,11,1,10,0.7498502135276794,0.8733333333333333,1.49049174785614,0.28,1.537770926952362,0.33
bs64_lr0.0001_distAE_wd0.001_filterlen40_learndecoderFalse_schedulerTrue_windows0_dropout0.0_loralr0.0_preprocessorFalse_preencoderFalse_cutfillFalse_learnpredecoderFalse_learnloraFalse,10,pooled,12,1,10,0.1186200082302093,0.9966666666666668,1.4727610349655151,0.36,1.551738739013672,0.35
bs64_lr0.0001_distAE_wd0.001_filterlen40_learndecoderFalse_schedulerTrue_windows0_dropout0.0_loralr0.0_preprocessorFalse_preencoderFalse_cutfillFalse_learnpredecoderFalse_learnloraFalse,10,pooled,13,1,10,0.3309291899204254,0.9616666666666668,1.4483026266098022,0.43,1.4507154822349548,0.46
bs64_lr0.0001_distAE_wd0.001_filterlen40_learndecoderFalse_schedulerTrue_windows0_dropout0.0_loralr0.0_preprocessorFalse_preencoderFalse_cutfillFalse_learnpredecoderFalse_learnloraFalse,10,pooled,14,1,10,0.4978244602680206,0.93,1.3212110996246338,0.44,1.3213431239128113,0.48
bs64_lr0.0001_distAE_wd0.001_filterlen40_learndecoderFalse_schedulerTrue_windows0_dropout0.0_loralr0.0_preprocessorFalse_preencoderFalse_cutfillFalse_learnpredecoderFalse_learnloraFalse,11,single,10,1,11,0.2213076055049896,0.985,1.254080295562744,0.46,1.1617071628570557,0.51
bs64_lr0.0001_distAE_wd0.001_filterlen40_learndecoderFalse_schedulerTrue_windows0_dropout0.0_loralr0.0_preprocessorFalse_preencoderFalse_cutfillFalse_learnpredecoderFalse_learnloraFalse,11,single,11,1,11,0.2632045745849609,0.985,1.143648624420166,0.57,1.1159144043922424,0.57
bs64_lr0.0001_distAE_wd0.001_filterlen40_learndecoderFalse_schedulerTrue_windows0_dropout0.0_loralr0.0_preprocessorFalse_preencoderFalse_cutfillFalse_learnpredecoderFalse_learnloraFalse,11,single,12,1,11,0.1112872436642646,0.9933333333333332,1.0960640907287598,0.56,1.1373032331466677,0.6
bs64_lr0.0001_distAE_wd0.001_filterlen40_learndecoderFalse_schedulerTrue_windows0_dropout0.0_loralr0.0_preprocessorFalse_preencoderFalse_cutfillFalse_learnpredecoderFalse_learnloraFalse,11,single,13,1,11,0.4165025055408478,0.9483333333333334,1.1850917339324951,0.47,1.179530382156372,0.53
bs64_lr0.0001_distAE_wd0.001_filterlen40_learndecoderFalse_schedulerTrue_windows0_dropout0.0_loralr0.0_preprocessorFalse_preencoderFalse_cutfillFalse_learnpredecoderFalse_learnloraFalse,11,single,14,1,11,0.1578550785779953,0.99,1.238372802734375,0.47,1.186493992805481,0.48
bs64_lr0.0001_distAE_wd0.001_filterlen40_learndecoderFalse_schedulerTrue_windows0_dropout0.0_loralr0.0_preprocessorFalse_preencoderFalse_cutfillFalse_learnpredecoderFalse_learnloraFalse,11,pooled,10,4,11_10_3_8,0.3805563747882843,0.8870833333333333,1.0224064588546753,0.61,0.9077245891094208,0.59
bs64_lr0.0001_distAE_wd0.001_filterlen40_learndecoderFalse_schedulerTrue_windows0_dropout0.0_loralr0.0_preprocessorFalse_preencoderFalse_cutfillFalse_learnpredecoderFalse_learnloraFalse,11,pooled,11,4,11_10_3_8,0.2975622415542602,0.9316666666666666,1.2881553173065186,0.51,1.0959725379943848,0.61
bs64_lr0.0001_distAE_wd0.001_filterlen40_learndecoderFalse_schedulerTrue_windows0_dropout0.0_loralr0.0_preprocessorFalse_preencoderFalse_cutfillFalse_learnpredecoderFalse_learnloraFalse,11,pooled,12,4,11_10_3_8,0.5757818222045898,0.87125,1.1408517360687256,0.56,1.1014645099639893,0.56
bs64_lr0.0001_distAE_wd0.001_filterlen40_learndecoderFalse_schedulerTrue_windows0_dropout0.0_loralr0.0_preprocessorFalse_preencoderFalse_cutfillFalse_learnpredecoderFalse_learnloraFalse,11,pooled,13,4,11_10_3_8,0.7264866828918457,0.8079166666666666,1.3516547679901123,0.47,1.1388203501701355,0.53
bs64_lr0.0001_distAE_wd0.001_filterlen40_learndecoderFalse_schedulerTrue_windows0_dropout0.0_loralr0.0_preprocessorFalse_preencoderFalse_cutfillFalse_learnpredecoderFalse_learnloraFalse,11,pooled,14,4,11_10_3_8,0.4934833943843841,0.84625,1.409332275390625,0.47,1.10640150308609,0.58
bs64_lr0.0001_distCOV_wd0.01_filterlen40_learndecoderFalse_schedulerTrue_windows0_dropout0.0_loralr0.0_preprocessorFalse_preencoderFalse_cutfillFalse_learnpredecoderFalse_learnloraFalse,1,single,10,1,1,0.7544030547142029,0.8033333333333333,1.144515037536621,0.56,1.0423185229301453,0.61
bs64_lr0.0001_distCOV_wd0.01_filterlen40_learndecoderFalse_schedulerTrue_windows0_dropout0.0_loralr0.0_preprocessorFalse_preencoderFalse_cutfillFalse_learnpredecoderFalse_learnloraFalse,1,single,11,1,1,0.4566173851490021,0.9283333333333332,1.054132342338562,0.66,1.0118634402751925,0.62
bs64_lr0.0001_distCOV_wd0.01_filterlen40_learndecoderFalse_schedulerTrue_windows0_dropout0.0_loralr0.0_preprocessorFalse_preencoderFalse_cutfillFalse_learnpredecoderFalse_learnloraFalse,1,single,12,1,1,0.922214150428772,0.685,1.1961417198181152,0.53,1.15861576795578,0.51
bs64_lr0.0001_distCOV_wd0.01_filterlen40_learndecoderFalse_schedulerTrue_windows0_dropout0.0_loralr0.0_preprocessorFalse_preencoderFalse_cutfillFalse_learnpredecoderFalse_learnloraFalse,1,single,13,1,1,0.2839716076850891,0.9783333333333334,1.1089637279510498,0.58,1.1384609639644625,0.57
bs64_lr0.0001_distCOV_wd0.01_filterlen40_learndecoderFalse_schedulerTrue_windows0_dropout0.0_loralr0.0_preprocessorFalse_preencoderFalse_cutfillFalse_learnpredecoderFalse_learnloraFalse,1,single,14,1,1,0.5870773196220398,0.905,1.1012604236602783,0.56,0.9351049065589904,0.65
bs64_lr0.0001_distCOV_wd0.01_filterlen40_learndecoderFalse_schedulerTrue_windows0_dropout0.0_loralr0.0_preprocessorFalse_preencoderFalse_cutfillFalse_learnpredecoderFalse_learnloraFalse,1,pooled,10,7,1_7_10_9_6_5_2,0.7609509825706482,0.7509523809523809,0.7666490077972412,0.69,0.7327088117599487,0.71
bs64_lr0.0001_distCOV_wd0.01_filterlen40_learndecoderFalse_schedulerTrue_windows0_dropout0.0_loralr0.0_preprocessorFalse_preencoderFalse_cutfillFalse_learnpredecoderFalse_learnloraFalse,1,pooled,11,7,1_7_10_9_6_5_2,0.9516836404800416,0.615,0.7047147154808044,0.7,0.6669247150421143,0.69
bs64_lr0.0001_distCOV_wd0.01_filterlen40_learndecoderFalse_schedulerTrue_windows0_dropout0.0_loralr0.0_preprocessorFalse_preencoderFalse_cutfillFalse_learnpredecoderFalse_learnloraFalse,1,pooled,12,7,1_7_10_9_6_5_2,0.4881691634654999,0.8414285714285714,0.7676836252212524,0.72,0.6320832073688507,0.77
bs64_lr0.0001_distCOV_wd0.01_filterlen40_learndecoderFalse_schedulerTrue_windows0_dropout0.0_loralr0.0_preprocessorFalse_preencoderFalse_cutfillFalse_learnpredecoderFalse_learnloraFalse,1,pooled,13,7,1_7_10_9_6_5_2,1.0117565393447876,0.6097619047619047,0.8068113327026367,0.69,0.7464483678340912,0.78
bs64_lr0.0001_distCOV_wd0.01_filterlen40_learndecoderFalse_schedulerTrue_windows0_dropout0.0_loralr0.0_preprocessorFalse_preencoderFalse_cutfillFalse_learnpredecoderFalse_learnloraFalse,1,pooled,14,7,1_7_10_9_6_5_2,0.9462660551071168,0.6947619047619048,0.736579418182373,0.76,0.8461629450321198,0.67
bs64_lr0.0001_distCOV_wd0.01_filterlen40_learndecoderFalse_schedulerTrue_windows0_dropout0.0_loralr0.0_preprocessorFalse_preencoderFalse_cutfillFalse_learnpredecoderFalse_learnloraFalse,2,single,10,1,2,0.2306549698114395,0.9566666666666668,1.1483688354492188,0.58,0.638468861579895,0.8
bs64_lr0.0001_distCOV_wd0.01_filterlen40_learndecoderFalse_schedulerTrue_windows0_dropout0.0_loralr0.0_preprocessorFalse_preencoderFalse_cutfillFalse_learnpredecoderFalse_learnloraFalse,2,single,11,1,2,0.2180077880620956,0.9633333333333334,1.064363956451416,0.59,0.950506955385208,0.68
bs64_lr0.0001_distCOV_wd0.01_filterlen40_learndecoderFalse_schedulerTrue_windows0_dropout0.0_loralr0.0_preprocessorFalse_preencoderFalse_cutfillFalse_learnpredecoderFalse_learnloraFalse,2,single,12,1,2,0.1896469444036483,0.9483333333333334,1.4603006839752195,0.39,1.1780227720737455,0.63
bs64_lr0.0001_distCOV_wd0.01_filterlen40_learndecoderFalse_schedulerTrue_windows0_dropout0.0_loralr0.0_preprocessorFalse_preencoderFalse_cutfillFalse_learnpredecoderFalse_learnloraFalse,2,single,13,1,2,0.2545242607593536,0.9666666666666668,1.3383198976516724,0.47,1.131819635629654,0.64
bs64_lr0.0001_distCOV_wd0.01_filterlen40_learndecoderFalse_schedulerTrue_windows0_dropout0.0_loralr0.0_preprocessorFalse_preencoderFalse_cutfillFalse_learnpredecoderFalse_learnloraFalse,2,single,14,1,2,0.2292860150337219,0.975,1.1618220806121826,0.56,0.9822342693805696,0.76
bs64_lr0.0001_distCOV_wd0.01_filterlen40_learndecoderFalse_schedulerTrue_windows0_dropout0.0_loralr0.0_preprocessorFalse_preencoderFalse_cutfillFalse_learnpredecoderFalse_learnloraFalse,2,pooled,10,4,2_9_7_5,0.1229674890637397,0.955,0.8735203742980957,0.66,1.7445296049118042,0.74
bs64_lr0.0001_distCOV_wd0.01_filterlen40_learndecoderFalse_schedulerTrue_windows0_dropout0.0_loralr0.0_preprocessorFalse_preencoderFalse_cutfillFalse_learnpredecoderFalse_learnloraFalse,2,pooled,11,4,2_9_7_5,0.3473640382289886,0.8833333333333333,0.8062161803245544,0.71,0.7347647249698639,0.76
bs64_lr0.0001_distCOV_wd0.01_filterlen40_learndecoderFalse_schedulerTrue_windows0_dropout0.0_loralr0.0_preprocessorFalse_preencoderFalse_cutfillFalse_learnpredecoderFalse_learnloraFalse,2,pooled,12,4,2_9_7_5,0.3569784164428711,0.8704166666666666,1.0582765340805054,0.58,0.9998309910297394,0.73
bs64_lr0.0001_distCOV_wd0.01_filterlen40_learndecoderFalse_schedulerTrue_windows0_dropout0.0_loralr0.0_preprocessorFalse_preencoderFalse_cutfillFalse_learnpredecoderFalse_learnloraFalse,2,pooled,13,4,2_9_7_5,0.3368207216262817,0.9483333333333334,1.1085126399993896,0.66,0.9315099120140076,0.69
bs64_lr0.0001_distCOV_wd0.01_filterlen40_learndecoderFalse_schedulerTrue_windows0_dropout0.0_loralr0.0_preprocessorFalse_preencoderFalse_cutfillFalse_learnpredecoderFalse_learnloraFalse,2,pooled,14,4,2_9_7_5,0.2815502882003784,0.9429166666666666,1.1135172843933103,0.57,1.1019107401371002,0.69
bs64_lr0.0001_distCOV_wd0.01_filterlen40_learndecoderFalse_schedulerTrue_windows0_dropout0.0_loralr0.0_preprocessorFalse_preencoderFalse_cutfillFalse_learnpredecoderFalse_learnloraFalse,3,single,10,1,3,0.6861662268638611,0.8833333333333333,1.4514141082763672,0.33,1.6084579825401306,0.32
bs64_lr0.0001_distCOV_wd0.01_filterlen40_learndecoderFalse_schedulerTrue_windows0_dropout0.0_loralr0.0_preprocessorFalse_preencoderFalse_cutfillFalse_learnpredecoderFalse_learnloraFalse,3,single,11,1,3,1.0850104093551636,0.7,1.4842164516448977,0.34,1.544755518436432,0.36
bs64_lr0.0001_distCOV_wd0.01_filterlen40_learndecoderFalse_schedulerTrue_windows0_dropout0.0_loralr0.0_preprocessorFalse_preencoderFalse_cutfillFalse_learnpredecoderFalse_learnloraFalse,3,single,12,1,3,1.0017794370651243,0.695,1.4830453395843506,0.37,1.606370449066162,0.32
bs64_lr0.0001_distCOV_wd0.01_filterlen40_learndecoderFalse_schedulerTrue_windows0_dropout0.0_loralr0.0_preprocessorFalse_preencoderFalse_cutfillFalse_learnpredecoderFalse_learnloraFalse,3,single,13,1,3,1.0236085653305054,0.695,1.4877526760101318,0.37,1.562496542930603,0.33
bs64_lr0.0001_distCOV_wd0.01_filterlen40_learndecoderFalse_schedulerTrue_windows0_dropout0.0_loralr0.0_preprocessorFalse_preencoderFalse_cutfillFalse_learnpredecoderFalse_learnloraFalse,3,single,14,1,3,1.1000224351882937,0.6383333333333333,1.4980535507202148,0.38,1.4877912402153015,0.31
bs64_lr0.0001_distCOV_wd0.01_filterlen40_learndecoderFalse_schedulerTrue_windows0_dropout0.0_loralr0.0_preprocessorFalse_preencoderFalse_cutfillFalse_learnpredecoderFalse_learnloraFalse,3,pooled,10,1,3,0.6861662268638611,0.8833333333333333,1.4514141082763672,0.33,1.6084579825401306,0.32
bs64_lr0.0001_distCOV_wd0.01_filterlen40_learndecoderFalse_schedulerTrue_windows0_dropout0.0_loralr0.0_preprocessorFalse_preencoderFalse_cutfillFalse_learnpredecoderFalse_learnloraFalse,3,pooled,11,1,3,1.0850104093551636,0.7,1.4842164516448977,0.34,1.544755518436432,0.36
bs64_lr0.0001_distCOV_wd0.01_filterlen40_learndecoderFalse_schedulerTrue_windows0_dropout0.0_loralr0.0_preprocessorFalse_preencoderFalse_cutfillFalse_learnpredecoderFalse_learnloraFalse,3,pooled,12,1,3,1.0017794370651243,0.695,1.4830453395843506,0.37,1.606370449066162,0.32
bs64_lr0.0001_distCOV_wd0.01_filterlen40_learndecoderFalse_schedulerTrue_windows0_dropout0.0_loralr0.0_preprocessorFalse_preencoderFalse_cutfillFalse_learnpredecoderFalse_learnloraFalse,3,pooled,13,1,3,1.0236085653305054,0.695,1.4877526760101318,0.37,1.562496542930603,0.33
bs64_lr0.0001_distCOV_wd0.01_filterlen40_learndecoderFalse_schedulerTrue_windows0_dropout0.0_loralr0.0_preprocessorFalse_preencoderFalse_cutfillFalse_learnpredecoderFalse_learnloraFalse,3,pooled,14,1,3,1.1000224351882937,0.6383333333333333,1.4980535507202148,0.38,1.4877912402153015,0.31
bs64_lr0.0001_distCOV_wd0.01_filterlen40_learndecoderFalse_schedulerTrue_windows0_dropout0.0_loralr0.0_preprocessorFalse_preencoderFalse_cutfillFalse_learnpredecoderFalse_learnloraFalse,4,single,10,1,4,1.5977493524551392,0.2416666666666666,1.6105481386184692,0.2,1.6199188828468325,0.2
bs64_lr0.0001_distCOV_wd0.01_filterlen40_learndecoderFalse_schedulerTrue_windows0_dropout0.0_loralr0.0_preprocessorFalse_preencoderFalse_cutfillFalse_learnpredecoderFalse_learnloraFalse,4,single,11,1,4,1.6614387035369873,0.1966666666666666,1.6095250844955444,0.2,1.611469268798828,0.2
bs64_lr0.0001_distCOV_wd0.01_filterlen40_learndecoderFalse_schedulerTrue_windows0_dropout0.0_loralr0.0_preprocessorFalse_preencoderFalse_cutfillFalse_learnpredecoderFalse_learnloraFalse,4,single,12,1,4,1.6101375818252563,0.205,1.6021417379379272,0.17,1.605840802192688,0.2
bs64_lr0.0001_distCOV_wd0.01_filterlen40_learndecoderFalse_schedulerTrue_windows0_dropout0.0_loralr0.0_preprocessorFalse_preencoderFalse_cutfillFalse_learnpredecoderFalse_learnloraFalse,4,single,13,1,4,0.2506949603557586,0.9816666666666668,1.611593246459961,0.34,1.895968079566956,0.23
bs64_lr0.0001_distCOV_wd0.01_filterlen40_learndecoderFalse_schedulerTrue_windows0_dropout0.0_loralr0.0_preprocessorFalse_preencoderFalse_cutfillFalse_learnpredecoderFalse_learnloraFalse,4,single,14,1,4,1.65839421749115,0.1233333333333333,1.614021897315979,0.19,1.6156284809112549,0.16
bs64_lr0.0001_distCOV_wd0.01_filterlen40_learndecoderFalse_schedulerTrue_windows0_dropout0.0_loralr0.0_preprocessorFalse_preencoderFalse_cutfillFalse_learnpredecoderFalse_learnloraFalse,4,pooled,10,4,4_11_9_5,1.4118719100952148,0.4195833333333333,1.5836501121520996,0.32,1.7649804949760437,0.2
bs64_lr0.0001_distCOV_wd0.01_filterlen40_learndecoderFalse_schedulerTrue_windows0_dropout0.0_loralr0.0_preprocessorFalse_preencoderFalse_cutfillFalse_learnpredecoderFalse_learnloraFalse,4,pooled,11,4,4_11_9_5,1.556636929512024,0.2891666666666667,1.6226308345794678,0.24,1.651768982410431,0.15
bs64_lr0.0001_distCOV_wd0.01_filterlen40_learndecoderFalse_schedulerTrue_windows0_dropout0.0_loralr0.0_preprocessorFalse_preencoderFalse_cutfillFalse_learnpredecoderFalse_learnloraFalse,4,pooled,12,4,4_11_9_5,1.6423468589782717,0.2770833333333333,1.6022391319274902,0.25,1.6660178899765017,0.18
bs64_lr0.0001_distCOV_wd0.01_filterlen40_learndecoderFalse_schedulerTrue_windows0_dropout0.0_loralr0.0_preprocessorFalse_preencoderFalse_cutfillFalse_learnpredecoderFalse_learnloraFalse,4,pooled,13,4,4_11_9_5,1.5744247436523438,0.2820833333333333,1.5865743160247805,0.26,1.6971096992492676,0.15
bs64_lr0.0001_distCOV_wd0.01_filterlen40_learndecoderFalse_schedulerTrue_windows0_dropout0.0_loralr0.0_preprocessorFalse_preencoderFalse_cutfillFalse_learnpredecoderFalse_learnloraFalse,4,pooled,14,4,4_11_9_5,1.5868257284164429,0.2458333333333333,1.5897682905197144,0.21,1.6407233476638794,0.2
bs64_lr0.0001_distCOV_wd0.01_filterlen40_learndecoderFalse_schedulerTrue_windows0_dropout0.0_loralr0.0_preprocessorFalse_preencoderFalse_cutfillFalse_learnpredecoderFalse_learnloraFalse,5,single,10,1,5,1.5541707277297974,0.2766666666666666,1.6025125980377195,0.24,1.5970035195350647,0.24
bs64_lr0.0001_distCOV_wd0.01_filterlen40_learndecoderFalse_schedulerTrue_windows0_dropout0.0_loralr0.0_preprocessorFalse_preencoderFalse_cutfillFalse_learnpredecoderFalse_learnloraFalse,5,single,11,1,5,1.599700093269348,0.2583333333333333,1.590878963470459,0.23,1.614270567893982,0.22
bs64_lr0.0001_distCOV_wd0.01_filterlen40_learndecoderFalse_schedulerTrue_windows0_dropout0.0_loralr0.0_preprocessorFalse_preencoderFalse_cutfillFalse_learnpredecoderFalse_learnloraFalse,5,single,12,1,5,1.5109260082244873,0.2483333333333333,1.5991966724395752,0.2,1.6172401905059814,0.2
bs64_lr0.0001_distCOV_wd0.01_filterlen40_learndecoderFalse_schedulerTrue_windows0_dropout0.0_loralr0.0_preprocessorFalse_preencoderFalse_cutfillFalse_learnpredecoderFalse_learnloraFalse,5,single,13,1,5,1.5932341814041138,0.235,1.5974551439285278,0.18,1.604495108127594,0.21
bs64_lr0.0001_distCOV_wd0.01_filterlen40_learndecoderFalse_schedulerTrue_windows0_dropout0.0_loralr0.0_preprocessorFalse_preencoderFalse_cutfillFalse_learnpredecoderFalse_learnloraFalse,5,single,14,1,5,1.5946967601776123,0.2183333333333333,1.61405611038208,0.23,1.612161934375763,0.2
bs64_lr0.0001_distCOV_wd0.01_filterlen40_learndecoderFalse_schedulerTrue_windows0_dropout0.0_loralr0.0_preprocessorFalse_preencoderFalse_cutfillFalse_learnpredecoderFalse_learnloraFalse,5,pooled,10,1,5,1.5541707277297974,0.2766666666666666,1.6025125980377195,0.24,1.5970035195350647,0.24
bs64_lr0.0001_distCOV_wd0.01_filterlen40_learndecoderFalse_schedulerTrue_windows0_dropout0.0_loralr0.0_preprocessorFalse_preencoderFalse_cutfillFalse_learnpredecoderFalse_learnloraFalse,5,pooled,11,1,5,1.599700093269348,0.2583333333333333,1.590878963470459,0.23,1.614270567893982,0.22
bs64_lr0.0001_distCOV_wd0.01_filterlen40_learndecoderFalse_schedulerTrue_windows0_dropout0.0_loralr0.0_preprocessorFalse_preencoderFalse_cutfillFalse_learnpredecoderFalse_learnloraFalse,5,pooled,12,1,5,1.5109260082244873,0.2483333333333333,1.5991966724395752,0.2,1.6172401905059814,0.2
bs64_lr0.0001_distCOV_wd0.01_filterlen40_learndecoderFalse_schedulerTrue_windows0_dropout0.0_loralr0.0_preprocessorFalse_preencoderFalse_cutfillFalse_learnpredecoderFalse_learnloraFalse,5,pooled,13,1,5,1.5932341814041138,0.235,1.5974551439285278,0.18,1.604495108127594,0.21
bs64_lr0.0001_distCOV_wd0.01_filterlen40_learndecoderFalse_schedulerTrue_windows0_dropout0.0_loralr0.0_preprocessorFalse_preencoderFalse_cutfillFalse_learnpredecoderFalse_learnloraFalse,5,pooled,14,1,5,1.5946967601776123,0.2183333333333333,1.61405611038208,0.23,1.612161934375763,0.2
bs64_lr0.0001_distCOV_wd0.01_filterlen40_learndecoderFalse_schedulerTrue_windows0_dropout0.0_loralr0.0_preprocessorFalse_preencoderFalse_cutfillFalse_learnpredecoderFalse_learnloraFalse,6,single,10,1,6,0.3513652086257934,0.955,1.1408560276031494,0.5,1.4186177849769592,0.42
bs64_lr0.0001_distCOV_wd0.01_filterlen40_learndecoderFalse_schedulerTrue_windows0_dropout0.0_loralr0.0_preprocessorFalse_preencoderFalse_cutfillFalse_learnpredecoderFalse_learnloraFalse,6,single,11,1,6,0.1699864268302917,0.9833333333333332,1.1993157863616943,0.54,1.4121772646903992,0.45
bs64_lr0.0001_distCOV_wd0.01_filterlen40_learndecoderFalse_schedulerTrue_windows0_dropout0.0_loralr0.0_preprocessorFalse_preencoderFalse_cutfillFalse_learnpredecoderFalse_learnloraFalse,6,single,12,1,6,0.0783948823809623,0.9983333333333332,1.145185470581055,0.5,1.4903342723846436,0.43
bs64_lr0.0001_distCOV_wd0.01_filterlen40_learndecoderFalse_schedulerTrue_windows0_dropout0.0_loralr0.0_preprocessorFalse_preencoderFalse_cutfillFalse_learnpredecoderFalse_learnloraFalse,6,single,13,1,6,0.094528242945671,0.9966666666666668,1.1343073844909668,0.51,1.3856869339942932,0.53
bs64_lr0.0001_distCOV_wd0.01_filterlen40_learndecoderFalse_schedulerTrue_windows0_dropout0.0_loralr0.0_preprocessorFalse_preencoderFalse_cutfillFalse_learnpredecoderFalse_learnloraFalse,6,single,14,1,6,0.1977953910827636,0.985,1.1299015283584597,0.58,1.2542086839675903,0.53
bs64_lr0.0001_distCOV_wd0.01_filterlen40_learndecoderFalse_schedulerTrue_windows0_dropout0.0_loralr0.0_preprocessorFalse_preencoderFalse_cutfillFalse_learnpredecoderFalse_learnloraFalse,6,pooled,10,1,6,0.3513652086257934,0.955,1.1408560276031494,0.5,1.4186177849769592,0.42
bs64_lr0.0001_distCOV_wd0.01_filterlen40_learndecoderFalse_schedulerTrue_windows0_dropout0.0_loralr0.0_preprocessorFalse_preencoderFalse_cutfillFalse_learnpredecoderFalse_learnloraFalse,6,pooled,11,1,6,0.1699864268302917,0.9833333333333332,1.1993157863616943,0.54,1.4121772646903992,0.45
bs64_lr0.0001_distCOV_wd0.01_filterlen40_learndecoderFalse_schedulerTrue_windows0_dropout0.0_loralr0.0_preprocessorFalse_preencoderFalse_cutfillFalse_learnpredecoderFalse_learnloraFalse,6,pooled,12,1,6,0.0783948823809623,0.9983333333333332,1.145185470581055,0.5,1.4903342723846436,0.43
bs64_lr0.0001_distCOV_wd0.01_filterlen40_learndecoderFalse_schedulerTrue_windows0_dropout0.0_loralr0.0_preprocessorFalse_preencoderFalse_cutfillFalse_learnpredecoderFalse_learnloraFalse,6,pooled,13,1,6,0.094528242945671,0.9966666666666668,1.1343073844909668,0.51,1.3856869339942932,0.53
bs64_lr0.0001_distCOV_wd0.01_filterlen40_learndecoderFalse_schedulerTrue_windows0_dropout0.0_loralr0.0_preprocessorFalse_preencoderFalse_cutfillFalse_learnpredecoderFalse_learnloraFalse,6,pooled,14,1,6,0.1977953910827636,0.985,1.1299015283584597,0.58,1.2542086839675903,0.53
bs64_lr0.0001_distCOV_wd0.01_filterlen40_learndecoderFalse_schedulerTrue_windows0_dropout0.0_loralr0.0_preprocessorFalse_preencoderFalse_cutfillFalse_learnpredecoderFalse_learnloraFalse,7,single,10,1,7,0.2845793962478637,0.975,1.3401703834533691,0.45,1.4571191668510437,0.53
bs64_lr0.0001_distCOV_wd0.01_filterlen40_learndecoderFalse_schedulerTrue_windows0_dropout0.0_loralr0.0_preprocessorFalse_preencoderFalse_cutfillFalse_learnpredecoderFalse_learnloraFalse,7,single,11,1,7,0.1826617121696472,0.995,1.33732271194458,0.43,1.3827126622200012,0.47
bs64_lr0.0001_distCOV_wd0.01_filterlen40_learndecoderFalse_schedulerTrue_windows0_dropout0.0_loralr0.0_preprocessorFalse_preencoderFalse_cutfillFalse_learnpredecoderFalse_learnloraFalse,7,single,12,1,7,0.3411251902580261,0.96,1.3593971729278564,0.45,1.5827404260635376,0.44
bs64_lr0.0001_distCOV_wd0.01_filterlen40_learndecoderFalse_schedulerTrue_windows0_dropout0.0_loralr0.0_preprocessorFalse_preencoderFalse_cutfillFalse_learnpredecoderFalse_learnloraFalse,7,single,13,1,7,0.203744351863861,0.97,1.285015106201172,0.44,1.364460825920105,0.51
bs64_lr0.0001_distCOV_wd0.01_filterlen40_learndecoderFalse_schedulerTrue_windows0_dropout0.0_loralr0.0_preprocessorFalse_preencoderFalse_cutfillFalse_learnpredecoderFalse_learnloraFalse,7,single,14,1,7,0.3871107101440429,0.9516666666666668,1.381187915802002,0.46,1.6374162435531616,0.39
bs64_lr0.0001_distCOV_wd0.01_filterlen40_learndecoderFalse_schedulerTrue_windows0_dropout0.0_loralr0.0_preprocessorFalse_preencoderFalse_cutfillFalse_learnpredecoderFalse_learnloraFalse,7,pooled,10,2,7_1,0.3622171878814697,0.9308333333333332,1.2542309761047363,0.47,1.579948902130127,0.46
bs64_lr0.0001_distCOV_wd0.01_filterlen40_learndecoderFalse_schedulerTrue_windows0_dropout0.0_loralr0.0_preprocessorFalse_preencoderFalse_cutfillFalse_learnpredecoderFalse_learnloraFalse,7,pooled,11,2,7_1,0.5473642945289612,0.8233333333333334,1.211174726486206,0.45,1.4777826070785522,0.42
bs64_lr0.0001_distCOV_wd0.01_filterlen40_learndecoderFalse_schedulerTrue_windows0_dropout0.0_loralr0.0_preprocessorFalse_preencoderFalse_cutfillFalse_learnpredecoderFalse_learnloraFalse,7,pooled,12,2,7_1,0.9030240178108216,0.7908333333333334,1.2605853080749512,0.45,1.5271246433258057,0.43
bs64_lr0.0001_distCOV_wd0.01_filterlen40_learndecoderFalse_schedulerTrue_windows0_dropout0.0_loralr0.0_preprocessorFalse_preencoderFalse_cutfillFalse_learnpredecoderFalse_learnloraFalse,7,pooled,13,2,7_1,0.5758668780326843,0.855,1.2829400300979614,0.44,1.2858577966690063,0.44
bs64_lr0.0001_distCOV_wd0.01_filterlen40_learndecoderFalse_schedulerTrue_windows0_dropout0.0_loralr0.0_preprocessorFalse_preencoderFalse_cutfillFalse_learnpredecoderFalse_learnloraFalse,7,pooled,14,2,7_1,0.5190644860267639,0.8675,1.2540514469146729,0.5,1.6702327728271484,0.42
bs64_lr0.0001_distCOV_wd0.01_filterlen40_learndecoderFalse_schedulerTrue_windows0_dropout0.0_loralr0.0_preprocessorFalse_preencoderFalse_cutfillFalse_learnpredecoderFalse_learnloraFalse,8,single,10,1,8,1.5220139026641846,0.4033333333333333,1.595845341682434,0.2,1.6022158861160278,0.23
bs64_lr0.0001_distCOV_wd0.01_filterlen40_learndecoderFalse_schedulerTrue_windows0_dropout0.0_loralr0.0_preprocessorFalse_preencoderFalse_cutfillFalse_learnpredecoderFalse_learnloraFalse,8,single,11,1,8,1.3896490335464478,0.4183333333333333,1.5955182313919067,0.24,1.6004365682601929,0.2
bs64_lr0.0001_distCOV_wd0.01_filterlen40_learndecoderFalse_schedulerTrue_windows0_dropout0.0_loralr0.0_preprocessorFalse_preencoderFalse_cutfillFalse_learnpredecoderFalse_learnloraFalse,8,single,12,1,8,1.5906680822372437,0.2783333333333333,1.596766710281372,0.19,1.6046849489212036,0.2
bs64_lr0.0001_distCOV_wd0.01_filterlen40_learndecoderFalse_schedulerTrue_windows0_dropout0.0_loralr0.0_preprocessorFalse_preencoderFalse_cutfillFalse_learnpredecoderFalse_learnloraFalse,8,single,13,1,8,1.515011191368103,0.3533333333333333,1.6015552282333374,0.19,1.6013219356536863,0.16
bs64_lr0.0001_distCOV_wd0.01_filterlen40_learndecoderFalse_schedulerTrue_windows0_dropout0.0_loralr0.0_preprocessorFalse_preencoderFalse_cutfillFalse_learnpredecoderFalse_learnloraFalse,8,single,14,1,8,1.617101550102234,0.19,1.6010193824768066,0.24,1.6076033115386963,0.24
bs64_lr0.0001_distCOV_wd0.01_filterlen40_learndecoderFalse_schedulerTrue_windows0_dropout0.0_loralr0.0_preprocessorFalse_preencoderFalse_cutfillFalse_learnpredecoderFalse_learnloraFalse,8,pooled,10,2,8_9,1.1100245714187622,0.575,1.5626323223114014,0.27,1.6669963002204895,0.21
bs64_lr0.0001_distCOV_wd0.01_filterlen40_learndecoderFalse_schedulerTrue_windows0_dropout0.0_loralr0.0_preprocessorFalse_preencoderFalse_cutfillFalse_learnpredecoderFalse_learnloraFalse,8,pooled,11,2,8_9,1.434303641319275,0.3491666666666667,1.598660588264465,0.23,1.642011642456055,0.24
bs64_lr0.0001_distCOV_wd0.01_filterlen40_learndecoderFalse_schedulerTrue_windows0_dropout0.0_loralr0.0_preprocessorFalse_preencoderFalse_cutfillFalse_learnpredecoderFalse_learnloraFalse,8,pooled,12,2,8_9,1.527471899986267,0.33,1.6108663082122805,0.16,1.637820839881897,0.18
bs64_lr0.0001_distCOV_wd0.01_filterlen40_learndecoderFalse_schedulerTrue_windows0_dropout0.0_loralr0.0_preprocessorFalse_preencoderFalse_cutfillFalse_learnpredecoderFalse_learnloraFalse,8,pooled,13,2,8_9,1.356580138206482,0.4041666666666667,1.6103696823120115,0.21,1.6172223687171936,0.16
bs64_lr0.0001_distCOV_wd0.01_filterlen40_learndecoderFalse_schedulerTrue_windows0_dropout0.0_loralr0.0_preprocessorFalse_preencoderFalse_cutfillFalse_learnpredecoderFalse_learnloraFalse,8,pooled,14,2,8_9,1.626601219177246,0.1883333333333333,1.6086952686309814,0.21,1.6123210787773132,0.2
bs64_lr0.0001_distCOV_wd0.01_filterlen40_learndecoderFalse_schedulerTrue_windows0_dropout0.0_loralr0.0_preprocessorFalse_preencoderFalse_cutfillFalse_learnpredecoderFalse_learnloraFalse,9,single,10,1,9,0.122470311820507,0.9933333333333332,0.5231300592422485,0.82,1.1313640475273132,0.64
bs64_lr0.0001_distCOV_wd0.01_filterlen40_learndecoderFalse_schedulerTrue_windows0_dropout0.0_loralr0.0_preprocessorFalse_preencoderFalse_cutfillFalse_learnpredecoderFalse_learnloraFalse,9,single,11,1,9,0.2703912556171417,0.9783333333333334,0.5151048898696899,0.88,1.0078251957893372,0.65
bs64_lr0.0001_distCOV_wd0.01_filterlen40_learndecoderFalse_schedulerTrue_windows0_dropout0.0_loralr0.0_preprocessorFalse_preencoderFalse_cutfillFalse_learnpredecoderFalse_learnloraFalse,9,single,12,1,9,0.1297187209129333,0.995,0.5781894326210022,0.73,1.327789843082428,0.54
bs64_lr0.0001_distCOV_wd0.01_filterlen40_learndecoderFalse_schedulerTrue_windows0_dropout0.0_loralr0.0_preprocessorFalse_preencoderFalse_cutfillFalse_learnpredecoderFalse_learnloraFalse,9,single,13,1,9,0.106939673423767,0.9983333333333332,0.5169315338134766,0.83,0.9905779659748076,0.6
bs64_lr0.0001_distCOV_wd0.01_filterlen40_learndecoderFalse_schedulerTrue_windows0_dropout0.0_loralr0.0_preprocessorFalse_preencoderFalse_cutfillFalse_learnpredecoderFalse_learnloraFalse,9,single,14,1,9,0.2393009513616562,0.9883333333333332,0.4783088862895965,0.86,0.9046081304550172,0.68
bs64_lr0.0001_distCOV_wd0.01_filterlen40_learndecoderFalse_schedulerTrue_windows0_dropout0.0_loralr0.0_preprocessorFalse_preencoderFalse_cutfillFalse_learnpredecoderFalse_learnloraFalse,9,pooled,10,3,9_5_4,0.4776312112808227,0.9577777777777776,0.3643773198127746,0.88,1.44118994474411,0.59
bs64_lr0.0001_distCOV_wd0.01_filterlen40_learndecoderFalse_schedulerTrue_windows0_dropout0.0_loralr0.0_preprocessorFalse_preencoderFalse_cutfillFalse_learnpredecoderFalse_learnloraFalse,9,pooled,11,3,9_5_4,0.1828439384698867,0.9155555555555556,0.4829946458339691,0.77,1.1978025436401367,0.59
bs64_lr0.0001_distCOV_wd0.01_filterlen40_learndecoderFalse_schedulerTrue_windows0_dropout0.0_loralr0.0_preprocessorFalse_preencoderFalse_cutfillFalse_learnpredecoderFalse_learnloraFalse,9,pooled,12,3,9_5_4,0.6115151643753052,0.9566666666666668,0.5065396428108215,0.79,1.612146079540253,0.58
bs64_lr0.0001_distCOV_wd0.01_filterlen40_learndecoderFalse_schedulerTrue_windows0_dropout0.0_loralr0.0_preprocessorFalse_preencoderFalse_cutfillFalse_learnpredecoderFalse_learnloraFalse,9,pooled,13,3,9_5_4,0.7121801376342773,0.8283333333333334,0.5146974325180054,0.86,1.0700465440750122,0.62
bs64_lr0.0001_distCOV_wd0.01_filterlen40_learndecoderFalse_schedulerTrue_windows0_dropout0.0_loralr0.0_preprocessorFalse_preencoderFalse_cutfillFalse_learnpredecoderFalse_learnloraFalse,9,pooled,14,3,9_5_4,0.308207094669342,0.9627777777777776,0.4162207245826721,0.84,1.1491584479808807,0.62
bs64_lr0.0001_distCOV_wd0.01_filterlen40_learndecoderFalse_schedulerTrue_windows0_dropout0.0_loralr0.0_preprocessorFalse_preencoderFalse_cutfillFalse_learnpredecoderFalse_learnloraFalse,10,single,10,1,10,0.3504693210124969,0.9533333333333334,1.4560362100601196,0.39,1.5248513221740725,0.35
bs64_lr0.0001_distCOV_wd0.01_filterlen40_learndecoderFalse_schedulerTrue_windows0_dropout0.0_loralr0.0_preprocessorFalse_preencoderFalse_cutfillFalse_learnpredecoderFalse_learnloraFalse,10,single,11,1,10,0.103514976799488,0.9966666666666668,1.5062711238861084,0.37,1.5571600198745728,0.35
bs64_lr0.0001_distCOV_wd0.01_filterlen40_learndecoderFalse_schedulerTrue_windows0_dropout0.0_loralr0.0_preprocessorFalse_preencoderFalse_cutfillFalse_learnpredecoderFalse_learnloraFalse,10,single,12,1,10,0.2329321801662445,0.9833333333333332,1.3783479928970337,0.46,1.4157286286354065,0.45
bs64_lr0.0001_distCOV_wd0.01_filterlen40_learndecoderFalse_schedulerTrue_windows0_dropout0.0_loralr0.0_preprocessorFalse_preencoderFalse_cutfillFalse_learnpredecoderFalse_learnloraFalse,10,single,13,1,10,0.1399764567613601,0.99,1.3831543922424316,0.43,1.452566683292389,0.4
bs64_lr0.0001_distCOV_wd0.01_filterlen40_learndecoderFalse_schedulerTrue_windows0_dropout0.0_loralr0.0_preprocessorFalse_preencoderFalse_cutfillFalse_learnpredecoderFalse_learnloraFalse,10,single,14,1,10,0.4564462900161743,0.925,1.340095281600952,0.4,1.422684609889984,0.41
bs64_lr0.0001_distCOV_wd0.01_filterlen40_learndecoderFalse_schedulerTrue_windows0_dropout0.0_loralr0.0_preprocessorFalse_preencoderFalse_cutfillFalse_learnpredecoderFalse_learnloraFalse,10,pooled,10,3,10_5_9,0.509221076965332,0.9527777777777776,1.2920424938201904,0.41,1.36091148853302,0.48
bs64_lr0.0001_distCOV_wd0.01_filterlen40_learndecoderFalse_schedulerTrue_windows0_dropout0.0_loralr0.0_preprocessorFalse_preencoderFalse_cutfillFalse_learnpredecoderFalse_learnloraFalse,10,pooled,11,3,10_5_9,0.5378434658050537,0.8933333333333333,1.3431316614151,0.45,1.3091237545013428,0.49
bs64_lr0.0001_distCOV_wd0.01_filterlen40_learndecoderFalse_schedulerTrue_windows0_dropout0.0_loralr0.0_preprocessorFalse_preencoderFalse_cutfillFalse_learnpredecoderFalse_learnloraFalse,10,pooled,12,3,10_5_9,0.8501702547073364,0.835,1.4055006504058838,0.4,1.3602839708328247,0.44
bs64_lr0.0001_distCOV_wd0.01_filterlen40_learndecoderFalse_schedulerTrue_windows0_dropout0.0_loralr0.0_preprocessorFalse_preencoderFalse_cutfillFalse_learnpredecoderFalse_learnloraFalse,10,pooled,13,3,10_5_9,1.2993788719177246,0.8494444444444444,1.3328332901000977,0.46,1.1932435631752014,0.47
bs64_lr0.0001_distCOV_wd0.01_filterlen40_learndecoderFalse_schedulerTrue_windows0_dropout0.0_loralr0.0_preprocessorFalse_preencoderFalse_cutfillFalse_learnpredecoderFalse_learnloraFalse,10,pooled,14,3,10_5_9,0.509258508682251,0.77,1.310145378112793,0.4,1.4390749335289,0.35
bs64_lr0.0001_distCOV_wd0.01_filterlen40_learndecoderFalse_schedulerTrue_windows0_dropout0.0_loralr0.0_preprocessorFalse_preencoderFalse_cutfillFalse_learnpredecoderFalse_learnloraFalse,11,single,10,1,11,0.1539899706840515,0.9933333333333332,1.1610968112945557,0.57,1.0024594366550446,0.62
bs64_lr0.0001_distCOV_wd0.01_filterlen40_learndecoderFalse_schedulerTrue_windows0_dropout0.0_loralr0.0_preprocessorFalse_preencoderFalse_cutfillFalse_learnpredecoderFalse_learnloraFalse,11,single,11,1,11,0.4253693521022796,0.9383333333333334,1.3169124126434326,0.48,1.1945521831512451,0.53
bs64_lr0.0001_distCOV_wd0.01_filterlen40_learndecoderFalse_schedulerTrue_windows0_dropout0.0_loralr0.0_preprocessorFalse_preencoderFalse_cutfillFalse_learnpredecoderFalse_learnloraFalse,11,single,12,1,11,0.0892879292368888,0.995,1.381192684173584,0.39,1.1326014995574951,0.5
bs64_lr0.0001_distCOV_wd0.01_filterlen40_learndecoderFalse_schedulerTrue_windows0_dropout0.0_loralr0.0_preprocessorFalse_preencoderFalse_cutfillFalse_learnpredecoderFalse_learnloraFalse,11,single,13,1,11,0.2632600963115692,0.96,1.1965548992156982,0.52,0.9392402172088624,0.68
bs64_lr0.0001_distCOV_wd0.01_filterlen40_learndecoderFalse_schedulerTrue_windows0_dropout0.0_loralr0.0_preprocessorFalse_preencoderFalse_cutfillFalse_learnpredecoderFalse_learnloraFalse,11,single,14,1,11,0.1261391043663025,0.9866666666666668,1.1696114540100098,0.5,1.1201356053352356,0.54
bs64_lr0.0001_distCOV_wd0.01_filterlen40_learndecoderFalse_schedulerTrue_windows0_dropout0.0_loralr0.0_preprocessorFalse_preencoderFalse_cutfillFalse_learnpredecoderFalse_learnloraFalse,11,pooled,10,1,11,0.1539899706840515,0.9933333333333332,1.1610968112945557,0.57,1.0024594366550446,0.62
bs64_lr0.0001_distCOV_wd0.01_filterlen40_learndecoderFalse_schedulerTrue_windows0_dropout0.0_loralr0.0_preprocessorFalse_preencoderFalse_cutfillFalse_learnpredecoderFalse_learnloraFalse,11,pooled,11,1,11,0.4253693521022796,0.9383333333333334,1.3169124126434326,0.48,1.1945521831512451,0.53
bs64_lr0.0001_distCOV_wd0.01_filterlen40_learndecoderFalse_schedulerTrue_windows0_dropout0.0_loralr0.0_preprocessorFalse_preencoderFalse_cutfillFalse_learnpredecoderFalse_learnloraFalse,11,pooled,12,1,11,0.0892879292368888,0.995,1.381192684173584,0.39,1.1326014995574951,0.5
bs64_lr0.0001_distCOV_wd0.01_filterlen40_learndecoderFalse_schedulerTrue_windows0_dropout0.0_loralr0.0_preprocessorFalse_preencoderFalse_cutfillFalse_learnpredecoderFalse_learnloraFalse,11,pooled,13,1,11,0.2632600963115692,0.96,1.1965548992156982,0.52,0.9392402172088624,0.68
bs64_lr0.0001_distCOV_wd0.01_filterlen40_learndecoderFalse_schedulerTrue_windows0_dropout0.0_loralr0.0_preprocessorFalse_preencoderFalse_cutfillFalse_learnpredecoderFalse_learnloraFalse,11,pooled,14,1,11,0.1261391043663025,0.9866666666666668,1.1696114540100098,0.5,1.1201356053352356,0.54
bs64_lr0.0001_distCOV_wd0.001_filterlen40_learndecoderFalse_schedulerTrue_windows0_dropout0.0_loralr0.0_preprocessorFalse_preencoderFalse_cutfillFalse_learnpredecoderFalse_learnloraFalse,1,single,10,1,1,0.0727724507451057,1.0,1.0473517179489136,0.62,1.2693135142326355,0.57
bs64_lr0.0001_distCOV_wd0.001_filterlen40_learndecoderFalse_schedulerTrue_windows0_dropout0.0_loralr0.0_preprocessorFalse_preencoderFalse_cutfillFalse_learnpredecoderFalse_learnloraFalse,1,single,11,1,1,0.4538863897323608,0.9283333333333332,1.1518744230270386,0.58,0.9364921748638152,0.64
bs64_lr0.0001_distCOV_wd0.001_filterlen40_learndecoderFalse_schedulerTrue_windows0_dropout0.0_loralr0.0_preprocessorFalse_preencoderFalse_cutfillFalse_learnpredecoderFalse_learnloraFalse,1,single,12,1,1,0.40904501080513,0.945,1.12820303440094,0.63,1.0190634727478027,0.63
bs64_lr0.0001_distCOV_wd0.001_filterlen40_learndecoderFalse_schedulerTrue_windows0_dropout0.0_loralr0.0_preprocessorFalse_preencoderFalse_cutfillFalse_learnpredecoderFalse_learnloraFalse,1,single,13,1,1,0.2141572833061218,0.9816666666666668,1.1131893396377563,0.56,0.98015096783638,0.65
bs64_lr0.0001_distCOV_wd0.001_filterlen40_learndecoderFalse_schedulerTrue_windows0_dropout0.0_loralr0.0_preprocessorFalse_preencoderFalse_cutfillFalse_learnpredecoderFalse_learnloraFalse,1,single,14,1,1,0.7845984101295471,0.78,1.066701054573059,0.56,1.2734255492687223,0.59
bs64_lr0.0001_distCOV_wd0.001_filterlen40_learndecoderFalse_schedulerTrue_windows0_dropout0.0_loralr0.0_preprocessorFalse_preencoderFalse_cutfillFalse_learnpredecoderFalse_learnloraFalse,1,pooled,10,1,1,0.0727724507451057,1.0,1.0473517179489136,0.62,1.2693135142326355,0.57
bs64_lr0.0001_distCOV_wd0.001_filterlen40_learndecoderFalse_schedulerTrue_windows0_dropout0.0_loralr0.0_preprocessorFalse_preencoderFalse_cutfillFalse_learnpredecoderFalse_learnloraFalse,1,pooled,11,1,1,0.4538863897323608,0.9283333333333332,1.1518744230270386,0.58,0.9364921748638152,0.64
bs64_lr0.0001_distCOV_wd0.001_filterlen40_learndecoderFalse_schedulerTrue_windows0_dropout0.0_loralr0.0_preprocessorFalse_preencoderFalse_cutfillFalse_learnpredecoderFalse_learnloraFalse,1,pooled,12,1,1,0.40904501080513,0.945,1.12820303440094,0.63,1.0190634727478027,0.63
bs64_lr0.0001_distCOV_wd0.001_filterlen40_learndecoderFalse_schedulerTrue_windows0_dropout0.0_loralr0.0_preprocessorFalse_preencoderFalse_cutfillFalse_learnpredecoderFalse_learnloraFalse,1,pooled,13,1,1,0.2141572833061218,0.9816666666666668,1.1131893396377563,0.56,0.98015096783638,0.65
bs64_lr0.0001_distCOV_wd0.001_filterlen40_learndecoderFalse_schedulerTrue_windows0_dropout0.0_loralr0.0_preprocessorFalse_preencoderFalse_cutfillFalse_learnpredecoderFalse_learnloraFalse,1,pooled,14,1,1,0.7845984101295471,0.78,1.066701054573059,0.56,1.2734255492687223,0.59
bs64_lr0.0001_distCOV_wd0.001_filterlen40_learndecoderFalse_schedulerTrue_windows0_dropout0.0_loralr0.0_preprocessorFalse_preencoderFalse_cutfillFalse_learnpredecoderFalse_learnloraFalse,2,single,10,1,2,0.2539255917072296,0.96,1.163588523864746,0.61,0.9634575545787812,0.69
bs64_lr0.0001_distCOV_wd0.001_filterlen40_learndecoderFalse_schedulerTrue_windows0_dropout0.0_loralr0.0_preprocessorFalse_preencoderFalse_cutfillFalse_learnpredecoderFalse_learnloraFalse,2,single,11,1,2,0.2206391841173172,0.9633333333333334,1.3587698936462402,0.53,1.0061370730400083,0.72
bs64_lr0.0001_distCOV_wd0.001_filterlen40_learndecoderFalse_schedulerTrue_windows0_dropout0.0_loralr0.0_preprocessorFalse_preencoderFalse_cutfillFalse_learnpredecoderFalse_learnloraFalse,2,single,12,1,2,0.1687924563884735,0.9833333333333332,1.3056395053863523,0.55,1.0190552473068235,0.68
bs64_lr0.0001_distCOV_wd0.001_filterlen40_learndecoderFalse_schedulerTrue_windows0_dropout0.0_loralr0.0_preprocessorFalse_preencoderFalse_cutfillFalse_learnpredecoderFalse_learnloraFalse,2,single,13,1,2,1.6272472143173218,0.1633333333333333,1.6195118427276611,0.15,1.6171810626983645,0.19
bs64_lr0.0001_distCOV_wd0.001_filterlen40_learndecoderFalse_schedulerTrue_windows0_dropout0.0_loralr0.0_preprocessorFalse_preencoderFalse_cutfillFalse_learnpredecoderFalse_learnloraFalse,2,single,14,1,2,0.2669146060943603,0.9466666666666668,1.2215574979782104,0.54,1.267291009426117,0.65
bs64_lr0.0001_distCOV_wd0.001_filterlen40_learndecoderFalse_schedulerTrue_windows0_dropout0.0_loralr0.0_preprocessorFalse_preencoderFalse_cutfillFalse_learnpredecoderFalse_learnloraFalse,2,pooled,10,5,2_9_7_5_3,0.1219352111220359,0.9643333333333334,0.8294833898544312,0.7,0.943604588508606,0.71
bs64_lr0.0001_distCOV_wd0.001_filterlen40_learndecoderFalse_schedulerTrue_windows0_dropout0.0_loralr0.0_preprocessorFalse_preencoderFalse_cutfillFalse_learnpredecoderFalse_learnloraFalse,2,pooled,11,5,2_9_7_5_3,0.2229905575513839,0.9463333333333334,1.1689131259918213,0.54,1.066175937652588,0.68
bs64_lr0.0001_distCOV_wd0.001_filterlen40_learndecoderFalse_schedulerTrue_windows0_dropout0.0_loralr0.0_preprocessorFalse_preencoderFalse_cutfillFalse_learnpredecoderFalse_learnloraFalse,2,pooled,12,5,2_9_7_5_3,0.1943210065364837,0.9253333333333332,0.934423804283142,0.65,1.0300125777721405,0.7
bs64_lr0.0001_distCOV_wd0.001_filterlen40_learndecoderFalse_schedulerTrue_windows0_dropout0.0_loralr0.0_preprocessorFalse_preencoderFalse_cutfillFalse_learnpredecoderFalse_learnloraFalse,2,pooled,13,5,2_9_7_5_3,0.2536356747150421,0.952,1.067147970199585,0.65,0.9250214993953704,0.68
bs64_lr0.0001_distCOV_wd0.001_filterlen40_learndecoderFalse_schedulerTrue_windows0_dropout0.0_loralr0.0_preprocessorFalse_preencoderFalse_cutfillFalse_learnpredecoderFalse_learnloraFalse,2,pooled,14,5,2_9_7_5_3,0.2178382128477096,0.957,1.0236010551452637,0.6,1.4264674186706543,0.71
bs64_lr0.0001_distCOV_wd0.001_filterlen40_learndecoderFalse_schedulerTrue_windows0_dropout0.0_loralr0.0_preprocessorFalse_preencoderFalse_cutfillFalse_learnpredecoderFalse_learnloraFalse,3,single,10,1,3,0.8490419983863831,0.7116666666666667,1.5189447402954102,0.3,1.5367984771728516,0.38
bs64_lr0.0001_distCOV_wd0.001_filterlen40_learndecoderFalse_schedulerTrue_windows0_dropout0.0_loralr0.0_preprocessorFalse_preencoderFalse_cutfillFalse_learnpredecoderFalse_learnloraFalse,3,single,11,1,3,0.8945690393447876,0.7483333333333333,1.5354478359222412,0.32,1.6152793169021606,0.31
bs64_lr0.0001_distCOV_wd0.001_filterlen40_learndecoderFalse_schedulerTrue_windows0_dropout0.0_loralr0.0_preprocessorFalse_preencoderFalse_cutfillFalse_learnpredecoderFalse_learnloraFalse,3,single,12,1,3,0.1517789214849472,0.99,1.5389628410339355,0.4,1.5435223579406738,0.31
bs64_lr0.0001_distCOV_wd0.001_filterlen40_learndecoderFalse_schedulerTrue_windows0_dropout0.0_loralr0.0_preprocessorFalse_preencoderFalse_cutfillFalse_learnpredecoderFalse_learnloraFalse,3,single,13,1,3,0.99030339717865,0.6466666666666666,1.5857906341552734,0.31,1.5777679681777954,0.25
bs64_lr0.0001_distCOV_wd0.001_filterlen40_learndecoderFalse_schedulerTrue_windows0_dropout0.0_loralr0.0_preprocessorFalse_preencoderFalse_cutfillFalse_learnpredecoderFalse_learnloraFalse,3,single,14,1,3,0.903103232383728,0.7583333333333333,1.5056731700897217,0.33,1.626770317554474,0.32
bs64_lr0.0001_distCOV_wd0.001_filterlen40_learndecoderFalse_schedulerTrue_windows0_dropout0.0_loralr0.0_preprocessorFalse_preencoderFalse_cutfillFalse_learnpredecoderFalse_learnloraFalse,3,pooled,10,3,3_10_9,1.1390388011932373,0.8311111111111111,1.435117244720459,0.48,1.4639331102371216,0.48
bs64_lr0.0001_distCOV_wd0.001_filterlen40_learndecoderFalse_schedulerTrue_windows0_dropout0.0_loralr0.0_preprocessorFalse_preencoderFalse_cutfillFalse_learnpredecoderFalse_learnloraFalse,3,pooled,11,3,3_10_9,0.7089816331863403,0.7727777777777778,1.3681241273880005,0.47,1.6538953185081482,0.41
bs64_lr0.0001_distCOV_wd0.001_filterlen40_learndecoderFalse_schedulerTrue_windows0_dropout0.0_loralr0.0_preprocessorFalse_preencoderFalse_cutfillFalse_learnpredecoderFalse_learnloraFalse,3,pooled,12,3,3_10_9,1.5430299043655396,0.5477777777777778,1.519135355949402,0.35,1.4888272881507874,0.35
bs64_lr0.0001_distCOV_wd0.001_filterlen40_learndecoderFalse_schedulerTrue_windows0_dropout0.0_loralr0.0_preprocessorFalse_preencoderFalse_cutfillFalse_learnpredecoderFalse_learnloraFalse,3,pooled,13,3,3_10_9,1.365065336227417,0.4016666666666666,1.5528216361999512,0.28,1.5352022647857666,0.32
bs64_lr0.0001_distCOV_wd0.001_filterlen40_learndecoderFalse_schedulerTrue_windows0_dropout0.0_loralr0.0_preprocessorFalse_preencoderFalse_cutfillFalse_learnpredecoderFalse_learnloraFalse,3,pooled,14,3,3_10_9,0.6662989258766174,0.8427777777777777,1.4125266075134275,0.45,1.4855841398239136,0.42
bs64_lr0.0001_distCOV_wd0.001_filterlen40_learndecoderFalse_schedulerTrue_windows0_dropout0.0_loralr0.0_preprocessorFalse_preencoderFalse_cutfillFalse_learnpredecoderFalse_learnloraFalse,4,single,10,1,4,1.6082217693328855,0.2583333333333333,1.6033753156661987,0.19,1.6192318797111511,0.17
bs64_lr0.0001_distCOV_wd0.001_filterlen40_learndecoderFalse_schedulerTrue_windows0_dropout0.0_loralr0.0_preprocessorFalse_preencoderFalse_cutfillFalse_learnpredecoderFalse_learnloraFalse,4,single,11,1,4,1.6390328407287598,0.2,1.6065208911895752,0.2,1.605480074882507,0.21
bs64_lr0.0001_distCOV_wd0.001_filterlen40_learndecoderFalse_schedulerTrue_windows0_dropout0.0_loralr0.0_preprocessorFalse_preencoderFalse_cutfillFalse_learnpredecoderFalse_learnloraFalse,4,single,12,1,4,1.599145770072937,0.24,1.597866773605347,0.22,1.6269550323486328,0.15
bs64_lr0.0001_distCOV_wd0.001_filterlen40_learndecoderFalse_schedulerTrue_windows0_dropout0.0_loralr0.0_preprocessorFalse_preencoderFalse_cutfillFalse_learnpredecoderFalse_learnloraFalse,4,single,13,1,4,1.6579101085662842,0.2383333333333333,1.5988333225250244,0.24,1.603017270565033,0.24
bs64_lr0.0001_distCOV_wd0.001_filterlen40_learndecoderFalse_schedulerTrue_windows0_dropout0.0_loralr0.0_preprocessorFalse_preencoderFalse_cutfillFalse_learnpredecoderFalse_learnloraFalse,4,single,14,1,4,1.6950252056121826,0.16,1.6178369522094729,0.16,1.6144232153892517,0.16
bs64_lr0.0001_distCOV_wd0.001_filterlen40_learndecoderFalse_schedulerTrue_windows0_dropout0.0_loralr0.0_preprocessorFalse_preencoderFalse_cutfillFalse_learnpredecoderFalse_learnloraFalse,4,pooled,10,1,4,1.6082217693328855,0.2583333333333333,1.6033753156661987,0.19,1.6192318797111511,0.17
bs64_lr0.0001_distCOV_wd0.001_filterlen40_learndecoderFalse_schedulerTrue_windows0_dropout0.0_loralr0.0_preprocessorFalse_preencoderFalse_cutfillFalse_learnpredecoderFalse_learnloraFalse,4,pooled,11,1,4,1.6390328407287598,0.2,1.6065208911895752,0.2,1.605480074882507,0.21
bs64_lr0.0001_distCOV_wd0.001_filterlen40_learndecoderFalse_schedulerTrue_windows0_dropout0.0_loralr0.0_preprocessorFalse_preencoderFalse_cutfillFalse_learnpredecoderFalse_learnloraFalse,4,pooled,12,1,4,1.599145770072937,0.24,1.597866773605347,0.22,1.6269550323486328,0.15
bs64_lr0.0001_distCOV_wd0.001_filterlen40_learndecoderFalse_schedulerTrue_windows0_dropout0.0_loralr0.0_preprocessorFalse_preencoderFalse_cutfillFalse_learnpredecoderFalse_learnloraFalse,4,pooled,13,1,4,1.6579101085662842,0.2383333333333333,1.5988333225250244,0.24,1.603017270565033,0.24
bs64_lr0.0001_distCOV_wd0.001_filterlen40_learndecoderFalse_schedulerTrue_windows0_dropout0.0_loralr0.0_preprocessorFalse_preencoderFalse_cutfillFalse_learnpredecoderFalse_learnloraFalse,4,pooled,14,1,4,1.6950252056121826,0.16,1.6178369522094729,0.16,1.6144232153892517,0.16
bs64_lr0.0001_distCOV_wd0.001_filterlen40_learndecoderFalse_schedulerTrue_windows0_dropout0.0_loralr0.0_preprocessorFalse_preencoderFalse_cutfillFalse_learnpredecoderFalse_learnloraFalse,5,single,10,1,5,1.6728800535202026,0.2166666666666666,1.6199164390563965,0.2,1.6211436986923218,0.18
bs64_lr0.0001_distCOV_wd0.001_filterlen40_learndecoderFalse_schedulerTrue_windows0_dropout0.0_loralr0.0_preprocessorFalse_preencoderFalse_cutfillFalse_learnpredecoderFalse_learnloraFalse,5,single,11,1,5,1.6867671012878418,0.195,1.6107937097549438,0.2,1.609042048454285,0.2
bs64_lr0.0001_distCOV_wd0.001_filterlen40_learndecoderFalse_schedulerTrue_windows0_dropout0.0_loralr0.0_preprocessorFalse_preencoderFalse_cutfillFalse_learnpredecoderFalse_learnloraFalse,5,single,12,1,5,1.6415807008743286,0.22,1.619361400604248,0.2,1.6197199821472168,0.2
bs64_lr0.0001_distCOV_wd0.001_filterlen40_learndecoderFalse_schedulerTrue_windows0_dropout0.0_loralr0.0_preprocessorFalse_preencoderFalse_cutfillFalse_learnpredecoderFalse_learnloraFalse,5,single,13,1,5,1.5763987302780151,0.225,1.6031564474105835,0.14,1.6095582246780396,0.2
bs64_lr0.0001_distCOV_wd0.001_filterlen40_learndecoderFalse_schedulerTrue_windows0_dropout0.0_loralr0.0_preprocessorFalse_preencoderFalse_cutfillFalse_learnpredecoderFalse_learnloraFalse,5,single,14,1,5,1.5184003114700315,0.2683333333333333,1.5864968299865725,0.23,1.604382336139679,0.23
bs64_lr0.0001_distCOV_wd0.001_filterlen40_learndecoderFalse_schedulerTrue_windows0_dropout0.0_loralr0.0_preprocessorFalse_preencoderFalse_cutfillFalse_learnpredecoderFalse_learnloraFalse,5,pooled,10,4,5_9_6_10,1.304916501045227,0.4829166666666666,1.563998818397522,0.26,1.7080430388450625,0.21
bs64_lr0.0001_distCOV_wd0.001_filterlen40_learndecoderFalse_schedulerTrue_windows0_dropout0.0_loralr0.0_preprocessorFalse_preencoderFalse_cutfillFalse_learnpredecoderFalse_learnloraFalse,5,pooled,11,4,5_9_6_10,1.5825783014297483,0.2116666666666666,1.596304416656494,0.16,1.6075511574745178,0.23
bs64_lr0.0001_distCOV_wd0.001_filterlen40_learndecoderFalse_schedulerTrue_windows0_dropout0.0_loralr0.0_preprocessorFalse_preencoderFalse_cutfillFalse_learnpredecoderFalse_learnloraFalse,5,pooled,12,4,5_9_6_10,1.5464130640029907,0.2270833333333333,1.613682985305786,0.2,1.6247196793556211,0.21
bs64_lr0.0001_distCOV_wd0.001_filterlen40_learndecoderFalse_schedulerTrue_windows0_dropout0.0_loralr0.0_preprocessorFalse_preencoderFalse_cutfillFalse_learnpredecoderFalse_learnloraFalse,5,pooled,13,4,5_9_6_10,1.5866351127624512,0.2020833333333333,1.6090266704559326,0.2,1.618770182132721,0.17
bs64_lr0.0001_distCOV_wd0.001_filterlen40_learndecoderFalse_schedulerTrue_windows0_dropout0.0_loralr0.0_preprocessorFalse_preencoderFalse_cutfillFalse_learnpredecoderFalse_learnloraFalse,5,pooled,14,4,5_9_6_10,1.39451265335083,0.4583333333333333,1.583061456680298,0.22,1.6813125610351562,0.24
bs64_lr0.0001_distCOV_wd0.001_filterlen40_learndecoderFalse_schedulerTrue_windows0_dropout0.0_loralr0.0_preprocessorFalse_preencoderFalse_cutfillFalse_learnpredecoderFalse_learnloraFalse,6,single,10,1,6,0.2030174136161804,0.9883333333333332,1.121300458908081,0.55,1.4729240536689758,0.44
bs64_lr0.0001_distCOV_wd0.001_filterlen40_learndecoderFalse_schedulerTrue_windows0_dropout0.0_loralr0.0_preprocessorFalse_preencoderFalse_cutfillFalse_learnpredecoderFalse_learnloraFalse,6,single,11,1,6,0.0862277448177337,0.9983333333333332,1.20146644115448,0.48,1.585304319858551,0.39
bs64_lr0.0001_distCOV_wd0.001_filterlen40_learndecoderFalse_schedulerTrue_windows0_dropout0.0_loralr0.0_preprocessorFalse_preencoderFalse_cutfillFalse_learnpredecoderFalse_learnloraFalse,6,single,12,1,6,0.1718980222940445,0.9883333333333332,1.133213758468628,0.55,1.328169286251068,0.51
bs64_lr0.0001_distCOV_wd0.001_filterlen40_learndecoderFalse_schedulerTrue_windows0_dropout0.0_loralr0.0_preprocessorFalse_preencoderFalse_cutfillFalse_learnpredecoderFalse_learnloraFalse,6,single,13,1,6,0.1278434842824936,0.9916666666666668,1.1723183393478394,0.51,1.5183115005493164,0.41
bs64_lr0.0001_distCOV_wd0.001_filterlen40_learndecoderFalse_schedulerTrue_windows0_dropout0.0_loralr0.0_preprocessorFalse_preencoderFalse_cutfillFalse_learnpredecoderFalse_learnloraFalse,6,single,14,1,6,0.113860510289669,0.995,1.196550369262695,0.53,1.5682013630867004,0.38
bs64_lr0.0001_distCOV_wd0.001_filterlen40_learndecoderFalse_schedulerTrue_windows0_dropout0.0_loralr0.0_preprocessorFalse_preencoderFalse_cutfillFalse_learnpredecoderFalse_learnloraFalse,6,pooled,10,5,6_3_9_7_2,0.3010931015014648,0.933,0.7575811147689819,0.73,1.044346034526825,0.59
bs64_lr0.0001_distCOV_wd0.001_filterlen40_learndecoderFalse_schedulerTrue_windows0_dropout0.0_loralr0.0_preprocessorFalse_preencoderFalse_cutfillFalse_learnpredecoderFalse_learnloraFalse,6,pooled,11,5,6_3_9_7_2,0.4964252114295959,0.8356666666666667,0.9125245213508606,0.66,1.0910553336143494,0.58
bs64_lr0.0001_distCOV_wd0.001_filterlen40_learndecoderFalse_schedulerTrue_windows0_dropout0.0_loralr0.0_preprocessorFalse_preencoderFalse_cutfillFalse_learnpredecoderFalse_learnloraFalse,6,pooled,12,5,6_3_9_7_2,0.5313764810562134,0.8416666666666667,0.854671835899353,0.64,1.0758079290390017,0.55
bs64_lr0.0001_distCOV_wd0.001_filterlen40_learndecoderFalse_schedulerTrue_windows0_dropout0.0_loralr0.0_preprocessorFalse_preencoderFalse_cutfillFalse_learnpredecoderFalse_learnloraFalse,6,pooled,13,5,6_3_9_7_2,0.4381117522716522,0.868,0.7302188873291016,0.7,1.0133612751960754,0.6
bs64_lr0.0001_distCOV_wd0.001_filterlen40_learndecoderFalse_schedulerTrue_windows0_dropout0.0_loralr0.0_preprocessorFalse_preencoderFalse_cutfillFalse_learnpredecoderFalse_learnloraFalse,6,pooled,14,5,6_3_9_7_2,0.8201988935470581,0.731,0.917453944683075,0.69,0.955448478460312,0.67
bs64_lr0.0001_distCOV_wd0.001_filterlen40_learndecoderFalse_schedulerTrue_windows0_dropout0.0_loralr0.0_preprocessorFalse_preencoderFalse_cutfillFalse_learnpredecoderFalse_learnloraFalse,7,single,10,1,7,0.6682881712913513,0.8766666666666667,1.2887344360351562,0.47,1.7162015438079834,0.48
bs64_lr0.0001_distCOV_wd0.001_filterlen40_learndecoderFalse_schedulerTrue_windows0_dropout0.0_loralr0.0_preprocessorFalse_preencoderFalse_cutfillFalse_learnpredecoderFalse_learnloraFalse,7,single,11,1,7,0.5732570290565491,0.8983333333333333,1.2784053087234497,0.44,1.3507505655288696,0.47
bs64_lr0.0001_distCOV_wd0.001_filterlen40_learndecoderFalse_schedulerTrue_windows0_dropout0.0_loralr0.0_preprocessorFalse_preencoderFalse_cutfillFalse_learnpredecoderFalse_learnloraFalse,7,single,12,1,7,0.2812641859054565,0.9716666666666668,1.2939231395721436,0.46,1.461331486701965,0.48
bs64_lr0.0001_distCOV_wd0.001_filterlen40_learndecoderFalse_schedulerTrue_windows0_dropout0.0_loralr0.0_preprocessorFalse_preencoderFalse_cutfillFalse_learnpredecoderFalse_learnloraFalse,7,single,13,1,7,0.0728790313005447,0.9983333333333332,1.352705955505371,0.49,1.7830450534820557,0.42
bs64_lr0.0001_distCOV_wd0.001_filterlen40_learndecoderFalse_schedulerTrue_windows0_dropout0.0_loralr0.0_preprocessorFalse_preencoderFalse_cutfillFalse_learnpredecoderFalse_learnloraFalse,7,single,14,1,7,0.2366584241390228,0.97,1.2972428798675537,0.48,1.4656803011894226,0.43
bs64_lr0.0001_distCOV_wd0.001_filterlen40_learndecoderFalse_schedulerTrue_windows0_dropout0.0_loralr0.0_preprocessorFalse_preencoderFalse_cutfillFalse_learnpredecoderFalse_learnloraFalse,7,pooled,10,2,7_1,0.8781228065490723,0.7433333333333333,1.261317491531372,0.45,1.4132623672485352,0.45
bs64_lr0.0001_distCOV_wd0.001_filterlen40_learndecoderFalse_schedulerTrue_windows0_dropout0.0_loralr0.0_preprocessorFalse_preencoderFalse_cutfillFalse_learnpredecoderFalse_learnloraFalse,7,pooled,11,2,7_1,0.4533422887325287,0.9233333333333332,1.448137640953064,0.4,1.6833835244178772,0.4
bs64_lr0.0001_distCOV_wd0.001_filterlen40_learndecoderFalse_schedulerTrue_windows0_dropout0.0_loralr0.0_preprocessorFalse_preencoderFalse_cutfillFalse_learnpredecoderFalse_learnloraFalse,7,pooled,12,2,7_1,0.5973615646362305,0.8058333333333333,1.2980200052261353,0.43,1.4805656671524048,0.36
bs64_lr0.0001_distCOV_wd0.001_filterlen40_learndecoderFalse_schedulerTrue_windows0_dropout0.0_loralr0.0_preprocessorFalse_preencoderFalse_cutfillFalse_learnpredecoderFalse_learnloraFalse,7,pooled,13,2,7_1,0.5655415654182434,0.8675,1.237022876739502,0.47,1.5398422479629517,0.41
bs64_lr0.0001_distCOV_wd0.001_filterlen40_learndecoderFalse_schedulerTrue_windows0_dropout0.0_loralr0.0_preprocessorFalse_preencoderFalse_cutfillFalse_learnpredecoderFalse_learnloraFalse,7,pooled,14,2,7_1,0.860924482345581,0.7475,1.310286521911621,0.44,1.5669088959693909,0.46
bs64_lr0.0001_distCOV_wd0.001_filterlen40_learndecoderFalse_schedulerTrue_windows0_dropout0.0_loralr0.0_preprocessorFalse_preencoderFalse_cutfillFalse_learnpredecoderFalse_learnloraFalse,8,single,10,1,8,1.5269463062286377,0.3716666666666666,1.5865497589111328,0.25,1.598255693912506,0.2
bs64_lr0.0001_distCOV_wd0.001_filterlen40_learndecoderFalse_schedulerTrue_windows0_dropout0.0_loralr0.0_preprocessorFalse_preencoderFalse_cutfillFalse_learnpredecoderFalse_learnloraFalse,8,single,11,1,8,1.6677066087722778,0.2,1.6141860485076904,0.2,1.615083932876587,0.2
bs64_lr0.0001_distCOV_wd0.001_filterlen40_learndecoderFalse_schedulerTrue_windows0_dropout0.0_loralr0.0_preprocessorFalse_preencoderFalse_cutfillFalse_learnpredecoderFalse_learnloraFalse,8,single,12,1,8,1.611243486404419,0.2583333333333333,1.6042444705963137,0.24,1.6067910194396973,0.24
bs64_lr0.0001_distCOV_wd0.001_filterlen40_learndecoderFalse_schedulerTrue_windows0_dropout0.0_loralr0.0_preprocessorFalse_preencoderFalse_cutfillFalse_learnpredecoderFalse_learnloraFalse,8,single,13,1,8,1.4309077262878418,0.4033333333333333,1.591964840888977,0.26,1.592510163784027,0.24
bs64_lr0.0001_distCOV_wd0.001_filterlen40_learndecoderFalse_schedulerTrue_windows0_dropout0.0_loralr0.0_preprocessorFalse_preencoderFalse_cutfillFalse_learnpredecoderFalse_learnloraFalse,8,single,14,1,8,1.454521894454956,0.4483333333333333,1.6074239015579224,0.17,1.5986300110816956,0.17
bs64_lr0.0001_distCOV_wd0.001_filterlen40_learndecoderFalse_schedulerTrue_windows0_dropout0.0_loralr0.0_preprocessorFalse_preencoderFalse_cutfillFalse_learnpredecoderFalse_learnloraFalse,8,pooled,10,2,8_11,1.49954092502594,0.4625,1.579695463180542,0.22,1.6377832889556885,0.22
bs64_lr0.0001_distCOV_wd0.001_filterlen40_learndecoderFalse_schedulerTrue_windows0_dropout0.0_loralr0.0_preprocessorFalse_preencoderFalse_cutfillFalse_learnpredecoderFalse_learnloraFalse,8,pooled,11,2,8_11,1.654431700706482,0.2,1.6211416721343994,0.2,1.6199288964271543,0.2
bs64_lr0.0001_distCOV_wd0.001_filterlen40_learndecoderFalse_schedulerTrue_windows0_dropout0.0_loralr0.0_preprocessorFalse_preencoderFalse_cutfillFalse_learnpredecoderFalse_learnloraFalse,8,pooled,12,2,8_11,1.3766212463378906,0.4491666666666666,1.580059289932251,0.27,1.6379739046096802,0.2
bs64_lr0.0001_distCOV_wd0.001_filterlen40_learndecoderFalse_schedulerTrue_windows0_dropout0.0_loralr0.0_preprocessorFalse_preencoderFalse_cutfillFalse_learnpredecoderFalse_learnloraFalse,8,pooled,13,2,8_11,1.597938895225525,0.2541666666666666,1.5917410850524902,0.23,1.604264199733734,0.21
bs64_lr0.0001_distCOV_wd0.001_filterlen40_learndecoderFalse_schedulerTrue_windows0_dropout0.0_loralr0.0_preprocessorFalse_preencoderFalse_cutfillFalse_learnpredecoderFalse_learnloraFalse,8,pooled,14,2,8_11,1.5842247009277344,0.3266666666666666,1.6112818717956543,0.2,1.6079772114753723,0.22
bs64_lr0.0001_distCOV_wd0.001_filterlen40_learndecoderFalse_schedulerTrue_windows0_dropout0.0_loralr0.0_preprocessorFalse_preencoderFalse_cutfillFalse_learnpredecoderFalse_learnloraFalse,9,single,10,1,9,0.4056568145751953,0.9383333333333334,0.4731855988502502,0.86,0.8525181710720062,0.66
bs64_lr0.0001_distCOV_wd0.001_filterlen40_learndecoderFalse_schedulerTrue_windows0_dropout0.0_loralr0.0_preprocessorFalse_preencoderFalse_cutfillFalse_learnpredecoderFalse_learnloraFalse,9,single,11,1,9,0.338915079832077,0.94,0.5020787715911865,0.81,0.9353829622268676,0.63
bs64_lr0.0001_distCOV_wd0.001_filterlen40_learndecoderFalse_schedulerTrue_windows0_dropout0.0_loralr0.0_preprocessorFalse_preencoderFalse_cutfillFalse_learnpredecoderFalse_learnloraFalse,9,single,12,1,9,0.1867982745170593,0.9883333333333332,0.5033590793609619,0.83,1.0691264271736145,0.58
bs64_lr0.0001_distCOV_wd0.001_filterlen40_learndecoderFalse_schedulerTrue_windows0_dropout0.0_loralr0.0_preprocessorFalse_preencoderFalse_cutfillFalse_learnpredecoderFalse_learnloraFalse,9,single,13,1,9,0.3537080585956573,0.9416666666666668,0.4370802640914917,0.85,0.9503089785575868,0.69
bs64_lr0.0001_distCOV_wd0.001_filterlen40_learndecoderFalse_schedulerTrue_windows0_dropout0.0_loralr0.0_preprocessorFalse_preencoderFalse_cutfillFalse_learnpredecoderFalse_learnloraFalse,9,single,14,1,9,0.3042137920856476,0.9583333333333334,0.468972772359848,0.88,0.9930598735809326,0.62
bs64_lr0.0001_distCOV_wd0.001_filterlen40_learndecoderFalse_schedulerTrue_windows0_dropout0.0_loralr0.0_preprocessorFalse_preencoderFalse_cutfillFalse_learnpredecoderFalse_learnloraFalse,9,pooled,10,4,9_5_10_6,0.5684561729431152,0.8420833333333333,0.2897431850433349,0.89,0.823347419500351,0.68
bs64_lr0.0001_distCOV_wd0.001_filterlen40_learndecoderFalse_schedulerTrue_windows0_dropout0.0_loralr0.0_preprocessorFalse_preencoderFalse_cutfillFalse_learnpredecoderFalse_learnloraFalse,9,pooled,11,4,9_5_10_6,0.5938212275505066,0.83625,0.4257871806621551,0.87,1.022329866886139,0.61
bs64_lr0.0001_distCOV_wd0.001_filterlen40_learndecoderFalse_schedulerTrue_windows0_dropout0.0_loralr0.0_preprocessorFalse_preencoderFalse_cutfillFalse_learnpredecoderFalse_learnloraFalse,9,pooled,12,4,9_5_10_6,0.1529334336519241,0.9458333333333332,0.3750914633274078,0.85,0.9100066423416138,0.6
bs64_lr0.0001_distCOV_wd0.001_filterlen40_learndecoderFalse_schedulerTrue_windows0_dropout0.0_loralr0.0_preprocessorFalse_preencoderFalse_cutfillFalse_learnpredecoderFalse_learnloraFalse,9,pooled,13,4,9_5_10_6,0.1604909300804138,0.97625,0.3847057223320007,0.84,1.3037258982658386,0.52
bs64_lr0.0001_distCOV_wd0.001_filterlen40_learndecoderFalse_schedulerTrue_windows0_dropout0.0_loralr0.0_preprocessorFalse_preencoderFalse_cutfillFalse_learnpredecoderFalse_learnloraFalse,9,pooled,14,4,9_5_10_6,0.7052023410797119,0.7983333333333333,0.3792457282543182,0.87,0.823140949010849,0.71
bs64_lr0.0001_distCOV_wd0.001_filterlen40_learndecoderFalse_schedulerTrue_windows0_dropout0.0_loralr0.0_preprocessorFalse_preencoderFalse_cutfillFalse_learnpredecoderFalse_learnloraFalse,10,single,10,1,10,0.1375977396965026,0.98,1.50860333442688,0.33,1.544026792049408,0.34
bs64_lr0.0001_distCOV_wd0.001_filterlen40_learndecoderFalse_schedulerTrue_windows0_dropout0.0_loralr0.0_preprocessorFalse_preencoderFalse_cutfillFalse_learnpredecoderFalse_learnloraFalse,10,single,11,1,10,0.4261602163314819,0.9466666666666668,1.440419316291809,0.4,1.4074251651763916,0.4
bs64_lr0.0001_distCOV_wd0.001_filterlen40_learndecoderFalse_schedulerTrue_windows0_dropout0.0_loralr0.0_preprocessorFalse_preencoderFalse_cutfillFalse_learnpredecoderFalse_learnloraFalse,10,single,12,1,10,0.2491223365068435,0.965,1.2477104663848877,0.44,1.2975711226463318,0.44
bs64_lr0.0001_distCOV_wd0.001_filterlen40_learndecoderFalse_schedulerTrue_windows0_dropout0.0_loralr0.0_preprocessorFalse_preencoderFalse_cutfillFalse_learnpredecoderFalse_learnloraFalse,10,single,13,1,10,0.3709985911846161,0.9533333333333334,1.3306963443756104,0.48,1.3034334778785706,0.48
bs64_lr0.0001_distCOV_wd0.001_filterlen40_learndecoderFalse_schedulerTrue_windows0_dropout0.0_loralr0.0_preprocessorFalse_preencoderFalse_cutfillFalse_learnpredecoderFalse_learnloraFalse,10,single,14,1,10,0.0697754248976707,0.9983333333333332,1.4827980995178225,0.38,1.6331972479820251,0.38
bs64_lr0.0001_distCOV_wd0.001_filterlen40_learndecoderFalse_schedulerTrue_windows0_dropout0.0_loralr0.0_preprocessorFalse_preencoderFalse_cutfillFalse_learnpredecoderFalse_learnloraFalse,10,pooled,10,3,10_5_9,0.9204861521720886,0.7838888888888889,1.3452661037445068,0.44,1.369132161140442,0.42
bs64_lr0.0001_distCOV_wd0.001_filterlen40_learndecoderFalse_schedulerTrue_windows0_dropout0.0_loralr0.0_preprocessorFalse_preencoderFalse_cutfillFalse_learnpredecoderFalse_learnloraFalse,10,pooled,11,3,10_5_9,0.2626005411148071,0.9272222222222222,1.2637656927108765,0.49,1.177811324596405,0.52
bs64_lr0.0001_distCOV_wd0.001_filterlen40_learndecoderFalse_schedulerTrue_windows0_dropout0.0_loralr0.0_preprocessorFalse_preencoderFalse_cutfillFalse_learnpredecoderFalse_learnloraFalse,10,pooled,12,3,10_5_9,0.4271172285079956,0.8377777777777777,1.4152685403823853,0.39,1.442437708377838,0.34
bs64_lr0.0001_distCOV_wd0.001_filterlen40_learndecoderFalse_schedulerTrue_windows0_dropout0.0_loralr0.0_preprocessorFalse_preencoderFalse_cutfillFalse_learnpredecoderFalse_learnloraFalse,10,pooled,13,3,10_5_9,0.5644789934158325,0.9033333333333332,1.2062580585479736,0.5,1.3599045276641846,0.4
bs64_lr0.0001_distCOV_wd0.001_filterlen40_learndecoderFalse_schedulerTrue_windows0_dropout0.0_loralr0.0_preprocessorFalse_preencoderFalse_cutfillFalse_learnpredecoderFalse_learnloraFalse,10,pooled,14,3,10_5_9,0.7372047305107117,0.6972222222222222,1.3409922122955322,0.4,1.3239079713821411,0.5
bs64_lr0.0001_distCOV_wd0.001_filterlen40_learndecoderFalse_schedulerTrue_windows0_dropout0.0_loralr0.0_preprocessorFalse_preencoderFalse_cutfillFalse_learnpredecoderFalse_learnloraFalse,11,single,10,1,11,0.0612669549882411,1.0,1.1841518878936768,0.5,1.0836164355278015,0.54
bs64_lr0.0001_distCOV_wd0.001_filterlen40_learndecoderFalse_schedulerTrue_windows0_dropout0.0_loralr0.0_preprocessorFalse_preencoderFalse_cutfillFalse_learnpredecoderFalse_learnloraFalse,11,single,11,1,11,0.5892049074172974,0.895,1.3003554344177246,0.44,1.133865237236023,0.54
bs64_lr0.0001_distCOV_wd0.001_filterlen40_learndecoderFalse_schedulerTrue_windows0_dropout0.0_loralr0.0_preprocessorFalse_preencoderFalse_cutfillFalse_learnpredecoderFalse_learnloraFalse,11,single,12,1,11,0.0598525032401084,1.0,1.2312188148498535,0.52,1.1537031531333923,0.51
bs64_lr0.0001_distCOV_wd0.001_filterlen40_learndecoderFalse_schedulerTrue_windows0_dropout0.0_loralr0.0_preprocessorFalse_preencoderFalse_cutfillFalse_learnpredecoderFalse_learnloraFalse,11,single,13,1,11,0.1589111238718032,0.9816666666666668,1.2505378723144531,0.47,1.2017124891281128,0.57
bs64_lr0.0001_distCOV_wd0.001_filterlen40_learndecoderFalse_schedulerTrue_windows0_dropout0.0_loralr0.0_preprocessorFalse_preencoderFalse_cutfillFalse_learnpredecoderFalse_learnloraFalse,11,single,14,1,11,0.1085379347205162,0.9983333333333332,1.141064167022705,0.52,1.044031858444214,0.62
bs64_lr0.0001_distCOV_wd0.001_filterlen40_learndecoderFalse_schedulerTrue_windows0_dropout0.0_loralr0.0_preprocessorFalse_preencoderFalse_cutfillFalse_learnpredecoderFalse_learnloraFalse,11,pooled,10,6,11_10_1_9_6_8,0.8113295435905457,0.6855555555555556,0.8278645277023315,0.72,0.7499814033508301,0.72
bs64_lr0.0001_distCOV_wd0.001_filterlen40_learndecoderFalse_schedulerTrue_windows0_dropout0.0_loralr0.0_preprocessorFalse_preencoderFalse_cutfillFalse_learnpredecoderFalse_learnloraFalse,11,pooled,11,6,11_10_1_9_6_8,0.6822152137756348,0.7422222222222222,0.8617675304412842,0.63,0.8212398886680603,0.63
bs64_lr0.0001_distCOV_wd0.001_filterlen40_learndecoderFalse_schedulerTrue_windows0_dropout0.0_loralr0.0_preprocessorFalse_preencoderFalse_cutfillFalse_learnpredecoderFalse_learnloraFalse,11,pooled,12,6,11_10_1_9_6_8,1.047932505607605,0.725,0.9636473655700684,0.64,0.6682564914226532,0.71
bs64_lr0.0001_distCOV_wd0.001_filterlen40_learndecoderFalse_schedulerTrue_windows0_dropout0.0_loralr0.0_preprocessorFalse_preencoderFalse_cutfillFalse_learnpredecoderFalse_learnloraFalse,11,pooled,13,6,11_10_1_9_6_8,1.0922458171844482,0.7333333333333333,0.9376939535140992,0.6,0.890694797039032,0.64
bs64_lr0.0001_distCOV_wd0.001_filterlen40_learndecoderFalse_schedulerTrue_windows0_dropout0.0_loralr0.0_preprocessorFalse_preencoderFalse_cutfillFalse_learnpredecoderFalse_learnloraFalse,11,pooled,14,6,11_10_1_9_6_8,0.3514731228351593,0.9102777777777776,0.9246655106544496,0.66,0.830778032541275,0.71
bs128_lr0.001_distAE_wd0.01_filterlen40_learndecoderFalse_schedulerTrue_windows0_dropout0.0_loralr0.0_preprocessorFalse_preencoderFalse_cutfillFalse_learnpredecoderFalse_learnloraFalse,1,single,10,1,1,0.0515042655169963,0.99,1.1100386381149292,0.56,1.1069087982177734,0.57
bs128_lr0.001_distAE_wd0.01_filterlen40_learndecoderFalse_schedulerTrue_windows0_dropout0.0_loralr0.0_preprocessorFalse_preencoderFalse_cutfillFalse_learnpredecoderFalse_learnloraFalse,1,single,11,1,1,0.2002319246530532,0.9666666666666668,1.1929725408554075,0.55,1.0484238862991333,0.57
bs128_lr0.001_distAE_wd0.01_filterlen40_learndecoderFalse_schedulerTrue_windows0_dropout0.0_loralr0.0_preprocessorFalse_preencoderFalse_cutfillFalse_learnpredecoderFalse_learnloraFalse,1,single,12,1,1,0.0651039406657219,0.9833333333333332,1.0853259563446045,0.61,1.1113765239715576,0.62
bs128_lr0.001_distAE_wd0.01_filterlen40_learndecoderFalse_schedulerTrue_windows0_dropout0.0_loralr0.0_preprocessorFalse_preencoderFalse_cutfillFalse_learnpredecoderFalse_learnloraFalse,1,single,13,1,1,0.1539417505264282,0.9666666666666668,1.068960428237915,0.57,1.0606813430786133,0.62
bs128_lr0.001_distAE_wd0.01_filterlen40_learndecoderFalse_schedulerTrue_windows0_dropout0.0_loralr0.0_preprocessorFalse_preencoderFalse_cutfillFalse_learnpredecoderFalse_learnloraFalse,1,single,14,1,1,0.2332277745008468,0.95,1.0225117206573486,0.64,1.1289339065551758,0.6
bs128_lr0.001_distAE_wd0.01_filterlen40_learndecoderFalse_schedulerTrue_windows0_dropout0.0_loralr0.0_preprocessorFalse_preencoderFalse_cutfillFalse_learnpredecoderFalse_learnloraFalse,1,pooled,10,4,1_7_3_6,0.905545175075531,0.6258333333333334,0.7545005679130554,0.69,0.7332269549369812,0.74
bs128_lr0.001_distAE_wd0.01_filterlen40_learndecoderFalse_schedulerTrue_windows0_dropout0.0_loralr0.0_preprocessorFalse_preencoderFalse_cutfillFalse_learnpredecoderFalse_learnloraFalse,1,pooled,11,4,1_7_3_6,0.8154539465904236,0.7366666666666667,0.914885640144348,0.71,0.8465918898582458,0.7
bs128_lr0.001_distAE_wd0.01_filterlen40_learndecoderFalse_schedulerTrue_windows0_dropout0.0_loralr0.0_preprocessorFalse_preencoderFalse_cutfillFalse_learnpredecoderFalse_learnloraFalse,1,pooled,12,4,1_7_3_6,0.6693561673164368,0.8225,1.0188602209091189,0.58,0.9817242622375488,0.67
bs128_lr0.001_distAE_wd0.01_filterlen40_learndecoderFalse_schedulerTrue_windows0_dropout0.0_loralr0.0_preprocessorFalse_preencoderFalse_cutfillFalse_learnpredecoderFalse_learnloraFalse,1,pooled,13,4,1_7_3_6,0.7320964932441711,0.75875,0.9166357517242432,0.67,0.7248554825782776,0.75
bs128_lr0.001_distAE_wd0.01_filterlen40_learndecoderFalse_schedulerTrue_windows0_dropout0.0_loralr0.0_preprocessorFalse_preencoderFalse_cutfillFalse_learnpredecoderFalse_learnloraFalse,1,pooled,14,4,1_7_3_6,1.0446432828903198,0.6575,0.8837683200836182,0.7,0.7118546962738037,0.77
bs128_lr0.001_distAE_wd0.01_filterlen40_learndecoderFalse_schedulerTrue_windows0_dropout0.0_loralr0.0_preprocessorFalse_preencoderFalse_cutfillFalse_learnpredecoderFalse_learnloraFalse,2,single,10,1,2,0.1419354379177093,0.9866666666666668,0.7269062995910645,0.77,1.4869604110717771,0.62
bs128_lr0.001_distAE_wd0.01_filterlen40_learndecoderFalse_schedulerTrue_windows0_dropout0.0_loralr0.0_preprocessorFalse_preencoderFalse_cutfillFalse_learnpredecoderFalse_learnloraFalse,2,single,11,1,2,0.1122820824384689,0.975,0.7170715928077698,0.74,0.6433999538421631,0.78
bs128_lr0.001_distAE_wd0.01_filterlen40_learndecoderFalse_schedulerTrue_windows0_dropout0.0_loralr0.0_preprocessorFalse_preencoderFalse_cutfillFalse_learnpredecoderFalse_learnloraFalse,2,single,12,1,2,0.135718747973442,0.9716666666666668,1.046255588531494,0.61,0.6706665754318237,0.74
bs128_lr0.001_distAE_wd0.01_filterlen40_learndecoderFalse_schedulerTrue_windows0_dropout0.0_loralr0.0_preprocessorFalse_preencoderFalse_cutfillFalse_learnpredecoderFalse_learnloraFalse,2,single,13,1,2,0.1604873538017273,0.9783333333333334,0.8310977220535278,0.66,0.8210737109184265,0.76
bs128_lr0.001_distAE_wd0.01_filterlen40_learndecoderFalse_schedulerTrue_windows0_dropout0.0_loralr0.0_preprocessorFalse_preencoderFalse_cutfillFalse_learnpredecoderFalse_learnloraFalse,2,single,14,1,2,0.0891340896487236,0.995,0.8916658759117126,0.72,0.6569247245788574,0.79
bs128_lr0.001_distAE_wd0.01_filterlen40_learndecoderFalse_schedulerTrue_windows0_dropout0.0_loralr0.0_preprocessorFalse_preencoderFalse_cutfillFalse_learnpredecoderFalse_learnloraFalse,2,pooled,10,2,2_1,0.1014532819390297,0.99,0.7213314771652222,0.73,0.7249619960784912,0.74
bs128_lr0.001_distAE_wd0.01_filterlen40_learndecoderFalse_schedulerTrue_windows0_dropout0.0_loralr0.0_preprocessorFalse_preencoderFalse_cutfillFalse_learnpredecoderFalse_learnloraFalse,2,pooled,11,2,2_1,0.0343953520059585,0.9933333333333332,0.657471239566803,0.78,0.6585388779640198,0.82
bs128_lr0.001_distAE_wd0.01_filterlen40_learndecoderFalse_schedulerTrue_windows0_dropout0.0_loralr0.0_preprocessorFalse_preencoderFalse_cutfillFalse_learnpredecoderFalse_learnloraFalse,2,pooled,12,2,2_1,0.0678536891937255,0.9808333333333332,0.7692688703536987,0.72,0.9465121626853944,0.66
bs128_lr0.001_distAE_wd0.01_filterlen40_learndecoderFalse_schedulerTrue_windows0_dropout0.0_loralr0.0_preprocessorFalse_preencoderFalse_cutfillFalse_learnpredecoderFalse_learnloraFalse,2,pooled,13,2,2_1,0.0950575172901153,0.9841666666666666,0.7954937815666199,0.74,1.2306005954742432,0.64
bs128_lr0.001_distAE_wd0.01_filterlen40_learndecoderFalse_schedulerTrue_windows0_dropout0.0_loralr0.0_preprocessorFalse_preencoderFalse_cutfillFalse_learnpredecoderFalse_learnloraFalse,2,pooled,14,2,2_1,0.127910628914833,0.9866666666666668,0.7048307657241821,0.74,1.0450576543807983,0.75
bs128_lr0.001_distAE_wd0.01_filterlen40_learndecoderFalse_schedulerTrue_windows0_dropout0.0_loralr0.0_preprocessorFalse_preencoderFalse_cutfillFalse_learnpredecoderFalse_learnloraFalse,3,single,10,1,3,1.1827070713043213,0.53,1.535574436187744,0.26,1.5296634435653689,0.3
bs128_lr0.001_distAE_wd0.01_filterlen40_learndecoderFalse_schedulerTrue_windows0_dropout0.0_loralr0.0_preprocessorFalse_preencoderFalse_cutfillFalse_learnpredecoderFalse_learnloraFalse,3,single,11,1,3,0.4605117738246918,0.8866666666666667,1.4953988790512085,0.39,1.4470776319503784,0.42
bs128_lr0.001_distAE_wd0.01_filterlen40_learndecoderFalse_schedulerTrue_windows0_dropout0.0_loralr0.0_preprocessorFalse_preencoderFalse_cutfillFalse_learnpredecoderFalse_learnloraFalse,3,single,12,1,3,1.066435933113098,0.615,1.514918565750122,0.33,1.5936248302459717,0.28
bs128_lr0.001_distAE_wd0.01_filterlen40_learndecoderFalse_schedulerTrue_windows0_dropout0.0_loralr0.0_preprocessorFalse_preencoderFalse_cutfillFalse_learnpredecoderFalse_learnloraFalse,3,single,13,1,3,1.6119242906570437,0.3066666666666666,1.6078121662139893,0.19,1.6059956550598145,0.22
bs128_lr0.001_distAE_wd0.01_filterlen40_learndecoderFalse_schedulerTrue_windows0_dropout0.0_loralr0.0_preprocessorFalse_preencoderFalse_cutfillFalse_learnpredecoderFalse_learnloraFalse,3,single,14,1,3,1.2927144765853882,0.505,1.5619465112686155,0.22,1.5345594882965088,0.28
bs128_lr0.001_distAE_wd0.01_filterlen40_learndecoderFalse_schedulerTrue_windows0_dropout0.0_loralr0.0_preprocessorFalse_preencoderFalse_cutfillFalse_learnpredecoderFalse_learnloraFalse,3,pooled,10,4,3_11_10_7,0.1116113662719726,0.9633333333333334,1.228390336036682,0.57,1.5382946729660034,0.42
bs128_lr0.001_distAE_wd0.01_filterlen40_learndecoderFalse_schedulerTrue_windows0_dropout0.0_loralr0.0_preprocessorFalse_preencoderFalse_cutfillFalse_learnpredecoderFalse_learnloraFalse,3,pooled,11,4,3_11_10_7,0.1265552788972854,0.9691666666666666,1.4176901578903198,0.52,1.5523293018341064,0.48
bs128_lr0.001_distAE_wd0.01_filterlen40_learndecoderFalse_schedulerTrue_windows0_dropout0.0_loralr0.0_preprocessorFalse_preencoderFalse_cutfillFalse_learnpredecoderFalse_learnloraFalse,3,pooled,12,4,3_11_10_7,0.8521389961242676,0.6541666666666667,1.5674837827682495,0.29,1.593468189239502,0.35
bs128_lr0.001_distAE_wd0.01_filterlen40_learndecoderFalse_schedulerTrue_windows0_dropout0.0_loralr0.0_preprocessorFalse_preencoderFalse_cutfillFalse_learnpredecoderFalse_learnloraFalse,3,pooled,13,4,3_11_10_7,0.1090149506926536,0.9933333333333332,1.4470572471618652,0.39,1.747273564338684,0.4
bs128_lr0.001_distAE_wd0.01_filterlen40_learndecoderFalse_schedulerTrue_windows0_dropout0.0_loralr0.0_preprocessorFalse_preencoderFalse_cutfillFalse_learnpredecoderFalse_learnloraFalse,3,pooled,14,4,3_11_10_7,0.2315795421600341,0.9066666666666666,1.3810110092163086,0.48,1.638308882713318,0.39
bs128_lr0.001_distAE_wd0.01_filterlen40_learndecoderFalse_schedulerTrue_windows0_dropout0.0_loralr0.0_preprocessorFalse_preencoderFalse_cutfillFalse_learnpredecoderFalse_learnloraFalse,4,single,10,1,4,1.284349799156189,0.465,1.5996408462524414,0.21,1.6278579235076904,0.22
bs128_lr0.001_distAE_wd0.01_filterlen40_learndecoderFalse_schedulerTrue_windows0_dropout0.0_loralr0.0_preprocessorFalse_preencoderFalse_cutfillFalse_learnpredecoderFalse_learnloraFalse,4,single,11,1,4,1.481123447418213,0.4316666666666666,1.6032789945602417,0.22,1.6121805906295776,0.16
bs128_lr0.001_distAE_wd0.01_filterlen40_learndecoderFalse_schedulerTrue_windows0_dropout0.0_loralr0.0_preprocessorFalse_preencoderFalse_cutfillFalse_learnpredecoderFalse_learnloraFalse,4,single,12,1,4,1.6410152912139893,0.195,1.6113314628601074,0.2,1.612196922302246,0.21
bs128_lr0.001_distAE_wd0.01_filterlen40_learndecoderFalse_schedulerTrue_windows0_dropout0.0_loralr0.0_preprocessorFalse_preencoderFalse_cutfillFalse_learnpredecoderFalse_learnloraFalse,4,single,13,1,4,1.5989207029342651,0.2783333333333333,1.602769136428833,0.24,1.6048954725265503,0.24
bs128_lr0.001_distAE_wd0.01_filterlen40_learndecoderFalse_schedulerTrue_windows0_dropout0.0_loralr0.0_preprocessorFalse_preencoderFalse_cutfillFalse_learnpredecoderFalse_learnloraFalse,4,single,14,1,4,1.4685622453689575,0.505,1.6005080938339231,0.26,1.6323955059051514,0.16
bs128_lr0.001_distAE_wd0.01_filterlen40_learndecoderFalse_schedulerTrue_windows0_dropout0.0_loralr0.0_preprocessorFalse_preencoderFalse_cutfillFalse_learnpredecoderFalse_learnloraFalse,4,pooled,10,1,4,1.284349799156189,0.465,1.5996408462524414,0.21,1.6278579235076904,0.22
bs128_lr0.001_distAE_wd0.01_filterlen40_learndecoderFalse_schedulerTrue_windows0_dropout0.0_loralr0.0_preprocessorFalse_preencoderFalse_cutfillFalse_learnpredecoderFalse_learnloraFalse,4,pooled,11,1,4,1.481123447418213,0.4316666666666666,1.6032789945602417,0.22,1.6121805906295776,0.16
bs128_lr0.001_distAE_wd0.01_filterlen40_learndecoderFalse_schedulerTrue_windows0_dropout0.0_loralr0.0_preprocessorFalse_preencoderFalse_cutfillFalse_learnpredecoderFalse_learnloraFalse,4,pooled,12,1,4,1.6410152912139893,0.195,1.6113314628601074,0.2,1.612196922302246,0.21
bs128_lr0.001_distAE_wd0.01_filterlen40_learndecoderFalse_schedulerTrue_windows0_dropout0.0_loralr0.0_preprocessorFalse_preencoderFalse_cutfillFalse_learnpredecoderFalse_learnloraFalse,4,pooled,13,1,4,1.5989207029342651,0.2783333333333333,1.602769136428833,0.24,1.6048954725265503,0.24
bs128_lr0.001_distAE_wd0.01_filterlen40_learndecoderFalse_schedulerTrue_windows0_dropout0.0_loralr0.0_preprocessorFalse_preencoderFalse_cutfillFalse_learnpredecoderFalse_learnloraFalse,4,pooled,14,1,4,1.4685622453689575,0.505,1.6005080938339231,0.26,1.6323955059051514,0.16
bs128_lr0.001_distAE_wd0.01_filterlen40_learndecoderFalse_schedulerTrue_windows0_dropout0.0_loralr0.0_preprocessorFalse_preencoderFalse_cutfillFalse_learnpredecoderFalse_learnloraFalse,5,single,10,1,5,1.524612545967102,0.2583333333333333,1.5958993434906006,0.21,1.606436014175415,0.19
bs128_lr0.001_distAE_wd0.01_filterlen40_learndecoderFalse_schedulerTrue_windows0_dropout0.0_loralr0.0_preprocessorFalse_preencoderFalse_cutfillFalse_learnpredecoderFalse_learnloraFalse,5,single,11,1,5,1.6429946422576904,0.185,1.615127682685852,0.17,1.6146295070648191,0.18
bs128_lr0.001_distAE_wd0.01_filterlen40_learndecoderFalse_schedulerTrue_windows0_dropout0.0_loralr0.0_preprocessorFalse_preencoderFalse_cutfillFalse_learnpredecoderFalse_learnloraFalse,5,single,12,1,5,1.4923495054244995,0.4083333333333333,1.605594515800476,0.24,1.6100906133651731,0.21
bs128_lr0.001_distAE_wd0.01_filterlen40_learndecoderFalse_schedulerTrue_windows0_dropout0.0_loralr0.0_preprocessorFalse_preencoderFalse_cutfillFalse_learnpredecoderFalse_learnloraFalse,5,single,13,1,5,1.5929089784622192,0.245,1.610666036605835,0.2,1.6145434379577637,0.2
bs128_lr0.001_distAE_wd0.01_filterlen40_learndecoderFalse_schedulerTrue_windows0_dropout0.0_loralr0.0_preprocessorFalse_preencoderFalse_cutfillFalse_learnpredecoderFalse_learnloraFalse,5,single,14,1,5,1.548287868499756,0.2883333333333333,1.6079672574996948,0.22,1.6117184162139893,0.19
bs128_lr0.001_distAE_wd0.01_filterlen40_learndecoderFalse_schedulerTrue_windows0_dropout0.0_loralr0.0_preprocessorFalse_preencoderFalse_cutfillFalse_learnpredecoderFalse_learnloraFalse,5,pooled,10,3,5_6_10,1.173161506652832,0.6105555555555555,1.5033129453659058,0.31,1.573044776916504,0.27
bs128_lr0.001_distAE_wd0.01_filterlen40_learndecoderFalse_schedulerTrue_windows0_dropout0.0_loralr0.0_preprocessorFalse_preencoderFalse_cutfillFalse_learnpredecoderFalse_learnloraFalse,5,pooled,11,3,5_6_10,0.8453260660171509,0.5244444444444445,1.4232391119003296,0.39,1.6029237508773804,0.28
bs128_lr0.001_distAE_wd0.01_filterlen40_learndecoderFalse_schedulerTrue_windows0_dropout0.0_loralr0.0_preprocessorFalse_preencoderFalse_cutfillFalse_learnpredecoderFalse_learnloraFalse,5,pooled,12,3,5_6_10,1.7570838928222656,0.5583333333333333,1.458945870399475,0.38,1.635025978088379,0.3
bs128_lr0.001_distAE_wd0.01_filterlen40_learndecoderFalse_schedulerTrue_windows0_dropout0.0_loralr0.0_preprocessorFalse_preencoderFalse_cutfillFalse_learnpredecoderFalse_learnloraFalse,5,pooled,13,3,5_6_10,1.090441107749939,0.5372222222222223,1.4573367834091189,0.33,1.53949236869812,0.36
bs128_lr0.001_distAE_wd0.01_filterlen40_learndecoderFalse_schedulerTrue_windows0_dropout0.0_loralr0.0_preprocessorFalse_preencoderFalse_cutfillFalse_learnpredecoderFalse_learnloraFalse,5,pooled,14,3,5_6_10,1.0246176719665527,0.6072222222222222,1.4913302659988403,0.38,1.536998271942139,0.38
bs128_lr0.001_distAE_wd0.01_filterlen40_learndecoderFalse_schedulerTrue_windows0_dropout0.0_loralr0.0_preprocessorFalse_preencoderFalse_cutfillFalse_learnpredecoderFalse_learnloraFalse,6,single,10,1,6,0.0353935323655605,0.9933333333333332,0.9323222637176514,0.67,1.3186956644058228,0.57
bs128_lr0.001_distAE_wd0.01_filterlen40_learndecoderFalse_schedulerTrue_windows0_dropout0.0_loralr0.0_preprocessorFalse_preencoderFalse_cutfillFalse_learnpredecoderFalse_learnloraFalse,6,single,11,1,6,0.0272137820720672,1.0,1.0910590887069702,0.63,1.3117034435272217,0.49
bs128_lr0.001_distAE_wd0.01_filterlen40_learndecoderFalse_schedulerTrue_windows0_dropout0.0_loralr0.0_preprocessorFalse_preencoderFalse_cutfillFalse_learnpredecoderFalse_learnloraFalse,6,single,12,1,6,0.3951910138130188,0.9083333333333332,1.081923484802246,0.58,1.3079088926315308,0.5
bs128_lr0.001_distAE_wd0.01_filterlen40_learndecoderFalse_schedulerTrue_windows0_dropout0.0_loralr0.0_preprocessorFalse_preencoderFalse_cutfillFalse_learnpredecoderFalse_learnloraFalse,6,single,13,1,6,0.2317344546318054,0.9583333333333334,0.8793458342552185,0.67,1.5888677835464478,0.49
bs128_lr0.001_distAE_wd0.01_filterlen40_learndecoderFalse_schedulerTrue_windows0_dropout0.0_loralr0.0_preprocessorFalse_preencoderFalse_cutfillFalse_learnpredecoderFalse_learnloraFalse,6,single,14,1,6,0.0712523534893989,0.9983333333333332,1.0872386693954468,0.56,1.7020485401153564,0.48
bs128_lr0.001_distAE_wd0.01_filterlen40_learndecoderFalse_schedulerTrue_windows0_dropout0.0_loralr0.0_preprocessorFalse_preencoderFalse_cutfillFalse_learnpredecoderFalse_learnloraFalse,6,pooled,10,1,6,0.0353935323655605,0.9933333333333332,0.9323222637176514,0.67,1.3186956644058228,0.57
bs128_lr0.001_distAE_wd0.01_filterlen40_learndecoderFalse_schedulerTrue_windows0_dropout0.0_loralr0.0_preprocessorFalse_preencoderFalse_cutfillFalse_learnpredecoderFalse_learnloraFalse,6,pooled,11,1,6,0.0272137820720672,1.0,1.0910590887069702,0.63,1.3117034435272217,0.49
bs128_lr0.001_distAE_wd0.01_filterlen40_learndecoderFalse_schedulerTrue_windows0_dropout0.0_loralr0.0_preprocessorFalse_preencoderFalse_cutfillFalse_learnpredecoderFalse_learnloraFalse,6,pooled,12,1,6,0.3951910138130188,0.9083333333333332,1.081923484802246,0.58,1.3079088926315308,0.5
bs128_lr0.001_distAE_wd0.01_filterlen40_learndecoderFalse_schedulerTrue_windows0_dropout0.0_loralr0.0_preprocessorFalse_preencoderFalse_cutfillFalse_learnpredecoderFalse_learnloraFalse,6,pooled,13,1,6,0.2317344546318054,0.9583333333333334,0.8793458342552185,0.67,1.5888677835464478,0.49
bs128_lr0.001_distAE_wd0.01_filterlen40_learndecoderFalse_schedulerTrue_windows0_dropout0.0_loralr0.0_preprocessorFalse_preencoderFalse_cutfillFalse_learnpredecoderFalse_learnloraFalse,6,pooled,14,1,6,0.0712523534893989,0.9983333333333332,1.0872386693954468,0.56,1.7020485401153564,0.48
bs128_lr0.001_distAE_wd0.01_filterlen40_learndecoderFalse_schedulerTrue_windows0_dropout0.0_loralr0.0_preprocessorFalse_preencoderFalse_cutfillFalse_learnpredecoderFalse_learnloraFalse,7,single,10,1,7,0.7283040881156921,0.7916666666666666,1.2687698602676392,0.49,1.5566720962524414,0.44
bs128_lr0.001_distAE_wd0.01_filterlen40_learndecoderFalse_schedulerTrue_windows0_dropout0.0_loralr0.0_preprocessorFalse_preencoderFalse_cutfillFalse_learnpredecoderFalse_learnloraFalse,7,single,11,1,7,0.4612060487270355,0.8883333333333333,1.3056106567382812,0.56,1.552251935005188,0.56
bs128_lr0.001_distAE_wd0.01_filterlen40_learndecoderFalse_schedulerTrue_windows0_dropout0.0_loralr0.0_preprocessorFalse_preencoderFalse_cutfillFalse_learnpredecoderFalse_learnloraFalse,7,single,12,1,7,0.225870668888092,0.9583333333333334,1.3486931324005127,0.46,1.6152156591415403,0.4
bs128_lr0.001_distAE_wd0.01_filterlen40_learndecoderFalse_schedulerTrue_windows0_dropout0.0_loralr0.0_preprocessorFalse_preencoderFalse_cutfillFalse_learnpredecoderFalse_learnloraFalse,7,single,13,1,7,0.1411558091640472,0.9816666666666668,1.4286493062973022,0.4,1.5250221490859983,0.5
bs128_lr0.001_distAE_wd0.01_filterlen40_learndecoderFalse_schedulerTrue_windows0_dropout0.0_loralr0.0_preprocessorFalse_preencoderFalse_cutfillFalse_learnpredecoderFalse_learnloraFalse,7,single,14,1,7,0.1765423566102981,0.975,1.4630628824234009,0.41,1.3819290399551392,0.46
bs128_lr0.001_distAE_wd0.01_filterlen40_learndecoderFalse_schedulerTrue_windows0_dropout0.0_loralr0.0_preprocessorFalse_preencoderFalse_cutfillFalse_learnpredecoderFalse_learnloraFalse,7,pooled,10,1,7,0.7283040881156921,0.7916666666666666,1.2687698602676392,0.49,1.5566720962524414,0.44
bs128_lr0.001_distAE_wd0.01_filterlen40_learndecoderFalse_schedulerTrue_windows0_dropout0.0_loralr0.0_preprocessorFalse_preencoderFalse_cutfillFalse_learnpredecoderFalse_learnloraFalse,7,pooled,11,1,7,0.4612060487270355,0.8883333333333333,1.3056106567382812,0.56,1.552251935005188,0.56
bs128_lr0.001_distAE_wd0.01_filterlen40_learndecoderFalse_schedulerTrue_windows0_dropout0.0_loralr0.0_preprocessorFalse_preencoderFalse_cutfillFalse_learnpredecoderFalse_learnloraFalse,7,pooled,12,1,7,0.225870668888092,0.9583333333333334,1.3486931324005127,0.46,1.6152156591415403,0.4
bs128_lr0.001_distAE_wd0.01_filterlen40_learndecoderFalse_schedulerTrue_windows0_dropout0.0_loralr0.0_preprocessorFalse_preencoderFalse_cutfillFalse_learnpredecoderFalse_learnloraFalse,7,pooled,13,1,7,0.1411558091640472,0.9816666666666668,1.4286493062973022,0.4,1.5250221490859983,0.5
bs128_lr0.001_distAE_wd0.01_filterlen40_learndecoderFalse_schedulerTrue_windows0_dropout0.0_loralr0.0_preprocessorFalse_preencoderFalse_cutfillFalse_learnpredecoderFalse_learnloraFalse,7,pooled,14,1,7,0.1765423566102981,0.975,1.4630628824234009,0.41,1.3819290399551392,0.46
bs128_lr0.001_distAE_wd0.01_filterlen40_learndecoderFalse_schedulerTrue_windows0_dropout0.0_loralr0.0_preprocessorFalse_preencoderFalse_cutfillFalse_learnpredecoderFalse_learnloraFalse,8,single,10,1,8,1.5792359113693235,0.2183333333333333,1.6104650497436523,0.23,1.610599160194397,0.14
bs128_lr0.001_distAE_wd0.01_filterlen40_learndecoderFalse_schedulerTrue_windows0_dropout0.0_loralr0.0_preprocessorFalse_preencoderFalse_cutfillFalse_learnpredecoderFalse_learnloraFalse,8,single,11,1,8,1.2598265409469604,0.4866666666666667,1.5996955633163452,0.14,1.6232153177261353,0.24
bs128_lr0.001_distAE_wd0.01_filterlen40_learndecoderFalse_schedulerTrue_windows0_dropout0.0_loralr0.0_preprocessorFalse_preencoderFalse_cutfillFalse_learnpredecoderFalse_learnloraFalse,8,single,12,1,8,1.5872496366500854,0.2816666666666667,1.604408621788025,0.23,1.6028634309768677,0.24
bs128_lr0.001_distAE_wd0.01_filterlen40_learndecoderFalse_schedulerTrue_windows0_dropout0.0_loralr0.0_preprocessorFalse_preencoderFalse_cutfillFalse_learnpredecoderFalse_learnloraFalse,8,single,13,1,8,1.5548144578933716,0.3216666666666666,1.6046181917190552,0.24,1.6037318706512451,0.24
bs128_lr0.001_distAE_wd0.01_filterlen40_learndecoderFalse_schedulerTrue_windows0_dropout0.0_loralr0.0_preprocessorFalse_preencoderFalse_cutfillFalse_learnpredecoderFalse_learnloraFalse,8,single,14,1,8,1.4859039783477783,0.295,1.6033987998962402,0.21,1.607998013496399,0.21
bs128_lr0.001_distAE_wd0.01_filterlen40_learndecoderFalse_schedulerTrue_windows0_dropout0.0_loralr0.0_preprocessorFalse_preencoderFalse_cutfillFalse_learnpredecoderFalse_learnloraFalse,8,pooled,10,3,8_11_10,1.802964210510254,0.5833333333333334,1.5484437942504885,0.27,1.601272702217102,0.24
bs128_lr0.001_distAE_wd0.01_filterlen40_learndecoderFalse_schedulerTrue_windows0_dropout0.0_loralr0.0_preprocessorFalse_preencoderFalse_cutfillFalse_learnpredecoderFalse_learnloraFalse,8,pooled,11,3,8_11_10,2.092936754226685,0.5533333333333333,1.553738355636597,0.3,1.6425881385803225,0.21
bs128_lr0.001_distAE_wd0.01_filterlen40_learndecoderFalse_schedulerTrue_windows0_dropout0.0_loralr0.0_preprocessorFalse_preencoderFalse_cutfillFalse_learnpredecoderFalse_learnloraFalse,8,pooled,12,3,8_11_10,1.4468907117843628,0.5466666666666666,1.557093858718872,0.31,1.6431875228881836,0.23
bs128_lr0.001_distAE_wd0.01_filterlen40_learndecoderFalse_schedulerTrue_windows0_dropout0.0_loralr0.0_preprocessorFalse_preencoderFalse_cutfillFalse_learnpredecoderFalse_learnloraFalse,8,pooled,13,3,8_11_10,1.0651565790176392,0.6222222222222222,1.5603402853012085,0.29,1.6711887121200562,0.23
bs128_lr0.001_distAE_wd0.01_filterlen40_learndecoderFalse_schedulerTrue_windows0_dropout0.0_loralr0.0_preprocessorFalse_preencoderFalse_cutfillFalse_learnpredecoderFalse_learnloraFalse,8,pooled,14,3,8_11_10,1.5940182209014893,0.5955555555555555,1.5361682176589966,0.27,1.6297826766967771,0.22
bs128_lr0.001_distAE_wd0.01_filterlen40_learndecoderFalse_schedulerTrue_windows0_dropout0.0_loralr0.0_preprocessorFalse_preencoderFalse_cutfillFalse_learnpredecoderFalse_learnloraFalse,9,single,10,1,9,0.1761814057826995,0.97,0.3701159656047821,0.9,0.7528411746025085,0.68
bs128_lr0.001_distAE_wd0.01_filterlen40_learndecoderFalse_schedulerTrue_windows0_dropout0.0_loralr0.0_preprocessorFalse_preencoderFalse_cutfillFalse_learnpredecoderFalse_learnloraFalse,9,single,11,1,9,0.0477387644350528,0.9983333333333332,0.4058853387832641,0.87,0.9547593593597412,0.7
bs128_lr0.001_distAE_wd0.01_filterlen40_learndecoderFalse_schedulerTrue_windows0_dropout0.0_loralr0.0_preprocessorFalse_preencoderFalse_cutfillFalse_learnpredecoderFalse_learnloraFalse,9,single,12,1,9,0.0667875036597251,0.995,0.4131875336170196,0.89,0.8383165001869202,0.71
bs128_lr0.001_distAE_wd0.01_filterlen40_learndecoderFalse_schedulerTrue_windows0_dropout0.0_loralr0.0_preprocessorFalse_preencoderFalse_cutfillFalse_learnpredecoderFalse_learnloraFalse,9,single,13,1,9,0.3272720277309418,0.9383333333333334,0.3635482490062713,0.93,0.7873246669769287,0.68
bs128_lr0.001_distAE_wd0.01_filterlen40_learndecoderFalse_schedulerTrue_windows0_dropout0.0_loralr0.0_preprocessorFalse_preencoderFalse_cutfillFalse_learnpredecoderFalse_learnloraFalse,9,single,14,1,9,0.075233370065689,0.985,0.3991276621818542,0.88,0.7387058734893799,0.74
bs128_lr0.001_distAE_wd0.01_filterlen40_learndecoderFalse_schedulerTrue_windows0_dropout0.0_loralr0.0_preprocessorFalse_preencoderFalse_cutfillFalse_learnpredecoderFalse_learnloraFalse,9,pooled,10,3,9_5_10,0.873875617980957,0.6961111111111111,0.2211767733097076,0.92,0.612709105014801,0.79
bs128_lr0.001_distAE_wd0.01_filterlen40_learndecoderFalse_schedulerTrue_windows0_dropout0.0_loralr0.0_preprocessorFalse_preencoderFalse_cutfillFalse_learnpredecoderFalse_learnloraFalse,9,pooled,11,3,9_5_10,1.1414153575897217,0.7116666666666667,0.1842840611934662,0.94,0.5258897542953491,0.8
bs128_lr0.001_distAE_wd0.01_filterlen40_learndecoderFalse_schedulerTrue_windows0_dropout0.0_loralr0.0_preprocessorFalse_preencoderFalse_cutfillFalse_learnpredecoderFalse_learnloraFalse,9,pooled,12,3,9_5_10,0.4283835887908935,0.7183333333333334,0.237024113535881,0.92,0.435128778219223,0.89
bs128_lr0.001_distAE_wd0.01_filterlen40_learndecoderFalse_schedulerTrue_windows0_dropout0.0_loralr0.0_preprocessorFalse_preencoderFalse_cutfillFalse_learnpredecoderFalse_learnloraFalse,9,pooled,13,3,9_5_10,0.8878173232078552,0.7461111111111111,0.2685984671115875,0.93,0.6141331195831299,0.74
bs128_lr0.001_distAE_wd0.01_filterlen40_learndecoderFalse_schedulerTrue_windows0_dropout0.0_loralr0.0_preprocessorFalse_preencoderFalse_cutfillFalse_learnpredecoderFalse_learnloraFalse,9,pooled,14,3,9_5_10,1.3615484237670898,0.6644444444444444,0.2066425383090973,0.94,0.4982162117958069,0.85
bs128_lr0.001_distAE_wd0.01_filterlen40_learndecoderFalse_schedulerTrue_windows0_dropout0.0_loralr0.0_preprocessorFalse_preencoderFalse_cutfillFalse_learnpredecoderFalse_learnloraFalse,10,single,10,1,10,0.0728460028767585,0.9866666666666668,1.5101995468139648,0.4,1.7366195917129517,0.36
bs128_lr0.001_distAE_wd0.01_filterlen40_learndecoderFalse_schedulerTrue_windows0_dropout0.0_loralr0.0_preprocessorFalse_preencoderFalse_cutfillFalse_learnpredecoderFalse_learnloraFalse,10,single,11,1,10,0.657598078250885,0.82,1.3397910594940186,0.45,1.338311791419983,0.48
bs128_lr0.001_distAE_wd0.01_filterlen40_learndecoderFalse_schedulerTrue_windows0_dropout0.0_loralr0.0_preprocessorFalse_preencoderFalse_cutfillFalse_learnpredecoderFalse_learnloraFalse,10,single,12,1,10,0.4378299713134765,0.9316666666666666,1.3583853244781494,0.41,1.5588382482528689,0.35
bs128_lr0.001_distAE_wd0.01_filterlen40_learndecoderFalse_schedulerTrue_windows0_dropout0.0_loralr0.0_preprocessorFalse_preencoderFalse_cutfillFalse_learnpredecoderFalse_learnloraFalse,10,single,13,1,10,0.7531930804252625,0.76,1.3860279321670532,0.39,1.2655949592590332,0.51
bs128_lr0.001_distAE_wd0.01_filterlen40_learndecoderFalse_schedulerTrue_windows0_dropout0.0_loralr0.0_preprocessorFalse_preencoderFalse_cutfillFalse_learnpredecoderFalse_learnloraFalse,10,single,14,1,10,0.2284234166145324,0.9766666666666668,1.3004701137542725,0.51,1.3660660982131958,0.5
bs128_lr0.001_distAE_wd0.01_filterlen40_learndecoderFalse_schedulerTrue_windows0_dropout0.0_loralr0.0_preprocessorFalse_preencoderFalse_cutfillFalse_learnpredecoderFalse_learnloraFalse,10,pooled,10,3,10_5_11,0.970607042312622,0.5827777777777777,1.0646053552627563,0.56,1.1623555421829224,0.49
bs128_lr0.001_distAE_wd0.01_filterlen40_learndecoderFalse_schedulerTrue_windows0_dropout0.0_loralr0.0_preprocessorFalse_preencoderFalse_cutfillFalse_learnpredecoderFalse_learnloraFalse,10,pooled,11,3,10_5_11,0.7418606281280518,0.7055555555555556,1.0307708978652954,0.61,1.0343798398971558,0.6
bs128_lr0.001_distAE_wd0.01_filterlen40_learndecoderFalse_schedulerTrue_windows0_dropout0.0_loralr0.0_preprocessorFalse_preencoderFalse_cutfillFalse_learnpredecoderFalse_learnloraFalse,10,pooled,12,3,10_5_11,1.0772801637649536,0.6133333333333333,1.046499729156494,0.6,1.0664793252944946,0.58
bs128_lr0.001_distAE_wd0.01_filterlen40_learndecoderFalse_schedulerTrue_windows0_dropout0.0_loralr0.0_preprocessorFalse_preencoderFalse_cutfillFalse_learnpredecoderFalse_learnloraFalse,10,pooled,13,3,10_5_11,0.9074618816375732,0.5966666666666667,1.0821157693862915,0.62,1.1639553308486938,0.51
bs128_lr0.001_distAE_wd0.01_filterlen40_learndecoderFalse_schedulerTrue_windows0_dropout0.0_loralr0.0_preprocessorFalse_preencoderFalse_cutfillFalse_learnpredecoderFalse_learnloraFalse,10,pooled,14,3,10_5_11,0.916627049446106,0.67,1.032222867012024,0.54,0.960433065891266,0.64
bs128_lr0.001_distAE_wd0.01_filterlen40_learndecoderFalse_schedulerTrue_windows0_dropout0.0_loralr0.0_preprocessorFalse_preencoderFalse_cutfillFalse_learnpredecoderFalse_learnloraFalse,11,single,10,1,11,0.0900045707821846,0.9816666666666668,1.0781967639923096,0.61,0.9999738931655884,0.65
bs128_lr0.001_distAE_wd0.01_filterlen40_learndecoderFalse_schedulerTrue_windows0_dropout0.0_loralr0.0_preprocessorFalse_preencoderFalse_cutfillFalse_learnpredecoderFalse_learnloraFalse,11,single,11,1,11,0.0469875447452068,0.9933333333333332,0.9532232880592346,0.62,0.8689144849777222,0.69
bs128_lr0.001_distAE_wd0.01_filterlen40_learndecoderFalse_schedulerTrue_windows0_dropout0.0_loralr0.0_preprocessorFalse_preencoderFalse_cutfillFalse_learnpredecoderFalse_learnloraFalse,11,single,12,1,11,0.0431034602224826,1.0,0.8811831474304199,0.65,0.8738731145858765,0.58
bs128_lr0.001_distAE_wd0.01_filterlen40_learndecoderFalse_schedulerTrue_windows0_dropout0.0_loralr0.0_preprocessorFalse_preencoderFalse_cutfillFalse_learnpredecoderFalse_learnloraFalse,11,single,13,1,11,0.0324857831001281,0.9966666666666668,1.0652580261230469,0.62,0.7956542372703552,0.72
bs128_lr0.001_distAE_wd0.01_filterlen40_learndecoderFalse_schedulerTrue_windows0_dropout0.0_loralr0.0_preprocessorFalse_preencoderFalse_cutfillFalse_learnpredecoderFalse_learnloraFalse,11,single,14,1,11,0.0413533896207809,1.0,1.1824053525924685,0.55,1.0730727910995483,0.6
bs128_lr0.001_distAE_wd0.01_filterlen40_learndecoderFalse_schedulerTrue_windows0_dropout0.0_loralr0.0_preprocessorFalse_preencoderFalse_cutfillFalse_learnpredecoderFalse_learnloraFalse,11,pooled,10,3,11_10_3,1.0865955352783203,0.8161111111111111,0.6630850434303284,0.78,0.5570153594017029,0.81
bs128_lr0.001_distAE_wd0.01_filterlen40_learndecoderFalse_schedulerTrue_windows0_dropout0.0_loralr0.0_preprocessorFalse_preencoderFalse_cutfillFalse_learnpredecoderFalse_learnloraFalse,11,pooled,11,3,11_10_3,0.7696182727813721,0.6983333333333334,0.5876603126525879,0.79,0.4063761234283447,0.92
bs128_lr0.001_distAE_wd0.01_filterlen40_learndecoderFalse_schedulerTrue_windows0_dropout0.0_loralr0.0_preprocessorFalse_preencoderFalse_cutfillFalse_learnpredecoderFalse_learnloraFalse,11,pooled,12,3,11_10_3,1.0528279542922974,0.7377777777777778,0.716026782989502,0.77,0.5904186367988586,0.79
bs128_lr0.001_distAE_wd0.01_filterlen40_learndecoderFalse_schedulerTrue_windows0_dropout0.0_loralr0.0_preprocessorFalse_preencoderFalse_cutfillFalse_learnpredecoderFalse_learnloraFalse,11,pooled,13,3,11_10_3,0.9723948240280152,0.8711111111111111,0.7241788506507874,0.76,0.631801962852478,0.77
bs128_lr0.001_distAE_wd0.01_filterlen40_learndecoderFalse_schedulerTrue_windows0_dropout0.0_loralr0.0_preprocessorFalse_preencoderFalse_cutfillFalse_learnpredecoderFalse_learnloraFalse,11,pooled,14,3,11_10_3,0.3757038712501526,0.7455555555555555,0.6928561925888062,0.76,0.5247802734375,0.8
bs128_lr0.001_distAE_wd0.001_filterlen40_learndecoderFalse_schedulerTrue_windows0_dropout0.0_loralr0.0_preprocessorFalse_preencoderFalse_cutfillFalse_learnpredecoderFalse_learnloraFalse,1,single,10,1,1,0.4693687558174133,0.8866666666666667,1.1283279657363892,0.59,1.0794965028762815,0.63
bs128_lr0.001_distAE_wd0.001_filterlen40_learndecoderFalse_schedulerTrue_windows0_dropout0.0_loralr0.0_preprocessorFalse_preencoderFalse_cutfillFalse_learnpredecoderFalse_learnloraFalse,1,single,11,1,1,0.2207721620798111,0.965,1.1068055629730225,0.57,0.9865944385528564,0.63
bs128_lr0.001_distAE_wd0.001_filterlen40_learndecoderFalse_schedulerTrue_windows0_dropout0.0_loralr0.0_preprocessorFalse_preencoderFalse_cutfillFalse_learnpredecoderFalse_learnloraFalse,1,single,12,1,1,0.0988402590155601,0.9816666666666668,1.1836957931518557,0.57,1.097416877746582,0.58
bs128_lr0.001_distAE_wd0.001_filterlen40_learndecoderFalse_schedulerTrue_windows0_dropout0.0_loralr0.0_preprocessorFalse_preencoderFalse_cutfillFalse_learnpredecoderFalse_learnloraFalse,1,single,13,1,1,0.4548055529594421,0.9033333333333332,1.1145809888839722,0.57,0.9616835117340088,0.67
bs128_lr0.001_distAE_wd0.001_filterlen40_learndecoderFalse_schedulerTrue_windows0_dropout0.0_loralr0.0_preprocessorFalse_preencoderFalse_cutfillFalse_learnpredecoderFalse_learnloraFalse,1,single,14,1,1,0.0253955665975809,0.9916666666666668,1.112821102142334,0.61,1.284059762954712,0.54
bs128_lr0.001_distAE_wd0.001_filterlen40_learndecoderFalse_schedulerTrue_windows0_dropout0.0_loralr0.0_preprocessorFalse_preencoderFalse_cutfillFalse_learnpredecoderFalse_learnloraFalse,1,pooled,10,3,1_7_3,1.5231280326843262,0.6366666666666667,0.8399006724357605,0.71,0.7560624480247498,0.78
bs128_lr0.001_distAE_wd0.001_filterlen40_learndecoderFalse_schedulerTrue_windows0_dropout0.0_loralr0.0_preprocessorFalse_preencoderFalse_cutfillFalse_learnpredecoderFalse_learnloraFalse,1,pooled,11,3,1_7_3,0.9868861436843872,0.7677777777777778,0.7628352642059326,0.72,0.6279968619346619,0.8
bs128_lr0.001_distAE_wd0.001_filterlen40_learndecoderFalse_schedulerTrue_windows0_dropout0.0_loralr0.0_preprocessorFalse_preencoderFalse_cutfillFalse_learnpredecoderFalse_learnloraFalse,1,pooled,12,3,1_7_3,0.8532312512397766,0.6372222222222222,0.6790035963058472,0.75,0.6153214573860168,0.83
bs128_lr0.001_distAE_wd0.001_filterlen40_learndecoderFalse_schedulerTrue_windows0_dropout0.0_loralr0.0_preprocessorFalse_preencoderFalse_cutfillFalse_learnpredecoderFalse_learnloraFalse,1,pooled,13,3,1_7_3,0.5841195583343506,0.7394444444444445,0.6341814994812012,0.78,0.6991533041000366,0.73
bs128_lr0.001_distAE_wd0.001_filterlen40_learndecoderFalse_schedulerTrue_windows0_dropout0.0_loralr0.0_preprocessorFalse_preencoderFalse_cutfillFalse_learnpredecoderFalse_learnloraFalse,1,pooled,14,3,1_7_3,1.459126114845276,0.6405555555555555,0.7566083669662476,0.74,0.5567134022712708,0.76
bs128_lr0.001_distAE_wd0.001_filterlen40_learndecoderFalse_schedulerTrue_windows0_dropout0.0_loralr0.0_preprocessorFalse_preencoderFalse_cutfillFalse_learnpredecoderFalse_learnloraFalse,2,single,10,1,2,0.0910756513476371,0.985,1.0948402881622314,0.7,1.06840181350708,0.7
bs128_lr0.001_distAE_wd0.001_filterlen40_learndecoderFalse_schedulerTrue_windows0_dropout0.0_loralr0.0_preprocessorFalse_preencoderFalse_cutfillFalse_learnpredecoderFalse_learnloraFalse,2,single,11,1,2,0.0886863693594932,0.9883333333333332,0.6566148400306702,0.78,0.7197151184082031,0.81
bs128_lr0.001_distAE_wd0.001_filterlen40_learndecoderFalse_schedulerTrue_windows0_dropout0.0_loralr0.0_preprocessorFalse_preencoderFalse_cutfillFalse_learnpredecoderFalse_learnloraFalse,2,single,12,1,2,0.0766564905643463,0.9933333333333332,0.76893150806427,0.78,1.3951605558395386,0.75
bs128_lr0.001_distAE_wd0.001_filterlen40_learndecoderFalse_schedulerTrue_windows0_dropout0.0_loralr0.0_preprocessorFalse_preencoderFalse_cutfillFalse_learnpredecoderFalse_learnloraFalse,2,single,13,1,2,0.1460070610046386,0.9716666666666668,1.0476130247116089,0.65,1.0723425149917605,0.69
bs128_lr0.001_distAE_wd0.001_filterlen40_learndecoderFalse_schedulerTrue_windows0_dropout0.0_loralr0.0_preprocessorFalse_preencoderFalse_cutfillFalse_learnpredecoderFalse_learnloraFalse,2,single,14,1,2,0.1959690153598785,0.9816666666666668,1.027571439743042,0.61,1.110877275466919,0.63
bs128_lr0.001_distAE_wd0.001_filterlen40_learndecoderFalse_schedulerTrue_windows0_dropout0.0_loralr0.0_preprocessorFalse_preencoderFalse_cutfillFalse_learnpredecoderFalse_learnloraFalse,2,pooled,10,3,2_1_11,1.0372722148895264,0.8205555555555556,0.7178578972816467,0.75,0.395028680562973,0.86
bs128_lr0.001_distAE_wd0.001_filterlen40_learndecoderFalse_schedulerTrue_windows0_dropout0.0_loralr0.0_preprocessorFalse_preencoderFalse_cutfillFalse_learnpredecoderFalse_learnloraFalse,2,pooled,11,3,2_1_11,1.325958490371704,0.8344444444444444,0.6895285248756409,0.75,0.5520791411399841,0.79
bs128_lr0.001_distAE_wd0.001_filterlen40_learndecoderFalse_schedulerTrue_windows0_dropout0.0_loralr0.0_preprocessorFalse_preencoderFalse_cutfillFalse_learnpredecoderFalse_learnloraFalse,2,pooled,12,3,2_1_11,0.2736358046531677,0.9027777777777778,0.7639626860618591,0.72,0.5380927920341492,0.85
bs128_lr0.001_distAE_wd0.001_filterlen40_learndecoderFalse_schedulerTrue_windows0_dropout0.0_loralr0.0_preprocessorFalse_preencoderFalse_cutfillFalse_learnpredecoderFalse_learnloraFalse,2,pooled,13,3,2_1_11,1.5057041645050049,0.8372222222222222,0.7669764757156372,0.71,0.6426312327384949,0.75
bs128_lr0.001_distAE_wd0.001_filterlen40_learndecoderFalse_schedulerTrue_windows0_dropout0.0_loralr0.0_preprocessorFalse_preencoderFalse_cutfillFalse_learnpredecoderFalse_learnloraFalse,2,pooled,14,3,2_1_11,0.6523869037628174,0.8827777777777778,0.6275708079338074,0.79,0.6407148838043213,0.79
bs128_lr0.001_distAE_wd0.001_filterlen40_learndecoderFalse_schedulerTrue_windows0_dropout0.0_loralr0.0_preprocessorFalse_preencoderFalse_cutfillFalse_learnpredecoderFalse_learnloraFalse,3,single,10,1,3,1.1603455543518066,0.6433333333333333,1.593672513961792,0.29,1.6303982734680176,0.35
bs128_lr0.001_distAE_wd0.001_filterlen40_learndecoderFalse_schedulerTrue_windows0_dropout0.0_loralr0.0_preprocessorFalse_preencoderFalse_cutfillFalse_learnpredecoderFalse_learnloraFalse,3,single,11,1,3,1.1554515361785889,0.6283333333333333,1.5810089111328125,0.29,1.6575223207473757,0.37
bs128_lr0.001_distAE_wd0.001_filterlen40_learndecoderFalse_schedulerTrue_windows0_dropout0.0_loralr0.0_preprocessorFalse_preencoderFalse_cutfillFalse_learnpredecoderFalse_learnloraFalse,3,single,12,1,3,1.6390583515167236,0.2166666666666666,1.6121653318405151,0.21,1.61273455619812,0.2
bs128_lr0.001_distAE_wd0.001_filterlen40_learndecoderFalse_schedulerTrue_windows0_dropout0.0_loralr0.0_preprocessorFalse_preencoderFalse_cutfillFalse_learnpredecoderFalse_learnloraFalse,3,single,13,1,3,1.6539493799209597,0.2,1.6112735271453855,0.2,1.609885573387146,0.2
bs128_lr0.001_distAE_wd0.001_filterlen40_learndecoderFalse_schedulerTrue_windows0_dropout0.0_loralr0.0_preprocessorFalse_preencoderFalse_cutfillFalse_learnpredecoderFalse_learnloraFalse,3,single,14,1,3,1.1343929767608645,0.61,1.4939508438110352,0.35,1.522000789642334,0.32
bs128_lr0.001_distAE_wd0.001_filterlen40_learndecoderFalse_schedulerTrue_windows0_dropout0.0_loralr0.0_preprocessorFalse_preencoderFalse_cutfillFalse_learnpredecoderFalse_learnloraFalse,3,pooled,10,3,3_11_10,0.6727790832519531,0.8094444444444444,1.366507887840271,0.48,1.5054562091827393,0.42
bs128_lr0.001_distAE_wd0.001_filterlen40_learndecoderFalse_schedulerTrue_windows0_dropout0.0_loralr0.0_preprocessorFalse_preencoderFalse_cutfillFalse_learnpredecoderFalse_learnloraFalse,3,pooled,11,3,3_11_10,1.0802943706512451,0.805,1.230282425880432,0.54,1.541558861732483,0.36
bs128_lr0.001_distAE_wd0.001_filterlen40_learndecoderFalse_schedulerTrue_windows0_dropout0.0_loralr0.0_preprocessorFalse_preencoderFalse_cutfillFalse_learnpredecoderFalse_learnloraFalse,3,pooled,12,3,3_11_10,0.8057151436805725,0.7083333333333334,1.3806297779083252,0.48,1.446313738822937,0.41
bs128_lr0.001_distAE_wd0.001_filterlen40_learndecoderFalse_schedulerTrue_windows0_dropout0.0_loralr0.0_preprocessorFalse_preencoderFalse_cutfillFalse_learnpredecoderFalse_learnloraFalse,3,pooled,13,3,3_11_10,0.6017099618911743,0.7016666666666667,1.3045668601989746,0.48,1.5239962339401243,0.35
bs128_lr0.001_distAE_wd0.001_filterlen40_learndecoderFalse_schedulerTrue_windows0_dropout0.0_loralr0.0_preprocessorFalse_preencoderFalse_cutfillFalse_learnpredecoderFalse_learnloraFalse,3,pooled,14,3,3_11_10,0.8663408160209656,0.8722222222222222,1.2635908126831057,0.56,1.6282410621643066,0.51
bs128_lr0.001_distAE_wd0.001_filterlen40_learndecoderFalse_schedulerTrue_windows0_dropout0.0_loralr0.0_preprocessorFalse_preencoderFalse_cutfillFalse_learnpredecoderFalse_learnloraFalse,4,single,10,1,4,1.4863361120224,0.3066666666666666,1.6045151948928833,0.24,1.6114020347595217,0.19
bs128_lr0.001_distAE_wd0.001_filterlen40_learndecoderFalse_schedulerTrue_windows0_dropout0.0_loralr0.0_preprocessorFalse_preencoderFalse_cutfillFalse_learnpredecoderFalse_learnloraFalse,4,single,11,1,4,1.5585025548934937,0.33,1.6091252565383911,0.17,1.6178191900253296,0.17
bs128_lr0.001_distAE_wd0.001_filterlen40_learndecoderFalse_schedulerTrue_windows0_dropout0.0_loralr0.0_preprocessorFalse_preencoderFalse_cutfillFalse_learnpredecoderFalse_learnloraFalse,4,single,12,1,4,1.42451274394989,0.4133333333333333,1.6006584167480469,0.27,1.626908302307129,0.17
bs128_lr0.001_distAE_wd0.001_filterlen40_learndecoderFalse_schedulerTrue_windows0_dropout0.0_loralr0.0_preprocessorFalse_preencoderFalse_cutfillFalse_learnpredecoderFalse_learnloraFalse,4,single,13,1,4,1.44587504863739,0.3966666666666666,1.6045279502868652,0.21,1.6286104917526243,0.13
bs128_lr0.001_distAE_wd0.001_filterlen40_learndecoderFalse_schedulerTrue_windows0_dropout0.0_loralr0.0_preprocessorFalse_preencoderFalse_cutfillFalse_learnpredecoderFalse_learnloraFalse,4,single,14,1,4,1.6591359376907349,0.1866666666666666,1.6104507446289062,0.2,1.6107009649276731,0.2
bs128_lr0.001_distAE_wd0.001_filterlen40_learndecoderFalse_schedulerTrue_windows0_dropout0.0_loralr0.0_preprocessorFalse_preencoderFalse_cutfillFalse_learnpredecoderFalse_learnloraFalse,4,pooled,10,2,4_11,1.591237187385559,0.2375,1.6023056507110596,0.2,1.6122509241104126,0.22
bs128_lr0.001_distAE_wd0.001_filterlen40_learndecoderFalse_schedulerTrue_windows0_dropout0.0_loralr0.0_preprocessorFalse_preencoderFalse_cutfillFalse_learnpredecoderFalse_learnloraFalse,4,pooled,11,2,4_11,1.7513034343719482,0.2,1.609507441520691,0.2,1.6092441082000732,0.2
bs128_lr0.001_distAE_wd0.001_filterlen40_learndecoderFalse_schedulerTrue_windows0_dropout0.0_loralr0.0_preprocessorFalse_preencoderFalse_cutfillFalse_learnpredecoderFalse_learnloraFalse,4,pooled,12,2,4_11,1.551398515701294,0.2691666666666666,1.6127026081085205,0.22,1.6265655755996704,0.2
bs128_lr0.001_distAE_wd0.001_filterlen40_learndecoderFalse_schedulerTrue_windows0_dropout0.0_loralr0.0_preprocessorFalse_preencoderFalse_cutfillFalse_learnpredecoderFalse_learnloraFalse,4,pooled,13,2,4_11,1.6438651084899902,0.1666666666666666,1.6073083877563477,0.24,1.6066821813583374,0.24
bs128_lr0.001_distAE_wd0.001_filterlen40_learndecoderFalse_schedulerTrue_windows0_dropout0.0_loralr0.0_preprocessorFalse_preencoderFalse_cutfillFalse_learnpredecoderFalse_learnloraFalse,4,pooled,14,2,4_11,1.5269126892089844,0.2825,1.6017608642578125,0.21,1.6137853860855105,0.19
bs128_lr0.001_distAE_wd0.001_filterlen40_learndecoderFalse_schedulerTrue_windows0_dropout0.0_loralr0.0_preprocessorFalse_preencoderFalse_cutfillFalse_learnpredecoderFalse_learnloraFalse,5,single,10,1,5,1.5975699424743652,0.2666666666666666,1.605929255485535,0.2,1.608414888381958,0.21
bs128_lr0.001_distAE_wd0.001_filterlen40_learndecoderFalse_schedulerTrue_windows0_dropout0.0_loralr0.0_preprocessorFalse_preencoderFalse_cutfillFalse_learnpredecoderFalse_learnloraFalse,5,single,11,1,5,1.640807032585144,0.21,1.6114020347595217,0.21,1.6147271394729614,0.2
bs128_lr0.001_distAE_wd0.001_filterlen40_learndecoderFalse_schedulerTrue_windows0_dropout0.0_loralr0.0_preprocessorFalse_preencoderFalse_cutfillFalse_learnpredecoderFalse_learnloraFalse,5,single,12,1,5,1.6287411451339722,0.1983333333333333,1.6122732162475586,0.2,1.6123480796813965,0.2
bs128_lr0.001_distAE_wd0.001_filterlen40_learndecoderFalse_schedulerTrue_windows0_dropout0.0_loralr0.0_preprocessorFalse_preencoderFalse_cutfillFalse_learnpredecoderFalse_learnloraFalse,5,single,13,1,5,1.5547877550125122,0.2933333333333333,1.6004642248153689,0.24,1.6019552946090698,0.24
bs128_lr0.001_distAE_wd0.001_filterlen40_learndecoderFalse_schedulerTrue_windows0_dropout0.0_loralr0.0_preprocessorFalse_preencoderFalse_cutfillFalse_learnpredecoderFalse_learnloraFalse,5,single,14,1,5,1.5563666820526123,0.2666666666666666,1.5989248752593994,0.24,1.606447696685791,0.19
bs128_lr0.001_distAE_wd0.001_filterlen40_learndecoderFalse_schedulerTrue_windows0_dropout0.0_loralr0.0_preprocessorFalse_preencoderFalse_cutfillFalse_learnpredecoderFalse_learnloraFalse,5,pooled,10,1,5,1.5975699424743652,0.2666666666666666,1.605929255485535,0.2,1.608414888381958,0.21
bs128_lr0.001_distAE_wd0.001_filterlen40_learndecoderFalse_schedulerTrue_windows0_dropout0.0_loralr0.0_preprocessorFalse_preencoderFalse_cutfillFalse_learnpredecoderFalse_learnloraFalse,5,pooled,11,1,5,1.640807032585144,0.21,1.6114020347595217,0.21,1.6147271394729614,0.2
bs128_lr0.001_distAE_wd0.001_filterlen40_learndecoderFalse_schedulerTrue_windows0_dropout0.0_loralr0.0_preprocessorFalse_preencoderFalse_cutfillFalse_learnpredecoderFalse_learnloraFalse,5,pooled,12,1,5,1.6287411451339722,0.1983333333333333,1.6122732162475586,0.2,1.6123480796813965,0.2
bs128_lr0.001_distAE_wd0.001_filterlen40_learndecoderFalse_schedulerTrue_windows0_dropout0.0_loralr0.0_preprocessorFalse_preencoderFalse_cutfillFalse_learnpredecoderFalse_learnloraFalse,5,pooled,13,1,5,1.5547877550125122,0.2933333333333333,1.6004642248153689,0.24,1.6019552946090698,0.24
bs128_lr0.001_distAE_wd0.001_filterlen40_learndecoderFalse_schedulerTrue_windows0_dropout0.0_loralr0.0_preprocessorFalse_preencoderFalse_cutfillFalse_learnpredecoderFalse_learnloraFalse,5,pooled,14,1,5,1.5563666820526123,0.2666666666666666,1.5989248752593994,0.24,1.606447696685791,0.19
bs128_lr0.001_distAE_wd0.001_filterlen40_learndecoderFalse_schedulerTrue_windows0_dropout0.0_loralr0.0_preprocessorFalse_preencoderFalse_cutfillFalse_learnpredecoderFalse_learnloraFalse,6,single,10,1,6,0.5672920346260071,0.9,1.077675461769104,0.63,1.3252774477005005,0.4
bs128_lr0.001_distAE_wd0.001_filterlen40_learndecoderFalse_schedulerTrue_windows0_dropout0.0_loralr0.0_preprocessorFalse_preencoderFalse_cutfillFalse_learnpredecoderFalse_learnloraFalse,6,single,11,1,6,0.231135606765747,0.9333333333333332,0.9763734340667723,0.65,1.3716015815734863,0.55
bs128_lr0.001_distAE_wd0.001_filterlen40_learndecoderFalse_schedulerTrue_windows0_dropout0.0_loralr0.0_preprocessorFalse_preencoderFalse_cutfillFalse_learnpredecoderFalse_learnloraFalse,6,single,12,1,6,0.2660709321498871,0.975,1.0833340883255005,0.61,1.2397358417510986,0.5
bs128_lr0.001_distAE_wd0.001_filterlen40_learndecoderFalse_schedulerTrue_windows0_dropout0.0_loralr0.0_preprocessorFalse_preencoderFalse_cutfillFalse_learnpredecoderFalse_learnloraFalse,6,single,13,1,6,0.2319092899560928,0.945,1.0487209558486938,0.55,1.698734998703003,0.44
bs128_lr0.001_distAE_wd0.001_filterlen40_learndecoderFalse_schedulerTrue_windows0_dropout0.0_loralr0.0_preprocessorFalse_preencoderFalse_cutfillFalse_learnpredecoderFalse_learnloraFalse,6,single,14,1,6,0.0061648758128285,0.9983333333333332,1.1412227153778076,0.6,1.3828155994415283,0.54
bs128_lr0.001_distAE_wd0.001_filterlen40_learndecoderFalse_schedulerTrue_windows0_dropout0.0_loralr0.0_preprocessorFalse_preencoderFalse_cutfillFalse_learnpredecoderFalse_learnloraFalse,6,pooled,10,3,6_5_9,1.136287808418274,0.8072222222222222,0.7910335063934326,0.73,1.0634961128234863,0.56
bs128_lr0.001_distAE_wd0.001_filterlen40_learndecoderFalse_schedulerTrue_windows0_dropout0.0_loralr0.0_preprocessorFalse_preencoderFalse_cutfillFalse_learnpredecoderFalse_learnloraFalse,6,pooled,11,3,6_5_9,0.2691377997398376,0.7827777777777778,0.7398884296417236,0.75,0.7620155215263367,0.72
bs128_lr0.001_distAE_wd0.001_filterlen40_learndecoderFalse_schedulerTrue_windows0_dropout0.0_loralr0.0_preprocessorFalse_preencoderFalse_cutfillFalse_learnpredecoderFalse_learnloraFalse,6,pooled,12,3,6_5_9,0.0479446277022361,0.7933333333333333,0.7485252618789673,0.74,0.7760421633720398,0.73
bs128_lr0.001_distAE_wd0.001_filterlen40_learndecoderFalse_schedulerTrue_windows0_dropout0.0_loralr0.0_preprocessorFalse_preencoderFalse_cutfillFalse_learnpredecoderFalse_learnloraFalse,6,pooled,13,3,6_5_9,0.8468570709228516,0.7977777777777778,0.8096326589584351,0.72,0.9990692734718324,0.69
bs128_lr0.001_distAE_wd0.001_filterlen40_learndecoderFalse_schedulerTrue_windows0_dropout0.0_loralr0.0_preprocessorFalse_preencoderFalse_cutfillFalse_learnpredecoderFalse_learnloraFalse,6,pooled,14,3,6_5_9,0.6115697622299194,0.9155555555555556,0.7363278269767761,0.74,1.12818706035614,0.59
bs128_lr0.001_distAE_wd0.001_filterlen40_learndecoderFalse_schedulerTrue_windows0_dropout0.0_loralr0.0_preprocessorFalse_preencoderFalse_cutfillFalse_learnpredecoderFalse_learnloraFalse,7,single,10,1,7,0.1815472692251205,0.975,1.2995212078094482,0.5,1.6187968254089355,0.51
bs128_lr0.001_distAE_wd0.001_filterlen40_learndecoderFalse_schedulerTrue_windows0_dropout0.0_loralr0.0_preprocessorFalse_preencoderFalse_cutfillFalse_learnpredecoderFalse_learnloraFalse,7,single,11,1,7,0.2502847015857696,0.9483333333333334,1.2565966844558716,0.54,1.6541452407836914,0.5
bs128_lr0.001_distAE_wd0.001_filterlen40_learndecoderFalse_schedulerTrue_windows0_dropout0.0_loralr0.0_preprocessorFalse_preencoderFalse_cutfillFalse_learnpredecoderFalse_learnloraFalse,7,single,12,1,7,0.3975497186183929,0.9,1.2936978340148926,0.49,1.9253677129745483,0.38
bs128_lr0.001_distAE_wd0.001_filterlen40_learndecoderFalse_schedulerTrue_windows0_dropout0.0_loralr0.0_preprocessorFalse_preencoderFalse_cutfillFalse_learnpredecoderFalse_learnloraFalse,7,single,13,1,7,0.3747292757034302,0.9216666666666666,1.4269746541976929,0.46,1.584384799003601,0.46
bs128_lr0.001_distAE_wd0.001_filterlen40_learndecoderFalse_schedulerTrue_windows0_dropout0.0_loralr0.0_preprocessorFalse_preencoderFalse_cutfillFalse_learnpredecoderFalse_learnloraFalse,7,single,14,1,7,0.2715473175048828,0.95,1.283972144126892,0.49,1.6991982460021973,0.45
bs128_lr0.001_distAE_wd0.001_filterlen40_learndecoderFalse_schedulerTrue_windows0_dropout0.0_loralr0.0_preprocessorFalse_preencoderFalse_cutfillFalse_learnpredecoderFalse_learnloraFalse,7,pooled,10,1,7,0.1815472692251205,0.975,1.2995212078094482,0.5,1.6187968254089355,0.51
bs128_lr0.001_distAE_wd0.001_filterlen40_learndecoderFalse_schedulerTrue_windows0_dropout0.0_loralr0.0_preprocessorFalse_preencoderFalse_cutfillFalse_learnpredecoderFalse_learnloraFalse,7,pooled,11,1,7,0.2502847015857696,0.9483333333333334,1.2565966844558716,0.54,1.6541452407836914,0.5
bs128_lr0.001_distAE_wd0.001_filterlen40_learndecoderFalse_schedulerTrue_windows0_dropout0.0_loralr0.0_preprocessorFalse_preencoderFalse_cutfillFalse_learnpredecoderFalse_learnloraFalse,7,pooled,12,1,7,0.3975497186183929,0.9,1.2936978340148926,0.49,1.9253677129745483,0.38
bs128_lr0.001_distAE_wd0.001_filterlen40_learndecoderFalse_schedulerTrue_windows0_dropout0.0_loralr0.0_preprocessorFalse_preencoderFalse_cutfillFalse_learnpredecoderFalse_learnloraFalse,7,pooled,13,1,7,0.3747292757034302,0.9216666666666666,1.4269746541976929,0.46,1.584384799003601,0.46
bs128_lr0.001_distAE_wd0.001_filterlen40_learndecoderFalse_schedulerTrue_windows0_dropout0.0_loralr0.0_preprocessorFalse_preencoderFalse_cutfillFalse_learnpredecoderFalse_learnloraFalse,7,pooled,14,1,7,0.2715473175048828,0.95,1.283972144126892,0.49,1.6991982460021973,0.45
bs128_lr0.001_distAE_wd0.001_filterlen40_learndecoderFalse_schedulerTrue_windows0_dropout0.0_loralr0.0_preprocessorFalse_preencoderFalse_cutfillFalse_learnpredecoderFalse_learnloraFalse,8,single,10,1,8,1.7030773162841797,0.16,1.6138132810592651,0.16,1.6135070323944092,0.16
bs128_lr0.001_distAE_wd0.001_filterlen40_learndecoderFalse_schedulerTrue_windows0_dropout0.0_loralr0.0_preprocessorFalse_preencoderFalse_cutfillFalse_learnpredecoderFalse_learnloraFalse,8,single,11,1,8,1.5245991945266724,0.3033333333333333,1.6075832843780518,0.18,1.6076321601867676,0.21
bs128_lr0.001_distAE_wd0.001_filterlen40_learndecoderFalse_schedulerTrue_windows0_dropout0.0_loralr0.0_preprocessorFalse_preencoderFalse_cutfillFalse_learnpredecoderFalse_learnloraFalse,8,single,12,1,8,1.6070727109909058,0.2033333333333333,1.6101843118667605,0.2,1.6102533340454102,0.2
bs128_lr0.001_distAE_wd0.001_filterlen40_learndecoderFalse_schedulerTrue_windows0_dropout0.0_loralr0.0_preprocessorFalse_preencoderFalse_cutfillFalse_learnpredecoderFalse_learnloraFalse,8,single,13,1,8,1.6090843677520752,0.2166666666666666,1.6093053817749023,0.2,1.6096354722976685,0.2
bs128_lr0.001_distAE_wd0.001_filterlen40_learndecoderFalse_schedulerTrue_windows0_dropout0.0_loralr0.0_preprocessorFalse_preencoderFalse_cutfillFalse_learnpredecoderFalse_learnloraFalse,8,single,14,1,8,1.5093517303466797,0.37,1.5997941493988037,0.2,1.6011477708816528,0.24
bs128_lr0.001_distAE_wd0.001_filterlen40_learndecoderFalse_schedulerTrue_windows0_dropout0.0_loralr0.0_preprocessorFalse_preencoderFalse_cutfillFalse_learnpredecoderFalse_learnloraFalse,8,pooled,10,4,8_11_10_3,1.6807575225830078,0.27625,1.5780999660491943,0.25,1.5924136638641355,0.25
bs128_lr0.001_distAE_wd0.001_filterlen40_learndecoderFalse_schedulerTrue_windows0_dropout0.0_loralr0.0_preprocessorFalse_preencoderFalse_cutfillFalse_learnpredecoderFalse_learnloraFalse,8,pooled,11,4,8_11_10_3,1.5691757202148438,0.2545833333333333,1.605128049850464,0.25,1.5986882448196411,0.24
bs128_lr0.001_distAE_wd0.001_filterlen40_learndecoderFalse_schedulerTrue_windows0_dropout0.0_loralr0.0_preprocessorFalse_preencoderFalse_cutfillFalse_learnpredecoderFalse_learnloraFalse,8,pooled,12,4,8_11_10_3,1.562146544456482,0.3195833333333333,1.6067538261413574,0.21,1.6172189712524414,0.21
bs128_lr0.001_distAE_wd0.001_filterlen40_learndecoderFalse_schedulerTrue_windows0_dropout0.0_loralr0.0_preprocessorFalse_preencoderFalse_cutfillFalse_learnpredecoderFalse_learnloraFalse,8,pooled,13,4,8_11_10_3,1.5854471921920776,0.33625,1.6018729209899902,0.23,1.623751521110535,0.21
bs128_lr0.001_distAE_wd0.001_filterlen40_learndecoderFalse_schedulerTrue_windows0_dropout0.0_loralr0.0_preprocessorFalse_preencoderFalse_cutfillFalse_learnpredecoderFalse_learnloraFalse,8,pooled,14,4,8_11_10_3,1.533685326576233,0.3,1.597559928894043,0.17,1.5917621850967407,0.25
bs128_lr0.001_distAE_wd0.001_filterlen40_learndecoderFalse_schedulerTrue_windows0_dropout0.0_loralr0.0_preprocessorFalse_preencoderFalse_cutfillFalse_learnpredecoderFalse_learnloraFalse,9,single,10,1,9,0.0429982505738735,0.9916666666666668,0.3676955103874206,0.84,0.9011189341545104,0.68
bs128_lr0.001_distAE_wd0.001_filterlen40_learndecoderFalse_schedulerTrue_windows0_dropout0.0_loralr0.0_preprocessorFalse_preencoderFalse_cutfillFalse_learnpredecoderFalse_learnloraFalse,9,single,11,1,9,0.1214650198817253,0.99,0.3053641617298126,0.9,1.2378098964691162,0.58
bs128_lr0.001_distAE_wd0.001_filterlen40_learndecoderFalse_schedulerTrue_windows0_dropout0.0_loralr0.0_preprocessorFalse_preencoderFalse_cutfillFalse_learnpredecoderFalse_learnloraFalse,9,single,12,1,9,0.0213549025356769,0.995,0.3644641041755676,0.88,0.9415680170059204,0.66
bs128_lr0.001_distAE_wd0.001_filterlen40_learndecoderFalse_schedulerTrue_windows0_dropout0.0_loralr0.0_preprocessorFalse_preencoderFalse_cutfillFalse_learnpredecoderFalse_learnloraFalse,9,single,13,1,9,0.1120089963078498,0.9883333333333332,0.3171952366828918,0.92,0.8807365298271179,0.67
bs128_lr0.001_distAE_wd0.001_filterlen40_learndecoderFalse_schedulerTrue_windows0_dropout0.0_loralr0.0_preprocessorFalse_preencoderFalse_cutfillFalse_learnpredecoderFalse_learnloraFalse,9,single,14,1,9,0.2185198366641998,0.97,0.3527076840400696,0.88,0.7195112109184265,0.74
bs128_lr0.001_distAE_wd0.001_filterlen40_learndecoderFalse_schedulerTrue_windows0_dropout0.0_loralr0.0_preprocessorFalse_preencoderFalse_cutfillFalse_learnpredecoderFalse_learnloraFalse,9,pooled,10,3,9_4_5,0.9897080659866332,0.6794444444444444,0.1630109250545501,0.95,0.69646155834198,0.78
bs128_lr0.001_distAE_wd0.001_filterlen40_learndecoderFalse_schedulerTrue_windows0_dropout0.0_loralr0.0_preprocessorFalse_preencoderFalse_cutfillFalse_learnpredecoderFalse_learnloraFalse,9,pooled,11,3,9_4_5,1.6086978912353516,0.6738888888888889,0.2318068146705627,0.92,0.8618065118789673,0.71
bs128_lr0.001_distAE_wd0.001_filterlen40_learndecoderFalse_schedulerTrue_windows0_dropout0.0_loralr0.0_preprocessorFalse_preencoderFalse_cutfillFalse_learnpredecoderFalse_learnloraFalse,9,pooled,12,3,9_4_5,0.595546543598175,0.8511111111111112,0.2630282640457153,0.88,1.343357801437378,0.7
bs128_lr0.001_distAE_wd0.001_filterlen40_learndecoderFalse_schedulerTrue_windows0_dropout0.0_loralr0.0_preprocessorFalse_preencoderFalse_cutfillFalse_learnpredecoderFalse_learnloraFalse,9,pooled,13,3,9_4_5,0.7410602569580078,0.7933333333333333,0.2211048454046249,0.94,0.863472580909729,0.71
bs128_lr0.001_distAE_wd0.001_filterlen40_learndecoderFalse_schedulerTrue_windows0_dropout0.0_loralr0.0_preprocessorFalse_preencoderFalse_cutfillFalse_learnpredecoderFalse_learnloraFalse,9,pooled,14,3,9_4_5,0.8145440816879272,0.8761111111111111,0.2563015222549438,0.91,1.708242654800415,0.62
bs128_lr0.001_distAE_wd0.001_filterlen40_learndecoderFalse_schedulerTrue_windows0_dropout0.0_loralr0.0_preprocessorFalse_preencoderFalse_cutfillFalse_learnpredecoderFalse_learnloraFalse,10,single,10,1,10,0.2480154186487198,0.965,1.3878169059753418,0.49,1.423814296722412,0.52
bs128_lr0.001_distAE_wd0.001_filterlen40_learndecoderFalse_schedulerTrue_windows0_dropout0.0_loralr0.0_preprocessorFalse_preencoderFalse_cutfillFalse_learnpredecoderFalse_learnloraFalse,10,single,11,1,10,0.6660826206207275,0.8466666666666667,1.4813446998596191,0.42,1.397455096244812,0.46
bs128_lr0.001_distAE_wd0.001_filterlen40_learndecoderFalse_schedulerTrue_windows0_dropout0.0_loralr0.0_preprocessorFalse_preencoderFalse_cutfillFalse_learnpredecoderFalse_learnloraFalse,10,single,12,1,10,0.326473593711853,0.905,1.3712682723999023,0.44,1.498715877532959,0.41
bs128_lr0.001_distAE_wd0.001_filterlen40_learndecoderFalse_schedulerTrue_windows0_dropout0.0_loralr0.0_preprocessorFalse_preencoderFalse_cutfillFalse_learnpredecoderFalse_learnloraFalse,10,single,13,1,10,0.3846044242382049,0.8766666666666667,1.541788935661316,0.43,1.5463037490844729,0.37
bs128_lr0.001_distAE_wd0.001_filterlen40_learndecoderFalse_schedulerTrue_windows0_dropout0.0_loralr0.0_preprocessorFalse_preencoderFalse_cutfillFalse_learnpredecoderFalse_learnloraFalse,10,single,14,1,10,0.2867895662784576,0.9533333333333334,1.454806566238403,0.44,1.5994255542755127,0.4
bs128_lr0.001_distAE_wd0.001_filterlen40_learndecoderFalse_schedulerTrue_windows0_dropout0.0_loralr0.0_preprocessorFalse_preencoderFalse_cutfillFalse_learnpredecoderFalse_learnloraFalse,10,pooled,10,3,10_4_3,1.776559829711914,0.6061111111111112,1.1437486410140991,0.54,1.1705055236816406,0.54
bs128_lr0.001_distAE_wd0.001_filterlen40_learndecoderFalse_schedulerTrue_windows0_dropout0.0_loralr0.0_preprocessorFalse_preencoderFalse_cutfillFalse_learnpredecoderFalse_learnloraFalse,10,pooled,11,3,10_4_3,1.1162338256835938,0.7455555555555555,1.1907092332839966,0.53,1.193111777305603,0.48
bs128_lr0.001_distAE_wd0.001_filterlen40_learndecoderFalse_schedulerTrue_windows0_dropout0.0_loralr0.0_preprocessorFalse_preencoderFalse_cutfillFalse_learnpredecoderFalse_learnloraFalse,10,pooled,12,3,10_4_3,1.4758780002593994,0.5405555555555556,1.1977951526641846,0.51,1.189579725265503,0.55
bs128_lr0.001_distAE_wd0.001_filterlen40_learndecoderFalse_schedulerTrue_windows0_dropout0.0_loralr0.0_preprocessorFalse_preencoderFalse_cutfillFalse_learnpredecoderFalse_learnloraFalse,10,pooled,13,3,10_4_3,0.660821795463562,0.885,1.291489601135254,0.5,1.1609307527542114,0.54
bs128_lr0.001_distAE_wd0.001_filterlen40_learndecoderFalse_schedulerTrue_windows0_dropout0.0_loralr0.0_preprocessorFalse_preencoderFalse_cutfillFalse_learnpredecoderFalse_learnloraFalse,10,pooled,14,3,10_4_3,0.4518570899963379,0.8194444444444444,1.19113028049469,0.53,1.1313157081604004,0.57
bs128_lr0.001_distAE_wd0.001_filterlen40_learndecoderFalse_schedulerTrue_windows0_dropout0.0_loralr0.0_preprocessorFalse_preencoderFalse_cutfillFalse_learnpredecoderFalse_learnloraFalse,11,single,10,1,11,0.0268076937645673,0.9933333333333332,1.2138874530792236,0.6,0.9825742840766908,0.64
bs128_lr0.001_distAE_wd0.001_filterlen40_learndecoderFalse_schedulerTrue_windows0_dropout0.0_loralr0.0_preprocessorFalse_preencoderFalse_cutfillFalse_learnpredecoderFalse_learnloraFalse,11,single,11,1,11,0.0592318214476108,0.9983333333333332,0.9765222072601318,0.68,1.0596238374710083,0.6
bs128_lr0.001_distAE_wd0.001_filterlen40_learndecoderFalse_schedulerTrue_windows0_dropout0.0_loralr0.0_preprocessorFalse_preencoderFalse_cutfillFalse_learnpredecoderFalse_learnloraFalse,11,single,12,1,11,0.0341541804373264,0.9983333333333332,1.071414589881897,0.62,0.9643712043762208,0.66
bs128_lr0.001_distAE_wd0.001_filterlen40_learndecoderFalse_schedulerTrue_windows0_dropout0.0_loralr0.0_preprocessorFalse_preencoderFalse_cutfillFalse_learnpredecoderFalse_learnloraFalse,11,single,13,1,11,0.2982641160488128,0.93,1.2007731199264526,0.54,1.0821762084960938,0.57
bs128_lr0.001_distAE_wd0.001_filterlen40_learndecoderFalse_schedulerTrue_windows0_dropout0.0_loralr0.0_preprocessorFalse_preencoderFalse_cutfillFalse_learnpredecoderFalse_learnloraFalse,11,single,14,1,11,0.0642381906509399,0.99,1.0541579723358154,0.65,0.940224826335907,0.66
bs128_lr0.001_distAE_wd0.001_filterlen40_learndecoderFalse_schedulerTrue_windows0_dropout0.0_loralr0.0_preprocessorFalse_preencoderFalse_cutfillFalse_learnpredecoderFalse_learnloraFalse,11,pooled,10,3,11_5_4,1.0215301513671875,0.6488888888888888,0.9586219191551208,0.71,0.720410943031311,0.72
bs128_lr0.001_distAE_wd0.001_filterlen40_learndecoderFalse_schedulerTrue_windows0_dropout0.0_loralr0.0_preprocessorFalse_preencoderFalse_cutfillFalse_learnpredecoderFalse_learnloraFalse,11,pooled,11,3,11_5_4,1.2503756284713743,0.6833333333333333,0.9761995673179626,0.63,0.745988667011261,0.76
bs128_lr0.001_distAE_wd0.001_filterlen40_learndecoderFalse_schedulerTrue_windows0_dropout0.0_loralr0.0_preprocessorFalse_preencoderFalse_cutfillFalse_learnpredecoderFalse_learnloraFalse,11,pooled,12,3,11_5_4,1.3117765188217163,0.865,0.822781503200531,0.69,0.7289520502090454,0.71
bs128_lr0.001_distAE_wd0.001_filterlen40_learndecoderFalse_schedulerTrue_windows0_dropout0.0_loralr0.0_preprocessorFalse_preencoderFalse_cutfillFalse_learnpredecoderFalse_learnloraFalse,11,pooled,13,3,11_5_4,0.692341148853302,0.76,0.8391258120536804,0.65,0.5848218202590942,0.81
bs128_lr0.001_distAE_wd0.001_filterlen40_learndecoderFalse_schedulerTrue_windows0_dropout0.0_loralr0.0_preprocessorFalse_preencoderFalse_cutfillFalse_learnpredecoderFalse_learnloraFalse,11,pooled,14,3,11_5_4,0.4955430328845978,0.835,0.89424729347229,0.67,0.6064896583557129,0.77
bs128_lr0.001_distCOV_wd0.01_filterlen40_learndecoderFalse_schedulerTrue_windows0_dropout0.0_loralr0.0_preprocessorFalse_preencoderFalse_cutfillFalse_learnpredecoderFalse_learnloraFalse,1,single,10,1,1,0.7840709686279297,0.7216666666666667,1.1539599895477295,0.54,1.4286704063415527,0.54
bs128_lr0.001_distCOV_wd0.01_filterlen40_learndecoderFalse_schedulerTrue_windows0_dropout0.0_loralr0.0_preprocessorFalse_preencoderFalse_cutfillFalse_learnpredecoderFalse_learnloraFalse,1,single,11,1,1,0.6662310361862183,0.7816666666666666,1.195518136024475,0.53,1.1676630973815918,0.51
bs128_lr0.001_distCOV_wd0.01_filterlen40_learndecoderFalse_schedulerTrue_windows0_dropout0.0_loralr0.0_preprocessorFalse_preencoderFalse_cutfillFalse_learnpredecoderFalse_learnloraFalse,1,single,12,1,1,0.4157785475254059,0.92,1.0975416898727417,0.62,1.0341109037399292,0.63
bs128_lr0.001_distCOV_wd0.01_filterlen40_learndecoderFalse_schedulerTrue_windows0_dropout0.0_loralr0.0_preprocessorFalse_preencoderFalse_cutfillFalse_learnpredecoderFalse_learnloraFalse,1,single,13,1,1,0.5240815877914429,0.9216666666666666,1.0720521211624146,0.63,1.077788233757019,0.62
bs128_lr0.001_distCOV_wd0.01_filterlen40_learndecoderFalse_schedulerTrue_windows0_dropout0.0_loralr0.0_preprocessorFalse_preencoderFalse_cutfillFalse_learnpredecoderFalse_learnloraFalse,1,single,14,1,1,0.1695064604282379,0.97,0.9819229245185852,0.63,1.0898878574371338,0.64
bs128_lr0.001_distCOV_wd0.01_filterlen40_learndecoderFalse_schedulerTrue_windows0_dropout0.0_loralr0.0_preprocessorFalse_preencoderFalse_cutfillFalse_learnpredecoderFalse_learnloraFalse,1,pooled,10,3,1_7_10,1.264149188995361,0.8316666666666667,0.7264145612716675,0.76,0.6974461078643799,0.74
bs128_lr0.001_distCOV_wd0.01_filterlen40_learndecoderFalse_schedulerTrue_windows0_dropout0.0_loralr0.0_preprocessorFalse_preencoderFalse_cutfillFalse_learnpredecoderFalse_learnloraFalse,1,pooled,11,3,1_7_10,0.1123537719249725,0.7505555555555555,0.6769842505455017,0.72,0.7589501738548279,0.77
bs128_lr0.001_distCOV_wd0.01_filterlen40_learndecoderFalse_schedulerTrue_windows0_dropout0.0_loralr0.0_preprocessorFalse_preencoderFalse_cutfillFalse_learnpredecoderFalse_learnloraFalse,1,pooled,12,3,1_7_10,0.3227524757385254,0.7777777777777778,0.6896337270736694,0.75,0.5917672514915466,0.79
bs128_lr0.001_distCOV_wd0.01_filterlen40_learndecoderFalse_schedulerTrue_windows0_dropout0.0_loralr0.0_preprocessorFalse_preencoderFalse_cutfillFalse_learnpredecoderFalse_learnloraFalse,1,pooled,13,3,1_7_10,0.7024478912353516,0.7944444444444444,0.6818076968193054,0.72,0.6677736043930054,0.75
bs128_lr0.001_distCOV_wd0.01_filterlen40_learndecoderFalse_schedulerTrue_windows0_dropout0.0_loralr0.0_preprocessorFalse_preencoderFalse_cutfillFalse_learnpredecoderFalse_learnloraFalse,1,pooled,14,3,1_7_10,1.0081970691680908,0.7133333333333334,0.6834142804145813,0.74,0.5936571955680847,0.76
bs128_lr0.001_distCOV_wd0.01_filterlen40_learndecoderFalse_schedulerTrue_windows0_dropout0.0_loralr0.0_preprocessorFalse_preencoderFalse_cutfillFalse_learnpredecoderFalse_learnloraFalse,2,single,10,1,2,0.0450557209551334,0.9816666666666668,0.6816479563713074,0.79,0.7935430407524109,0.78
bs128_lr0.001_distCOV_wd0.01_filterlen40_learndecoderFalse_schedulerTrue_windows0_dropout0.0_loralr0.0_preprocessorFalse_preencoderFalse_cutfillFalse_learnpredecoderFalse_learnloraFalse,2,single,11,1,2,0.1281049102544784,0.9716666666666668,0.8757180571556091,0.69,0.8073463439941406,0.71
bs128_lr0.001_distCOV_wd0.01_filterlen40_learndecoderFalse_schedulerTrue_windows0_dropout0.0_loralr0.0_preprocessorFalse_preencoderFalse_cutfillFalse_learnpredecoderFalse_learnloraFalse,2,single,12,1,2,0.0830280035734176,0.9866666666666668,0.8977775573730469,0.67,1.1415339708328247,0.65
bs128_lr0.001_distCOV_wd0.01_filterlen40_learndecoderFalse_schedulerTrue_windows0_dropout0.0_loralr0.0_preprocessorFalse_preencoderFalse_cutfillFalse_learnpredecoderFalse_learnloraFalse,2,single,13,1,2,0.0800358057022094,0.98,0.8081796169281006,0.69,0.6909642219543457,0.77
bs128_lr0.001_distCOV_wd0.01_filterlen40_learndecoderFalse_schedulerTrue_windows0_dropout0.0_loralr0.0_preprocessorFalse_preencoderFalse_cutfillFalse_learnpredecoderFalse_learnloraFalse,2,single,14,1,2,0.108889915049076,0.9866666666666668,0.6464483141899109,0.74,0.9853543639183044,0.8
bs128_lr0.001_distCOV_wd0.01_filterlen40_learndecoderFalse_schedulerTrue_windows0_dropout0.0_loralr0.0_preprocessorFalse_preencoderFalse_cutfillFalse_learnpredecoderFalse_learnloraFalse,2,pooled,10,2,2_7,0.1393103599548339,0.9758333333333332,0.6500918865203857,0.75,0.473653495311737,0.84
bs128_lr0.001_distCOV_wd0.01_filterlen40_learndecoderFalse_schedulerTrue_windows0_dropout0.0_loralr0.0_preprocessorFalse_preencoderFalse_cutfillFalse_learnpredecoderFalse_learnloraFalse,2,pooled,11,2,2_7,0.2698090672492981,0.935,0.7790399193763733,0.66,1.029622197151184,0.77
bs128_lr0.001_distCOV_wd0.01_filterlen40_learndecoderFalse_schedulerTrue_windows0_dropout0.0_loralr0.0_preprocessorFalse_preencoderFalse_cutfillFalse_learnpredecoderFalse_learnloraFalse,2,pooled,12,2,2_7,0.198474034667015,0.96,0.7966330051422119,0.69,0.537128746509552,0.8
bs128_lr0.001_distCOV_wd0.01_filterlen40_learndecoderFalse_schedulerTrue_windows0_dropout0.0_loralr0.0_preprocessorFalse_preencoderFalse_cutfillFalse_learnpredecoderFalse_learnloraFalse,2,pooled,13,2,2_7,0.2119666039943695,0.9683333333333334,0.8127811551094055,0.75,0.6164336204528809,0.77
bs128_lr0.001_distCOV_wd0.01_filterlen40_learndecoderFalse_schedulerTrue_windows0_dropout0.0_loralr0.0_preprocessorFalse_preencoderFalse_cutfillFalse_learnpredecoderFalse_learnloraFalse,2,pooled,14,2,2_7,0.2152704298496246,0.9541666666666668,0.9310017228126526,0.63,0.6532644629478455,0.74
bs128_lr0.001_distCOV_wd0.01_filterlen40_learndecoderFalse_schedulerTrue_windows0_dropout0.0_loralr0.0_preprocessorFalse_preencoderFalse_cutfillFalse_learnpredecoderFalse_learnloraFalse,3,single,10,1,3,0.8082590699195862,0.7716666666666666,1.4991044998168943,0.43,1.475823998451233,0.43
bs128_lr0.001_distCOV_wd0.01_filterlen40_learndecoderFalse_schedulerTrue_windows0_dropout0.0_loralr0.0_preprocessorFalse_preencoderFalse_cutfillFalse_learnpredecoderFalse_learnloraFalse,3,single,11,1,3,1.0909905433654783,0.5816666666666667,1.5034304857254028,0.32,1.533803105354309,0.29
bs128_lr0.001_distCOV_wd0.01_filterlen40_learndecoderFalse_schedulerTrue_windows0_dropout0.0_loralr0.0_preprocessorFalse_preencoderFalse_cutfillFalse_learnpredecoderFalse_learnloraFalse,3,single,12,1,3,1.634705662727356,0.2,1.6141839027404783,0.2,1.6133334636688232,0.2
bs128_lr0.001_distCOV_wd0.01_filterlen40_learndecoderFalse_schedulerTrue_windows0_dropout0.0_loralr0.0_preprocessorFalse_preencoderFalse_cutfillFalse_learnpredecoderFalse_learnloraFalse,3,single,13,1,3,0.2207173407077789,0.9433333333333334,1.4993460178375244,0.36,1.477366328239441,0.4
bs128_lr0.001_distCOV_wd0.01_filterlen40_learndecoderFalse_schedulerTrue_windows0_dropout0.0_loralr0.0_preprocessorFalse_preencoderFalse_cutfillFalse_learnpredecoderFalse_learnloraFalse,3,single,14,1,3,0.9546121954917908,0.7483333333333333,1.5916790962219238,0.35,1.4976027011871338,0.37
bs128_lr0.001_distCOV_wd0.01_filterlen40_learndecoderFalse_schedulerTrue_windows0_dropout0.0_loralr0.0_preprocessorFalse_preencoderFalse_cutfillFalse_learnpredecoderFalse_learnloraFalse,3,pooled,10,3,3_9_5,1.0444321632385254,0.6238888888888889,1.2835869789123535,0.47,1.1758776903152466,0.51
bs128_lr0.001_distCOV_wd0.01_filterlen40_learndecoderFalse_schedulerTrue_windows0_dropout0.0_loralr0.0_preprocessorFalse_preencoderFalse_cutfillFalse_learnpredecoderFalse_learnloraFalse,3,pooled,11,3,3_9_5,1.9549658298492432,0.7322222222222222,1.1862454414367676,0.52,1.2472693920135498,0.47
bs128_lr0.001_distCOV_wd0.01_filterlen40_learndecoderFalse_schedulerTrue_windows0_dropout0.0_loralr0.0_preprocessorFalse_preencoderFalse_cutfillFalse_learnpredecoderFalse_learnloraFalse,3,pooled,12,3,3_9_5,0.5286192297935486,0.7083333333333334,1.1987448930740356,0.53,1.3027770519256592,0.41
bs128_lr0.001_distCOV_wd0.01_filterlen40_learndecoderFalse_schedulerTrue_windows0_dropout0.0_loralr0.0_preprocessorFalse_preencoderFalse_cutfillFalse_learnpredecoderFalse_learnloraFalse,3,pooled,13,3,3_9_5,0.7762317657470703,0.7016666666666667,1.2536159753799438,0.49,1.20488178730011,0.53
bs128_lr0.001_distCOV_wd0.01_filterlen40_learndecoderFalse_schedulerTrue_windows0_dropout0.0_loralr0.0_preprocessorFalse_preencoderFalse_cutfillFalse_learnpredecoderFalse_learnloraFalse,3,pooled,14,3,3_9_5,0.4606975317001343,0.6544444444444445,1.311146855354309,0.51,1.2661645412445068,0.47
bs128_lr0.001_distCOV_wd0.01_filterlen40_learndecoderFalse_schedulerTrue_windows0_dropout0.0_loralr0.0_preprocessorFalse_preencoderFalse_cutfillFalse_learnpredecoderFalse_learnloraFalse,4,single,10,1,4,1.3900729417800903,0.4316666666666666,1.597637176513672,0.2,1.6226239204406738,0.16
bs128_lr0.001_distCOV_wd0.01_filterlen40_learndecoderFalse_schedulerTrue_windows0_dropout0.0_loralr0.0_preprocessorFalse_preencoderFalse_cutfillFalse_learnpredecoderFalse_learnloraFalse,4,single,11,1,4,1.3545135259628296,0.4666666666666667,1.6002880334854126,0.2,1.62297785282135,0.22
bs128_lr0.001_distCOV_wd0.01_filterlen40_learndecoderFalse_schedulerTrue_windows0_dropout0.0_loralr0.0_preprocessorFalse_preencoderFalse_cutfillFalse_learnpredecoderFalse_learnloraFalse,4,single,12,1,4,1.4013774394989014,0.4816666666666667,1.6019036769866943,0.2,1.633262038230896,0.24
bs128_lr0.001_distCOV_wd0.01_filterlen40_learndecoderFalse_schedulerTrue_windows0_dropout0.0_loralr0.0_preprocessorFalse_preencoderFalse_cutfillFalse_learnpredecoderFalse_learnloraFalse,4,single,13,1,4,1.6522133350372314,0.1966666666666666,1.6050933599472046,0.2,1.6056532859802246,0.2
bs128_lr0.001_distCOV_wd0.01_filterlen40_learndecoderFalse_schedulerTrue_windows0_dropout0.0_loralr0.0_preprocessorFalse_preencoderFalse_cutfillFalse_learnpredecoderFalse_learnloraFalse,4,single,14,1,4,1.653470158576965,0.2,1.6148029565811155,0.22,1.6146541833877563,0.22
bs128_lr0.001_distCOV_wd0.01_filterlen40_learndecoderFalse_schedulerTrue_windows0_dropout0.0_loralr0.0_preprocessorFalse_preencoderFalse_cutfillFalse_learnpredecoderFalse_learnloraFalse,4,pooled,10,1,4,1.3900729417800903,0.4316666666666666,1.597637176513672,0.2,1.6226239204406738,0.16
bs128_lr0.001_distCOV_wd0.01_filterlen40_learndecoderFalse_schedulerTrue_windows0_dropout0.0_loralr0.0_preprocessorFalse_preencoderFalse_cutfillFalse_learnpredecoderFalse_learnloraFalse,4,pooled,11,1,4,1.3545135259628296,0.4666666666666667,1.6002880334854126,0.2,1.62297785282135,0.22
bs128_lr0.001_distCOV_wd0.01_filterlen40_learndecoderFalse_schedulerTrue_windows0_dropout0.0_loralr0.0_preprocessorFalse_preencoderFalse_cutfillFalse_learnpredecoderFalse_learnloraFalse,4,pooled,12,1,4,1.4013774394989014,0.4816666666666667,1.6019036769866943,0.2,1.633262038230896,0.24
bs128_lr0.001_distCOV_wd0.01_filterlen40_learndecoderFalse_schedulerTrue_windows0_dropout0.0_loralr0.0_preprocessorFalse_preencoderFalse_cutfillFalse_learnpredecoderFalse_learnloraFalse,4,pooled,13,1,4,1.6522133350372314,0.1966666666666666,1.6050933599472046,0.2,1.6056532859802246,0.2
bs128_lr0.001_distCOV_wd0.01_filterlen40_learndecoderFalse_schedulerTrue_windows0_dropout0.0_loralr0.0_preprocessorFalse_preencoderFalse_cutfillFalse_learnpredecoderFalse_learnloraFalse,4,pooled,14,1,4,1.653470158576965,0.2,1.6148029565811155,0.22,1.6146541833877563,0.22
bs128_lr0.001_distCOV_wd0.01_filterlen40_learndecoderFalse_schedulerTrue_windows0_dropout0.0_loralr0.0_preprocessorFalse_preencoderFalse_cutfillFalse_learnpredecoderFalse_learnloraFalse,5,single,10,1,5,1.634239912033081,0.2416666666666666,1.606242537498474,0.23,1.6061508655548096,0.23
bs128_lr0.001_distCOV_wd0.01_filterlen40_learndecoderFalse_schedulerTrue_windows0_dropout0.0_loralr0.0_preprocessorFalse_preencoderFalse_cutfillFalse_learnpredecoderFalse_learnloraFalse,5,single,11,1,5,1.620663046836853,0.1616666666666666,1.6118680238723757,0.23,1.6125576496124268,0.15
bs128_lr0.001_distCOV_wd0.01_filterlen40_learndecoderFalse_schedulerTrue_windows0_dropout0.0_loralr0.0_preprocessorFalse_preencoderFalse_cutfillFalse_learnpredecoderFalse_learnloraFalse,5,single,12,1,5,1.5367913246154783,0.2883333333333333,1.6108484268188477,0.22,1.613728165626526,0.22
bs128_lr0.001_distCOV_wd0.01_filterlen40_learndecoderFalse_schedulerTrue_windows0_dropout0.0_loralr0.0_preprocessorFalse_preencoderFalse_cutfillFalse_learnpredecoderFalse_learnloraFalse,5,single,13,1,5,1.608140230178833,0.255,1.6072475910186768,0.21,1.60795795917511,0.21
bs128_lr0.001_distCOV_wd0.01_filterlen40_learndecoderFalse_schedulerTrue_windows0_dropout0.0_loralr0.0_preprocessorFalse_preencoderFalse_cutfillFalse_learnpredecoderFalse_learnloraFalse,5,single,14,1,5,1.624305009841919,0.2833333333333333,1.6106626987457275,0.22,1.6112213134765625,0.18
bs128_lr0.001_distCOV_wd0.01_filterlen40_learndecoderFalse_schedulerTrue_windows0_dropout0.0_loralr0.0_preprocessorFalse_preencoderFalse_cutfillFalse_learnpredecoderFalse_learnloraFalse,5,pooled,10,3,5_9_6,0.2533677518367767,0.78,1.544236183166504,0.37,1.6277978420257568,0.36
bs128_lr0.001_distCOV_wd0.01_filterlen40_learndecoderFalse_schedulerTrue_windows0_dropout0.0_loralr0.0_preprocessorFalse_preencoderFalse_cutfillFalse_learnpredecoderFalse_learnloraFalse,5,pooled,11,3,5_9_6,0.521034836769104,0.7672222222222222,1.469449162483215,0.35,1.5882925987243652,0.3
bs128_lr0.001_distCOV_wd0.01_filterlen40_learndecoderFalse_schedulerTrue_windows0_dropout0.0_loralr0.0_preprocessorFalse_preencoderFalse_cutfillFalse_learnpredecoderFalse_learnloraFalse,5,pooled,12,3,5_9_6,0.1687692105770111,0.7983333333333333,1.4458212852478027,0.39,1.5469943284988403,0.37
bs128_lr0.001_distCOV_wd0.01_filterlen40_learndecoderFalse_schedulerTrue_windows0_dropout0.0_loralr0.0_preprocessorFalse_preencoderFalse_cutfillFalse_learnpredecoderFalse_learnloraFalse,5,pooled,13,3,5_9_6,0.4772889912128448,0.7861111111111111,1.3276286125183103,0.48,1.459298610687256,0.35
bs128_lr0.001_distCOV_wd0.01_filterlen40_learndecoderFalse_schedulerTrue_windows0_dropout0.0_loralr0.0_preprocessorFalse_preencoderFalse_cutfillFalse_learnpredecoderFalse_learnloraFalse,5,pooled,14,3,5_9_6,1.5437867641448977,0.5544444444444444,1.4942153692245483,0.37,1.600191354751587,0.24
bs128_lr0.001_distCOV_wd0.01_filterlen40_learndecoderFalse_schedulerTrue_windows0_dropout0.0_loralr0.0_preprocessorFalse_preencoderFalse_cutfillFalse_learnpredecoderFalse_learnloraFalse,6,single,10,1,6,0.0185280609875917,0.9983333333333332,1.1521899700164795,0.54,1.4213415384292605,0.48
bs128_lr0.001_distCOV_wd0.01_filterlen40_learndecoderFalse_schedulerTrue_windows0_dropout0.0_loralr0.0_preprocessorFalse_preencoderFalse_cutfillFalse_learnpredecoderFalse_learnloraFalse,6,single,11,1,6,0.0829555466771125,0.9933333333333332,1.0948989391326904,0.6,1.5552473068237305,0.48
bs128_lr0.001_distCOV_wd0.01_filterlen40_learndecoderFalse_schedulerTrue_windows0_dropout0.0_loralr0.0_preprocessorFalse_preencoderFalse_cutfillFalse_learnpredecoderFalse_learnloraFalse,6,single,12,1,6,0.0664420425891876,0.9916666666666668,1.0350438356399536,0.61,1.3253118991851809,0.45
bs128_lr0.001_distCOV_wd0.01_filterlen40_learndecoderFalse_schedulerTrue_windows0_dropout0.0_loralr0.0_preprocessorFalse_preencoderFalse_cutfillFalse_learnpredecoderFalse_learnloraFalse,6,single,13,1,6,0.1066615507006645,0.9783333333333334,1.1151520013809204,0.52,1.5942519903182983,0.48
bs128_lr0.001_distCOV_wd0.01_filterlen40_learndecoderFalse_schedulerTrue_windows0_dropout0.0_loralr0.0_preprocessorFalse_preencoderFalse_cutfillFalse_learnpredecoderFalse_learnloraFalse,6,single,14,1,6,0.1107358932495117,0.985,1.0237984657287598,0.67,1.230217456817627,0.52
bs128_lr0.001_distCOV_wd0.01_filterlen40_learndecoderFalse_schedulerTrue_windows0_dropout0.0_loralr0.0_preprocessorFalse_preencoderFalse_cutfillFalse_learnpredecoderFalse_learnloraFalse,6,pooled,10,7,6_10_3_11_1_7_2,0.1677302569150924,0.9688095238095238,0.605568528175354,0.72,0.876208484172821,0.62
bs128_lr0.001_distCOV_wd0.01_filterlen40_learndecoderFalse_schedulerTrue_windows0_dropout0.0_loralr0.0_preprocessorFalse_preencoderFalse_cutfillFalse_learnpredecoderFalse_learnloraFalse,6,pooled,11,7,6_10_3_11_1_7_2,0.3060794472694397,0.9311904761904762,0.5570456981658936,0.77,1.0707025527954102,0.58
bs128_lr0.001_distCOV_wd0.01_filterlen40_learndecoderFalse_schedulerTrue_windows0_dropout0.0_loralr0.0_preprocessorFalse_preencoderFalse_cutfillFalse_learnpredecoderFalse_learnloraFalse,6,pooled,12,7,6_10_3_11_1_7_2,0.1506430506706237,0.9466666666666668,0.640552282333374,0.78,0.9692251682281494,0.62
bs128_lr0.001_distCOV_wd0.01_filterlen40_learndecoderFalse_schedulerTrue_windows0_dropout0.0_loralr0.0_preprocessorFalse_preencoderFalse_cutfillFalse_learnpredecoderFalse_learnloraFalse,6,pooled,13,7,6_10_3_11_1_7_2,0.6828436255455017,0.7945238095238095,0.5304855108261108,0.81,0.8228580951690674,0.67
bs128_lr0.001_distCOV_wd0.01_filterlen40_learndecoderFalse_schedulerTrue_windows0_dropout0.0_loralr0.0_preprocessorFalse_preencoderFalse_cutfillFalse_learnpredecoderFalse_learnloraFalse,6,pooled,14,7,6_10_3_11_1_7_2,0.2465296387672424,0.9423809523809524,0.5440883636474609,0.81,0.8958849310874939,0.67
bs128_lr0.001_distCOV_wd0.01_filterlen40_learndecoderFalse_schedulerTrue_windows0_dropout0.0_loralr0.0_preprocessorFalse_preencoderFalse_cutfillFalse_learnpredecoderFalse_learnloraFalse,7,single,10,1,7,0.4078832864761352,0.9016666666666666,1.4381331205368042,0.41,1.6205673217773438,0.44
bs128_lr0.001_distCOV_wd0.01_filterlen40_learndecoderFalse_schedulerTrue_windows0_dropout0.0_loralr0.0_preprocessorFalse_preencoderFalse_cutfillFalse_learnpredecoderFalse_learnloraFalse,7,single,11,1,7,0.3276313543319702,0.935,1.3764153718948364,0.43,1.5812114477157593,0.47
bs128_lr0.001_distCOV_wd0.01_filterlen40_learndecoderFalse_schedulerTrue_windows0_dropout0.0_loralr0.0_preprocessorFalse_preencoderFalse_cutfillFalse_learnpredecoderFalse_learnloraFalse,7,single,12,1,7,0.176062673330307,0.9833333333333332,1.2936084270477295,0.48,1.6791876554489136,0.46
bs128_lr0.001_distCOV_wd0.01_filterlen40_learndecoderFalse_schedulerTrue_windows0_dropout0.0_loralr0.0_preprocessorFalse_preencoderFalse_cutfillFalse_learnpredecoderFalse_learnloraFalse,7,single,13,1,7,0.6860222816467285,0.85,1.434920310974121,0.43,1.5326035022735596,0.45
bs128_lr0.001_distCOV_wd0.01_filterlen40_learndecoderFalse_schedulerTrue_windows0_dropout0.0_loralr0.0_preprocessorFalse_preencoderFalse_cutfillFalse_learnpredecoderFalse_learnloraFalse,7,single,14,1,7,0.5974435806274414,0.8216666666666667,1.295141339302063,0.42,1.5941473245620728,0.39
bs128_lr0.001_distCOV_wd0.01_filterlen40_learndecoderFalse_schedulerTrue_windows0_dropout0.0_loralr0.0_preprocessorFalse_preencoderFalse_cutfillFalse_learnpredecoderFalse_learnloraFalse,7,pooled,10,3,7_11_1,1.665081024169922,0.8261111111111111,0.996035635471344,0.63,1.166736721992493,0.6
bs128_lr0.001_distCOV_wd0.01_filterlen40_learndecoderFalse_schedulerTrue_windows0_dropout0.0_loralr0.0_preprocessorFalse_preencoderFalse_cutfillFalse_learnpredecoderFalse_learnloraFalse,7,pooled,11,3,7_11_1,0.5335655212402344,0.865,1.0124675035476685,0.63,1.2865253686904907,0.51
bs128_lr0.001_distCOV_wd0.01_filterlen40_learndecoderFalse_schedulerTrue_windows0_dropout0.0_loralr0.0_preprocessorFalse_preencoderFalse_cutfillFalse_learnpredecoderFalse_learnloraFalse,7,pooled,12,3,7_11_1,0.2591847777366638,0.7922222222222223,1.0420122146606443,0.62,1.3823306560516355,0.5
bs128_lr0.001_distCOV_wd0.01_filterlen40_learndecoderFalse_schedulerTrue_windows0_dropout0.0_loralr0.0_preprocessorFalse_preencoderFalse_cutfillFalse_learnpredecoderFalse_learnloraFalse,7,pooled,13,3,7_11_1,1.3178153038024902,0.7372222222222222,0.9096491932868958,0.66,1.1845530271530151,0.52
bs128_lr0.001_distCOV_wd0.01_filterlen40_learndecoderFalse_schedulerTrue_windows0_dropout0.0_loralr0.0_preprocessorFalse_preencoderFalse_cutfillFalse_learnpredecoderFalse_learnloraFalse,7,pooled,14,3,7_11_1,0.3102060556411743,0.8155555555555556,0.9442999958992004,0.67,1.0909823179244995,0.54
bs128_lr0.001_distCOV_wd0.01_filterlen40_learndecoderFalse_schedulerTrue_windows0_dropout0.0_loralr0.0_preprocessorFalse_preencoderFalse_cutfillFalse_learnpredecoderFalse_learnloraFalse,8,single,10,1,8,1.4370448589324951,0.4416666666666666,1.59661865234375,0.27,1.6026382446289062,0.22
bs128_lr0.001_distCOV_wd0.01_filterlen40_learndecoderFalse_schedulerTrue_windows0_dropout0.0_loralr0.0_preprocessorFalse_preencoderFalse_cutfillFalse_learnpredecoderFalse_learnloraFalse,8,single,11,1,8,1.5701640844345093,0.2283333333333333,1.607467532157898,0.24,1.6072536706924438,0.24
bs128_lr0.001_distCOV_wd0.01_filterlen40_learndecoderFalse_schedulerTrue_windows0_dropout0.0_loralr0.0_preprocessorFalse_preencoderFalse_cutfillFalse_learnpredecoderFalse_learnloraFalse,8,single,12,1,8,1.4807045459747314,0.315,1.605912446975708,0.24,1.606294870376587,0.21
bs128_lr0.001_distCOV_wd0.01_filterlen40_learndecoderFalse_schedulerTrue_windows0_dropout0.0_loralr0.0_preprocessorFalse_preencoderFalse_cutfillFalse_learnpredecoderFalse_learnloraFalse,8,single,13,1,8,1.6393567323684692,0.1966666666666666,1.615136742591858,0.16,1.6154606342315674,0.16
bs128_lr0.001_distCOV_wd0.01_filterlen40_learndecoderFalse_schedulerTrue_windows0_dropout0.0_loralr0.0_preprocessorFalse_preencoderFalse_cutfillFalse_learnpredecoderFalse_learnloraFalse,8,single,14,1,8,1.414804220199585,0.435,1.6054368019104004,0.19,1.6145997047424316,0.24
bs128_lr0.001_distCOV_wd0.01_filterlen40_learndecoderFalse_schedulerTrue_windows0_dropout0.0_loralr0.0_preprocessorFalse_preencoderFalse_cutfillFalse_learnpredecoderFalse_learnloraFalse,8,pooled,10,1,8,1.4370448589324951,0.4416666666666666,1.59661865234375,0.27,1.6026382446289062,0.22
bs128_lr0.001_distCOV_wd0.01_filterlen40_learndecoderFalse_schedulerTrue_windows0_dropout0.0_loralr0.0_preprocessorFalse_preencoderFalse_cutfillFalse_learnpredecoderFalse_learnloraFalse,8,pooled,11,1,8,1.5701640844345093,0.2283333333333333,1.607467532157898,0.24,1.6072536706924438,0.24
bs128_lr0.001_distCOV_wd0.01_filterlen40_learndecoderFalse_schedulerTrue_windows0_dropout0.0_loralr0.0_preprocessorFalse_preencoderFalse_cutfillFalse_learnpredecoderFalse_learnloraFalse,8,pooled,12,1,8,1.4807045459747314,0.315,1.605912446975708,0.24,1.606294870376587,0.21
bs128_lr0.001_distCOV_wd0.01_filterlen40_learndecoderFalse_schedulerTrue_windows0_dropout0.0_loralr0.0_preprocessorFalse_preencoderFalse_cutfillFalse_learnpredecoderFalse_learnloraFalse,8,pooled,13,1,8,1.6393567323684692,0.1966666666666666,1.615136742591858,0.16,1.6154606342315674,0.16
bs128_lr0.001_distCOV_wd0.01_filterlen40_learndecoderFalse_schedulerTrue_windows0_dropout0.0_loralr0.0_preprocessorFalse_preencoderFalse_cutfillFalse_learnpredecoderFalse_learnloraFalse,8,pooled,14,1,8,1.414804220199585,0.435,1.6054368019104004,0.19,1.6145997047424316,0.24
bs128_lr0.001_distCOV_wd0.01_filterlen40_learndecoderFalse_schedulerTrue_windows0_dropout0.0_loralr0.0_preprocessorFalse_preencoderFalse_cutfillFalse_learnpredecoderFalse_learnloraFalse,9,single,10,1,9,0.2239367812871933,0.95,0.4119406044483185,0.86,0.9868173003196716,0.58
bs128_lr0.001_distCOV_wd0.01_filterlen40_learndecoderFalse_schedulerTrue_windows0_dropout0.0_loralr0.0_preprocessorFalse_preencoderFalse_cutfillFalse_learnpredecoderFalse_learnloraFalse,9,single,11,1,9,0.0506793595850467,0.995,0.3734016418457031,0.85,0.7933833599090576,0.73
bs128_lr0.001_distCOV_wd0.01_filterlen40_learndecoderFalse_schedulerTrue_windows0_dropout0.0_loralr0.0_preprocessorFalse_preencoderFalse_cutfillFalse_learnpredecoderFalse_learnloraFalse,9,single,12,1,9,0.0709879472851753,0.99,0.4604665338993072,0.8,0.7147672176361084,0.78
bs128_lr0.001_distCOV_wd0.01_filterlen40_learndecoderFalse_schedulerTrue_windows0_dropout0.0_loralr0.0_preprocessorFalse_preencoderFalse_cutfillFalse_learnpredecoderFalse_learnloraFalse,9,single,13,1,9,0.0740207359194755,0.9933333333333332,0.3714005351066589,0.86,0.885077714920044,0.66
bs128_lr0.001_distCOV_wd0.01_filterlen40_learndecoderFalse_schedulerTrue_windows0_dropout0.0_loralr0.0_preprocessorFalse_preencoderFalse_cutfillFalse_learnpredecoderFalse_learnloraFalse,9,single,14,1,9,0.2169414907693863,0.985,0.4180880486965179,0.9,0.8705822825431824,0.7
bs128_lr0.001_distCOV_wd0.01_filterlen40_learndecoderFalse_schedulerTrue_windows0_dropout0.0_loralr0.0_preprocessorFalse_preencoderFalse_cutfillFalse_learnpredecoderFalse_learnloraFalse,9,pooled,10,3,9_5_10,0.7670243978500366,0.7405555555555555,0.2381468266248703,0.93,0.5262033343315125,0.8
bs128_lr0.001_distCOV_wd0.01_filterlen40_learndecoderFalse_schedulerTrue_windows0_dropout0.0_loralr0.0_preprocessorFalse_preencoderFalse_cutfillFalse_learnpredecoderFalse_learnloraFalse,9,pooled,11,3,9_5_10,1.086456298828125,0.7,0.250243216753006,0.92,0.5487769246101379,0.81
bs128_lr0.001_distCOV_wd0.01_filterlen40_learndecoderFalse_schedulerTrue_windows0_dropout0.0_loralr0.0_preprocessorFalse_preencoderFalse_cutfillFalse_learnpredecoderFalse_learnloraFalse,9,pooled,12,3,9_5_10,1.185150384902954,0.6411111111111111,0.2390950322151184,0.94,0.6728474497795105,0.79
bs128_lr0.001_distCOV_wd0.01_filterlen40_learndecoderFalse_schedulerTrue_windows0_dropout0.0_loralr0.0_preprocessorFalse_preencoderFalse_cutfillFalse_learnpredecoderFalse_learnloraFalse,9,pooled,13,3,9_5_10,1.5587157011032104,0.6772222222222222,0.2195564806461334,0.93,0.5884896516799927,0.76
bs128_lr0.001_distCOV_wd0.01_filterlen40_learndecoderFalse_schedulerTrue_windows0_dropout0.0_loralr0.0_preprocessorFalse_preencoderFalse_cutfillFalse_learnpredecoderFalse_learnloraFalse,9,pooled,14,3,9_5_10,0.5821898579597473,0.7433333333333333,0.2212437391281128,0.91,0.7346208691596985,0.71
bs128_lr0.001_distCOV_wd0.01_filterlen40_learndecoderFalse_schedulerTrue_windows0_dropout0.0_loralr0.0_preprocessorFalse_preencoderFalse_cutfillFalse_learnpredecoderFalse_learnloraFalse,10,single,10,1,10,0.7448099255561829,0.7783333333333333,1.3436046838760376,0.45,1.4295353889465332,0.36
bs128_lr0.001_distCOV_wd0.01_filterlen40_learndecoderFalse_schedulerTrue_windows0_dropout0.0_loralr0.0_preprocessorFalse_preencoderFalse_cutfillFalse_learnpredecoderFalse_learnloraFalse,10,single,11,1,10,0.3764533996582031,0.925,1.3751243352890017,0.48,1.5150505304336548,0.37
bs128_lr0.001_distCOV_wd0.01_filterlen40_learndecoderFalse_schedulerTrue_windows0_dropout0.0_loralr0.0_preprocessorFalse_preencoderFalse_cutfillFalse_learnpredecoderFalse_learnloraFalse,10,single,12,1,10,0.9087056517601012,0.6516666666666666,1.3429312705993652,0.39,1.2809025049209597,0.47
bs128_lr0.001_distCOV_wd0.01_filterlen40_learndecoderFalse_schedulerTrue_windows0_dropout0.0_loralr0.0_preprocessorFalse_preencoderFalse_cutfillFalse_learnpredecoderFalse_learnloraFalse,10,single,13,1,10,0.8107466101646423,0.7916666666666666,1.2765040397644043,0.44,1.358156681060791,0.43
bs128_lr0.001_distCOV_wd0.01_filterlen40_learndecoderFalse_schedulerTrue_windows0_dropout0.0_loralr0.0_preprocessorFalse_preencoderFalse_cutfillFalse_learnpredecoderFalse_learnloraFalse,10,single,14,1,10,0.3168222308158874,0.9433333333333334,1.3237807750701904,0.53,1.326728343963623,0.48
bs128_lr0.001_distCOV_wd0.01_filterlen40_learndecoderFalse_schedulerTrue_windows0_dropout0.0_loralr0.0_preprocessorFalse_preencoderFalse_cutfillFalse_learnpredecoderFalse_learnloraFalse,10,pooled,10,1,10,0.7448099255561829,0.7783333333333333,1.3436046838760376,0.45,1.4295353889465332,0.36
bs128_lr0.001_distCOV_wd0.01_filterlen40_learndecoderFalse_schedulerTrue_windows0_dropout0.0_loralr0.0_preprocessorFalse_preencoderFalse_cutfillFalse_learnpredecoderFalse_learnloraFalse,10,pooled,11,1,10,0.3764533996582031,0.925,1.3751243352890017,0.48,1.5150505304336548,0.37
bs128_lr0.001_distCOV_wd0.01_filterlen40_learndecoderFalse_schedulerTrue_windows0_dropout0.0_loralr0.0_preprocessorFalse_preencoderFalse_cutfillFalse_learnpredecoderFalse_learnloraFalse,10,pooled,12,1,10,0.9087056517601012,0.6516666666666666,1.3429312705993652,0.39,1.2809025049209597,0.47
bs128_lr0.001_distCOV_wd0.01_filterlen40_learndecoderFalse_schedulerTrue_windows0_dropout0.0_loralr0.0_preprocessorFalse_preencoderFalse_cutfillFalse_learnpredecoderFalse_learnloraFalse,10,pooled,13,1,10,0.8107466101646423,0.7916666666666666,1.2765040397644043,0.44,1.358156681060791,0.43
bs128_lr0.001_distCOV_wd0.01_filterlen40_learndecoderFalse_schedulerTrue_windows0_dropout0.0_loralr0.0_preprocessorFalse_preencoderFalse_cutfillFalse_learnpredecoderFalse_learnloraFalse,10,pooled,14,1,10,0.3168222308158874,0.9433333333333334,1.3237807750701904,0.53,1.326728343963623,0.48
bs128_lr0.001_distCOV_wd0.01_filterlen40_learndecoderFalse_schedulerTrue_windows0_dropout0.0_loralr0.0_preprocessorFalse_preencoderFalse_cutfillFalse_learnpredecoderFalse_learnloraFalse,11,single,10,1,11,0.0234981011599302,1.0,1.0528091192245483,0.56,0.9803969860076904,0.59
bs128_lr0.001_distCOV_wd0.01_filterlen40_learndecoderFalse_schedulerTrue_windows0_dropout0.0_loralr0.0_preprocessorFalse_preencoderFalse_cutfillFalse_learnpredecoderFalse_learnloraFalse,11,single,11,1,11,0.1289784461259842,0.99,1.036959528923035,0.54,0.7530189752578735,0.72
bs128_lr0.001_distCOV_wd0.01_filterlen40_learndecoderFalse_schedulerTrue_windows0_dropout0.0_loralr0.0_preprocessorFalse_preencoderFalse_cutfillFalse_learnpredecoderFalse_learnloraFalse,11,single,12,1,11,0.1616172194480896,0.975,1.0473636388778689,0.6,0.9749320149421692,0.61
bs128_lr0.001_distCOV_wd0.01_filterlen40_learndecoderFalse_schedulerTrue_windows0_dropout0.0_loralr0.0_preprocessorFalse_preencoderFalse_cutfillFalse_learnpredecoderFalse_learnloraFalse,11,single,13,1,11,0.0231626313179731,0.9983333333333332,1.0595760345458984,0.63,0.9076396226882936,0.65
bs128_lr0.001_distCOV_wd0.01_filterlen40_learndecoderFalse_schedulerTrue_windows0_dropout0.0_loralr0.0_preprocessorFalse_preencoderFalse_cutfillFalse_learnpredecoderFalse_learnloraFalse,11,single,14,1,11,0.1258239299058914,0.9783333333333334,1.2751463651657104,0.5,1.0412869453430176,0.59
bs128_lr0.001_distCOV_wd0.01_filterlen40_learndecoderFalse_schedulerTrue_windows0_dropout0.0_loralr0.0_preprocessorFalse_preencoderFalse_cutfillFalse_learnpredecoderFalse_learnloraFalse,11,pooled,10,3,11_10_1,1.0881268978118896,0.7394444444444445,0.661176860332489,0.74,0.5441954135894775,0.8
bs128_lr0.001_distCOV_wd0.01_filterlen40_learndecoderFalse_schedulerTrue_windows0_dropout0.0_loralr0.0_preprocessorFalse_preencoderFalse_cutfillFalse_learnpredecoderFalse_learnloraFalse,11,pooled,11,3,11_10_1,0.9709110856056212,0.8327777777777777,0.7068214416503906,0.79,0.5103572010993958,0.83
bs128_lr0.001_distCOV_wd0.01_filterlen40_learndecoderFalse_schedulerTrue_windows0_dropout0.0_loralr0.0_preprocessorFalse_preencoderFalse_cutfillFalse_learnpredecoderFalse_learnloraFalse,11,pooled,12,3,11_10_1,1.9266035556793213,0.7416666666666667,0.7876901030540466,0.74,0.6135205030441284,0.78
bs128_lr0.001_distCOV_wd0.01_filterlen40_learndecoderFalse_schedulerTrue_windows0_dropout0.0_loralr0.0_preprocessorFalse_preencoderFalse_cutfillFalse_learnpredecoderFalse_learnloraFalse,11,pooled,13,3,11_10_1,0.7193881273269653,0.8,0.5849983096122742,0.79,0.5717055797576904,0.78
bs128_lr0.001_distCOV_wd0.01_filterlen40_learndecoderFalse_schedulerTrue_windows0_dropout0.0_loralr0.0_preprocessorFalse_preencoderFalse_cutfillFalse_learnpredecoderFalse_learnloraFalse,11,pooled,14,3,11_10_1,0.1413870751857757,0.8216666666666667,0.698448657989502,0.77,0.5373348593711853,0.85
bs128_lr0.001_distCOV_wd0.001_filterlen40_learndecoderFalse_schedulerTrue_windows0_dropout0.0_loralr0.0_preprocessorFalse_preencoderFalse_cutfillFalse_learnpredecoderFalse_learnloraFalse,1,single,10,1,1,0.4065850079059601,0.91,1.0170897245407104,0.64,0.8085536956787109,0.76
bs128_lr0.001_distCOV_wd0.001_filterlen40_learndecoderFalse_schedulerTrue_windows0_dropout0.0_loralr0.0_preprocessorFalse_preencoderFalse_cutfillFalse_learnpredecoderFalse_learnloraFalse,1,single,11,1,1,0.8040754199028015,0.7883333333333333,1.1172484159469604,0.59,0.9515674114227296,0.65
bs128_lr0.001_distCOV_wd0.001_filterlen40_learndecoderFalse_schedulerTrue_windows0_dropout0.0_loralr0.0_preprocessorFalse_preencoderFalse_cutfillFalse_learnpredecoderFalse_learnloraFalse,1,single,12,1,1,0.5977098345756531,0.8466666666666667,1.1246020793914795,0.54,1.139890193939209,0.57
bs128_lr0.001_distCOV_wd0.001_filterlen40_learndecoderFalse_schedulerTrue_windows0_dropout0.0_loralr0.0_preprocessorFalse_preencoderFalse_cutfillFalse_learnpredecoderFalse_learnloraFalse,1,single,13,1,1,0.1746227294206619,0.9566666666666668,1.1110557317733765,0.6,1.1440709829330444,0.61
bs128_lr0.001_distCOV_wd0.001_filterlen40_learndecoderFalse_schedulerTrue_windows0_dropout0.0_loralr0.0_preprocessorFalse_preencoderFalse_cutfillFalse_learnpredecoderFalse_learnloraFalse,1,single,14,1,1,0.0242073759436607,0.9983333333333332,1.0495115518569946,0.59,0.8749675154685974,0.61
bs128_lr0.001_distCOV_wd0.001_filterlen40_learndecoderFalse_schedulerTrue_windows0_dropout0.0_loralr0.0_preprocessorFalse_preencoderFalse_cutfillFalse_learnpredecoderFalse_learnloraFalse,1,pooled,10,1,1,0.4065850079059601,0.91,1.0170897245407104,0.64,0.8085536956787109,0.76
bs128_lr0.001_distCOV_wd0.001_filterlen40_learndecoderFalse_schedulerTrue_windows0_dropout0.0_loralr0.0_preprocessorFalse_preencoderFalse_cutfillFalse_learnpredecoderFalse_learnloraFalse,1,pooled,11,1,1,0.8040754199028015,0.7883333333333333,1.1172484159469604,0.59,0.9515674114227296,0.65
bs128_lr0.001_distCOV_wd0.001_filterlen40_learndecoderFalse_schedulerTrue_windows0_dropout0.0_loralr0.0_preprocessorFalse_preencoderFalse_cutfillFalse_learnpredecoderFalse_learnloraFalse,1,pooled,12,1,1,0.5977098345756531,0.8466666666666667,1.1246020793914795,0.54,1.139890193939209,0.57
bs128_lr0.001_distCOV_wd0.001_filterlen40_learndecoderFalse_schedulerTrue_windows0_dropout0.0_loralr0.0_preprocessorFalse_preencoderFalse_cutfillFalse_learnpredecoderFalse_learnloraFalse,1,pooled,13,1,1,0.1746227294206619,0.9566666666666668,1.1110557317733765,0.6,1.1440709829330444,0.61
bs128_lr0.001_distCOV_wd0.001_filterlen40_learndecoderFalse_schedulerTrue_windows0_dropout0.0_loralr0.0_preprocessorFalse_preencoderFalse_cutfillFalse_learnpredecoderFalse_learnloraFalse,1,pooled,14,1,1,0.0242073759436607,0.9983333333333332,1.0495115518569946,0.59,0.8749675154685974,0.61
bs128_lr0.001_distCOV_wd0.001_filterlen40_learndecoderFalse_schedulerTrue_windows0_dropout0.0_loralr0.0_preprocessorFalse_preencoderFalse_cutfillFalse_learnpredecoderFalse_learnloraFalse,2,single,10,1,2,0.2640703916549682,0.9616666666666668,1.051248550415039,0.64,1.0020567178726196,0.72
bs128_lr0.001_distCOV_wd0.001_filterlen40_learndecoderFalse_schedulerTrue_windows0_dropout0.0_loralr0.0_preprocessorFalse_preencoderFalse_cutfillFalse_learnpredecoderFalse_learnloraFalse,2,single,11,1,2,0.1863510459661483,0.975,0.8733744025230408,0.73,0.7915148138999939,0.74
bs128_lr0.001_distCOV_wd0.001_filterlen40_learndecoderFalse_schedulerTrue_windows0_dropout0.0_loralr0.0_preprocessorFalse_preencoderFalse_cutfillFalse_learnpredecoderFalse_learnloraFalse,2,single,12,1,2,0.0543039888143539,0.9816666666666668,0.8446558117866516,0.69,0.7051878571510315,0.77
bs128_lr0.001_distCOV_wd0.001_filterlen40_learndecoderFalse_schedulerTrue_windows0_dropout0.0_loralr0.0_preprocessorFalse_preencoderFalse_cutfillFalse_learnpredecoderFalse_learnloraFalse,2,single,13,1,2,0.2720431983470917,0.96,1.0572744607925415,0.68,0.9100418090820312,0.71
bs128_lr0.001_distCOV_wd0.001_filterlen40_learndecoderFalse_schedulerTrue_windows0_dropout0.0_loralr0.0_preprocessorFalse_preencoderFalse_cutfillFalse_learnpredecoderFalse_learnloraFalse,2,single,14,1,2,0.0930130034685134,0.99,0.921539068222046,0.71,1.123306393623352,0.73
bs128_lr0.001_distCOV_wd0.001_filterlen40_learndecoderFalse_schedulerTrue_windows0_dropout0.0_loralr0.0_preprocessorFalse_preencoderFalse_cutfillFalse_learnpredecoderFalse_learnloraFalse,2,pooled,10,6,2_9_10_5_3_8,0.5314996242523193,0.7230555555555556,0.6389340758323669,0.79,0.8016422390937805,0.76
bs128_lr0.001_distCOV_wd0.001_filterlen40_learndecoderFalse_schedulerTrue_windows0_dropout0.0_loralr0.0_preprocessorFalse_preencoderFalse_cutfillFalse_learnpredecoderFalse_learnloraFalse,2,pooled,11,6,2_9_10_5_3_8,1.1170953512191772,0.79,0.6976538300514221,0.76,1.238122582435608,0.62
bs128_lr0.001_distCOV_wd0.001_filterlen40_learndecoderFalse_schedulerTrue_windows0_dropout0.0_loralr0.0_preprocessorFalse_preencoderFalse_cutfillFalse_learnpredecoderFalse_learnloraFalse,2,pooled,12,6,2_9_10_5_3_8,0.3770549297332763,0.8319444444444445,0.7062807679176331,0.76,1.3256953954696655,0.66
bs128_lr0.001_distCOV_wd0.001_filterlen40_learndecoderFalse_schedulerTrue_windows0_dropout0.0_loralr0.0_preprocessorFalse_preencoderFalse_cutfillFalse_learnpredecoderFalse_learnloraFalse,2,pooled,13,6,2_9_10_5_3_8,0.4571590423583984,0.8594444444444445,0.6282188892364502,0.76,1.1126971244812012,0.79
bs128_lr0.001_distCOV_wd0.001_filterlen40_learndecoderFalse_schedulerTrue_windows0_dropout0.0_loralr0.0_preprocessorFalse_preencoderFalse_cutfillFalse_learnpredecoderFalse_learnloraFalse,2,pooled,14,6,2_9_10_5_3_8,0.1631555706262588,0.9236111111111112,0.5902116298675537,0.78,0.9877601861953736,0.75
bs128_lr0.001_distCOV_wd0.001_filterlen40_learndecoderFalse_schedulerTrue_windows0_dropout0.0_loralr0.0_preprocessorFalse_preencoderFalse_cutfillFalse_learnpredecoderFalse_learnloraFalse,3,single,10,1,3,1.2353721857070925,0.5266666666666666,1.543769359588623,0.33,1.581966519355774,0.29
bs128_lr0.001_distCOV_wd0.001_filterlen40_learndecoderFalse_schedulerTrue_windows0_dropout0.0_loralr0.0_preprocessorFalse_preencoderFalse_cutfillFalse_learnpredecoderFalse_learnloraFalse,3,single,11,1,3,1.2004084587097168,0.5616666666666666,1.601385474205017,0.29,1.543650507926941,0.33
bs128_lr0.001_distCOV_wd0.001_filterlen40_learndecoderFalse_schedulerTrue_windows0_dropout0.0_loralr0.0_preprocessorFalse_preencoderFalse_cutfillFalse_learnpredecoderFalse_learnloraFalse,3,single,12,1,3,1.433290958404541,0.3766666666666666,1.6027435064315796,0.24,1.5982104539871216,0.23
bs128_lr0.001_distCOV_wd0.001_filterlen40_learndecoderFalse_schedulerTrue_windows0_dropout0.0_loralr0.0_preprocessorFalse_preencoderFalse_cutfillFalse_learnpredecoderFalse_learnloraFalse,3,single,13,1,3,1.1046031713485718,0.6083333333333333,1.6042568683624268,0.28,1.5608749389648438,0.36
bs128_lr0.001_distCOV_wd0.001_filterlen40_learndecoderFalse_schedulerTrue_windows0_dropout0.0_loralr0.0_preprocessorFalse_preencoderFalse_cutfillFalse_learnpredecoderFalse_learnloraFalse,3,single,14,1,3,0.0998630970716476,0.9866666666666668,1.5699243545532229,0.49,1.624478816986084,0.45
bs128_lr0.001_distCOV_wd0.001_filterlen40_learndecoderFalse_schedulerTrue_windows0_dropout0.0_loralr0.0_preprocessorFalse_preencoderFalse_cutfillFalse_learnpredecoderFalse_learnloraFalse,3,pooled,10,3,3_6_10,1.916141986846924,0.4038888888888889,1.5166488885879517,0.39,1.5332553386688232,0.31
bs128_lr0.001_distCOV_wd0.001_filterlen40_learndecoderFalse_schedulerTrue_windows0_dropout0.0_loralr0.0_preprocessorFalse_preencoderFalse_cutfillFalse_learnpredecoderFalse_learnloraFalse,3,pooled,11,3,3_6_10,1.1604249477386477,0.58,1.4329638481140137,0.39,1.495633244514465,0.4
bs128_lr0.001_distCOV_wd0.001_filterlen40_learndecoderFalse_schedulerTrue_windows0_dropout0.0_loralr0.0_preprocessorFalse_preencoderFalse_cutfillFalse_learnpredecoderFalse_learnloraFalse,3,pooled,12,3,3_6_10,0.9986573457717896,0.6461111111111111,1.3795623779296875,0.46,1.5315040349960327,0.35
bs128_lr0.001_distCOV_wd0.001_filterlen40_learndecoderFalse_schedulerTrue_windows0_dropout0.0_loralr0.0_preprocessorFalse_preencoderFalse_cutfillFalse_learnpredecoderFalse_learnloraFalse,3,pooled,13,3,3_6_10,0.6068112850189209,0.6772222222222222,1.278935790061951,0.49,1.403170466423035,0.45
bs128_lr0.001_distCOV_wd0.001_filterlen40_learndecoderFalse_schedulerTrue_windows0_dropout0.0_loralr0.0_preprocessorFalse_preencoderFalse_cutfillFalse_learnpredecoderFalse_learnloraFalse,3,pooled,14,3,3_6_10,1.1042972803115845,0.5822222222222222,1.424017310142517,0.41,1.448293924331665,0.38
bs128_lr0.001_distCOV_wd0.001_filterlen40_learndecoderFalse_schedulerTrue_windows0_dropout0.0_loralr0.0_preprocessorFalse_preencoderFalse_cutfillFalse_learnpredecoderFalse_learnloraFalse,4,single,10,1,4,1.7090950012207031,0.2033333333333333,1.6110258102416992,0.16,1.6108206510543823,0.19
bs128_lr0.001_distCOV_wd0.001_filterlen40_learndecoderFalse_schedulerTrue_windows0_dropout0.0_loralr0.0_preprocessorFalse_preencoderFalse_cutfillFalse_learnpredecoderFalse_learnloraFalse,4,single,11,1,4,1.5295188426971436,0.2866666666666667,1.6085128784179688,0.2,1.6138118505477903,0.22
bs128_lr0.001_distCOV_wd0.001_filterlen40_learndecoderFalse_schedulerTrue_windows0_dropout0.0_loralr0.0_preprocessorFalse_preencoderFalse_cutfillFalse_learnpredecoderFalse_learnloraFalse,4,single,12,1,4,1.297910213470459,0.4333333333333333,1.5994534492492676,0.2,1.6402506828308103,0.19
bs128_lr0.001_distCOV_wd0.001_filterlen40_learndecoderFalse_schedulerTrue_windows0_dropout0.0_loralr0.0_preprocessorFalse_preencoderFalse_cutfillFalse_learnpredecoderFalse_learnloraFalse,4,single,13,1,4,1.3564094305038452,0.4633333333333333,1.6081514358520508,0.19,1.629344463348389,0.24
bs128_lr0.001_distCOV_wd0.001_filterlen40_learndecoderFalse_schedulerTrue_windows0_dropout0.0_loralr0.0_preprocessorFalse_preencoderFalse_cutfillFalse_learnpredecoderFalse_learnloraFalse,4,single,14,1,4,1.588276743888855,0.2033333333333333,1.6137127876281738,0.2,1.6138687133789062,0.2
bs128_lr0.001_distCOV_wd0.001_filterlen40_learndecoderFalse_schedulerTrue_windows0_dropout0.0_loralr0.0_preprocessorFalse_preencoderFalse_cutfillFalse_learnpredecoderFalse_learnloraFalse,4,pooled,10,7,4_11_6_5_1_8_2,1.5179356336593628,0.2980952380952381,1.5700613260269165,0.23,1.593089580535889,0.27
bs128_lr0.001_distCOV_wd0.001_filterlen40_learndecoderFalse_schedulerTrue_windows0_dropout0.0_loralr0.0_preprocessorFalse_preencoderFalse_cutfillFalse_learnpredecoderFalse_learnloraFalse,4,pooled,11,7,4_11_6_5_1_8_2,1.6096951961517334,0.2859523809523809,1.5808448791503906,0.22,1.6256966590881348,0.2
bs128_lr0.001_distCOV_wd0.001_filterlen40_learndecoderFalse_schedulerTrue_windows0_dropout0.0_loralr0.0_preprocessorFalse_preencoderFalse_cutfillFalse_learnpredecoderFalse_learnloraFalse,4,pooled,12,7,4_11_6_5_1_8_2,1.5197641849517822,0.3021428571428571,1.5589598417282104,0.31,1.6523051261901855,0.22
bs128_lr0.001_distCOV_wd0.001_filterlen40_learndecoderFalse_schedulerTrue_windows0_dropout0.0_loralr0.0_preprocessorFalse_preencoderFalse_cutfillFalse_learnpredecoderFalse_learnloraFalse,4,pooled,13,7,4_11_6_5_1_8_2,1.5781724452972412,0.3183333333333333,1.5586514472961426,0.24,1.6401318311691284,0.24
bs128_lr0.001_distCOV_wd0.001_filterlen40_learndecoderFalse_schedulerTrue_windows0_dropout0.0_loralr0.0_preprocessorFalse_preencoderFalse_cutfillFalse_learnpredecoderFalse_learnloraFalse,4,pooled,14,7,4_11_6_5_1_8_2,1.515212893486023,0.3642857142857142,1.5365629196166992,0.31,1.6158041954040527,0.24
bs128_lr0.001_distCOV_wd0.001_filterlen40_learndecoderFalse_schedulerTrue_windows0_dropout0.0_loralr0.0_preprocessorFalse_preencoderFalse_cutfillFalse_learnpredecoderFalse_learnloraFalse,5,single,10,1,5,1.567454218864441,0.215,1.6110740900039673,0.21,1.6149471998214722,0.2
bs128_lr0.001_distCOV_wd0.001_filterlen40_learndecoderFalse_schedulerTrue_windows0_dropout0.0_loralr0.0_preprocessorFalse_preencoderFalse_cutfillFalse_learnpredecoderFalse_learnloraFalse,5,single,11,1,5,1.581651210784912,0.2366666666666666,1.606115698814392,0.23,1.6101837158203125,0.18
bs128_lr0.001_distCOV_wd0.001_filterlen40_learndecoderFalse_schedulerTrue_windows0_dropout0.0_loralr0.0_preprocessorFalse_preencoderFalse_cutfillFalse_learnpredecoderFalse_learnloraFalse,5,single,12,1,5,1.504125714302063,0.2666666666666666,1.602480173110962,0.17,1.6092501878738403,0.19
bs128_lr0.001_distCOV_wd0.001_filterlen40_learndecoderFalse_schedulerTrue_windows0_dropout0.0_loralr0.0_preprocessorFalse_preencoderFalse_cutfillFalse_learnpredecoderFalse_learnloraFalse,5,single,13,1,5,1.5738757848739624,0.2933333333333333,1.6069527864456177,0.21,1.6170238256454468,0.21
bs128_lr0.001_distCOV_wd0.001_filterlen40_learndecoderFalse_schedulerTrue_windows0_dropout0.0_loralr0.0_preprocessorFalse_preencoderFalse_cutfillFalse_learnpredecoderFalse_learnloraFalse,5,single,14,1,5,1.5928553342819214,0.2983333333333333,1.6125006675720217,0.22,1.6154192686080933,0.19
bs128_lr0.001_distCOV_wd0.001_filterlen40_learndecoderFalse_schedulerTrue_windows0_dropout0.0_loralr0.0_preprocessorFalse_preencoderFalse_cutfillFalse_learnpredecoderFalse_learnloraFalse,5,pooled,10,3,5_9_6,1.1054749488830566,0.7488888888888889,1.417182207107544,0.4,1.5954971313476562,0.3
bs128_lr0.001_distCOV_wd0.001_filterlen40_learndecoderFalse_schedulerTrue_windows0_dropout0.0_loralr0.0_preprocessorFalse_preencoderFalse_cutfillFalse_learnpredecoderFalse_learnloraFalse,5,pooled,11,3,5_9_6,0.6539252996444702,0.8166666666666667,1.5273544788360596,0.39,1.690773606300354,0.33
bs128_lr0.001_distCOV_wd0.001_filterlen40_learndecoderFalse_schedulerTrue_windows0_dropout0.0_loralr0.0_preprocessorFalse_preencoderFalse_cutfillFalse_learnpredecoderFalse_learnloraFalse,5,pooled,12,3,5_9_6,0.1977509260177612,0.7372222222222222,1.4998536109924316,0.36,1.6097832918167114,0.33
bs128_lr0.001_distCOV_wd0.001_filterlen40_learndecoderFalse_schedulerTrue_windows0_dropout0.0_loralr0.0_preprocessorFalse_preencoderFalse_cutfillFalse_learnpredecoderFalse_learnloraFalse,5,pooled,13,3,5_9_6,0.4236994981765747,0.6933333333333334,1.550211787223816,0.29,1.5601799488067627,0.27
bs128_lr0.001_distCOV_wd0.001_filterlen40_learndecoderFalse_schedulerTrue_windows0_dropout0.0_loralr0.0_preprocessorFalse_preencoderFalse_cutfillFalse_learnpredecoderFalse_learnloraFalse,5,pooled,14,3,5_9_6,0.638873815536499,0.7694444444444445,1.5145450830459597,0.32,1.6432052850723269,0.27
bs128_lr0.001_distCOV_wd0.001_filterlen40_learndecoderFalse_schedulerTrue_windows0_dropout0.0_loralr0.0_preprocessorFalse_preencoderFalse_cutfillFalse_learnpredecoderFalse_learnloraFalse,6,single,10,1,6,0.0133164310827851,0.995,1.1383644342422483,0.54,1.4779086112976074,0.52
bs128_lr0.001_distCOV_wd0.001_filterlen40_learndecoderFalse_schedulerTrue_windows0_dropout0.0_loralr0.0_preprocessorFalse_preencoderFalse_cutfillFalse_learnpredecoderFalse_learnloraFalse,6,single,11,1,6,0.3165490329265594,0.9433333333333334,1.1320446729660034,0.55,1.3250735998153689,0.46
bs128_lr0.001_distCOV_wd0.001_filterlen40_learndecoderFalse_schedulerTrue_windows0_dropout0.0_loralr0.0_preprocessorFalse_preencoderFalse_cutfillFalse_learnpredecoderFalse_learnloraFalse,6,single,12,1,6,0.0899678543210029,0.9816666666666668,0.9711037278175354,0.64,1.740620255470276,0.42
bs128_lr0.001_distCOV_wd0.001_filterlen40_learndecoderFalse_schedulerTrue_windows0_dropout0.0_loralr0.0_preprocessorFalse_preencoderFalse_cutfillFalse_learnpredecoderFalse_learnloraFalse,6,single,13,1,6,0.0929151847958564,0.9783333333333334,1.043959617614746,0.55,1.4121774435043335,0.39
bs128_lr0.001_distCOV_wd0.001_filterlen40_learndecoderFalse_schedulerTrue_windows0_dropout0.0_loralr0.0_preprocessorFalse_preencoderFalse_cutfillFalse_learnpredecoderFalse_learnloraFalse,6,single,14,1,6,0.0992562100291252,0.99,1.0541977882385254,0.56,1.788367748260498,0.45
bs128_lr0.001_distCOV_wd0.001_filterlen40_learndecoderFalse_schedulerTrue_windows0_dropout0.0_loralr0.0_preprocessorFalse_preencoderFalse_cutfillFalse_learnpredecoderFalse_learnloraFalse,6,pooled,10,3,6_10_3,0.5297898650169373,0.8488888888888889,0.6278318166732788,0.76,1.1776797771453855,0.62
bs128_lr0.001_distCOV_wd0.001_filterlen40_learndecoderFalse_schedulerTrue_windows0_dropout0.0_loralr0.0_preprocessorFalse_preencoderFalse_cutfillFalse_learnpredecoderFalse_learnloraFalse,6,pooled,11,3,6_10_3,0.6153472661972046,0.8383333333333334,0.7159592509269714,0.75,0.7295452952384949,0.72
bs128_lr0.001_distCOV_wd0.001_filterlen40_learndecoderFalse_schedulerTrue_windows0_dropout0.0_loralr0.0_preprocessorFalse_preencoderFalse_cutfillFalse_learnpredecoderFalse_learnloraFalse,6,pooled,12,3,6_10_3,0.4747800827026367,0.8516666666666667,0.6395853161811829,0.78,1.5126315355300903,0.44
bs128_lr0.001_distCOV_wd0.001_filterlen40_learndecoderFalse_schedulerTrue_windows0_dropout0.0_loralr0.0_preprocessorFalse_preencoderFalse_cutfillFalse_learnpredecoderFalse_learnloraFalse,6,pooled,13,3,6_10_3,0.6047002077102661,0.8155555555555556,0.6438033580780029,0.75,0.8110374212265015,0.69
bs128_lr0.001_distCOV_wd0.001_filterlen40_learndecoderFalse_schedulerTrue_windows0_dropout0.0_loralr0.0_preprocessorFalse_preencoderFalse_cutfillFalse_learnpredecoderFalse_learnloraFalse,6,pooled,14,3,6_10_3,0.5502797365188599,0.8633333333333333,0.5964421033859253,0.8,1.2973212003707886,0.53
bs128_lr0.001_distCOV_wd0.001_filterlen40_learndecoderFalse_schedulerTrue_windows0_dropout0.0_loralr0.0_preprocessorFalse_preencoderFalse_cutfillFalse_learnpredecoderFalse_learnloraFalse,7,single,10,1,7,0.1556067466735839,0.97,1.2716444730758667,0.44,1.4067962169647217,0.44
bs128_lr0.001_distCOV_wd0.001_filterlen40_learndecoderFalse_schedulerTrue_windows0_dropout0.0_loralr0.0_preprocessorFalse_preencoderFalse_cutfillFalse_learnpredecoderFalse_learnloraFalse,7,single,11,1,7,0.2000246495008468,0.9516666666666668,1.3744308948516846,0.46,1.59503436088562,0.47
bs128_lr0.001_distCOV_wd0.001_filterlen40_learndecoderFalse_schedulerTrue_windows0_dropout0.0_loralr0.0_preprocessorFalse_preencoderFalse_cutfillFalse_learnpredecoderFalse_learnloraFalse,7,single,12,1,7,0.448589414358139,0.89,1.3846088647842407,0.51,1.5274910926818848,0.47
bs128_lr0.001_distCOV_wd0.001_filterlen40_learndecoderFalse_schedulerTrue_windows0_dropout0.0_loralr0.0_preprocessorFalse_preencoderFalse_cutfillFalse_learnpredecoderFalse_learnloraFalse,7,single,13,1,7,0.4219233691692352,0.9066666666666666,1.295670986175537,0.46,1.721208095550537,0.38
bs128_lr0.001_distCOV_wd0.001_filterlen40_learndecoderFalse_schedulerTrue_windows0_dropout0.0_loralr0.0_preprocessorFalse_preencoderFalse_cutfillFalse_learnpredecoderFalse_learnloraFalse,7,single,14,1,7,0.3452760875225067,0.9383333333333334,1.2825983762741089,0.51,1.5817620754241943,0.47
bs128_lr0.001_distCOV_wd0.001_filterlen40_learndecoderFalse_schedulerTrue_windows0_dropout0.0_loralr0.0_preprocessorFalse_preencoderFalse_cutfillFalse_learnpredecoderFalse_learnloraFalse,7,pooled,10,1,7,0.1556067466735839,0.97,1.2716444730758667,0.44,1.4067962169647217,0.44
bs128_lr0.001_distCOV_wd0.001_filterlen40_learndecoderFalse_schedulerTrue_windows0_dropout0.0_loralr0.0_preprocessorFalse_preencoderFalse_cutfillFalse_learnpredecoderFalse_learnloraFalse,7,pooled,11,1,7,0.2000246495008468,0.9516666666666668,1.3744308948516846,0.46,1.59503436088562,0.47
bs128_lr0.001_distCOV_wd0.001_filterlen40_learndecoderFalse_schedulerTrue_windows0_dropout0.0_loralr0.0_preprocessorFalse_preencoderFalse_cutfillFalse_learnpredecoderFalse_learnloraFalse,7,pooled,12,1,7,0.448589414358139,0.89,1.3846088647842407,0.51,1.5274910926818848,0.47
bs128_lr0.001_distCOV_wd0.001_filterlen40_learndecoderFalse_schedulerTrue_windows0_dropout0.0_loralr0.0_preprocessorFalse_preencoderFalse_cutfillFalse_learnpredecoderFalse_learnloraFalse,7,pooled,13,1,7,0.4219233691692352,0.9066666666666666,1.295670986175537,0.46,1.721208095550537,0.38
bs128_lr0.001_distCOV_wd0.001_filterlen40_learndecoderFalse_schedulerTrue_windows0_dropout0.0_loralr0.0_preprocessorFalse_preencoderFalse_cutfillFalse_learnpredecoderFalse_learnloraFalse,7,pooled,14,1,7,0.3452760875225067,0.9383333333333334,1.2825983762741089,0.51,1.5817620754241943,0.47
bs128_lr0.001_distCOV_wd0.001_filterlen40_learndecoderFalse_schedulerTrue_windows0_dropout0.0_loralr0.0_preprocessorFalse_preencoderFalse_cutfillFalse_learnpredecoderFalse_learnloraFalse,8,single,10,1,8,1.5053967237472534,0.3866666666666666,1.6092309951782229,0.21,1.6107515096664429,0.2
bs128_lr0.001_distCOV_wd0.001_filterlen40_learndecoderFalse_schedulerTrue_windows0_dropout0.0_loralr0.0_preprocessorFalse_preencoderFalse_cutfillFalse_learnpredecoderFalse_learnloraFalse,8,single,11,1,8,1.5560351610183716,0.2133333333333333,1.6166952848434448,0.16,1.615726351737976,0.16
bs128_lr0.001_distCOV_wd0.001_filterlen40_learndecoderFalse_schedulerTrue_windows0_dropout0.0_loralr0.0_preprocessorFalse_preencoderFalse_cutfillFalse_learnpredecoderFalse_learnloraFalse,8,single,12,1,8,1.651274561882019,0.19,1.6117619276046753,0.2,1.61186945438385,0.2
bs128_lr0.001_distCOV_wd0.001_filterlen40_learndecoderFalse_schedulerTrue_windows0_dropout0.0_loralr0.0_preprocessorFalse_preencoderFalse_cutfillFalse_learnpredecoderFalse_learnloraFalse,8,single,13,1,8,1.3008235692977903,0.47,1.6004294157028198,0.22,1.615603804588318,0.25
bs128_lr0.001_distCOV_wd0.001_filterlen40_learndecoderFalse_schedulerTrue_windows0_dropout0.0_loralr0.0_preprocessorFalse_preencoderFalse_cutfillFalse_learnpredecoderFalse_learnloraFalse,8,single,14,1,8,1.5559765100479126,0.3283333333333333,1.6054307222366333,0.24,1.6048555374145508,0.24
bs128_lr0.001_distCOV_wd0.001_filterlen40_learndecoderFalse_schedulerTrue_windows0_dropout0.0_loralr0.0_preprocessorFalse_preencoderFalse_cutfillFalse_learnpredecoderFalse_learnloraFalse,8,pooled,10,3,8_4_7,0.8613502979278564,0.5522222222222222,1.58848237991333,0.29,1.6382068395614624,0.26
bs128_lr0.001_distCOV_wd0.001_filterlen40_learndecoderFalse_schedulerTrue_windows0_dropout0.0_loralr0.0_preprocessorFalse_preencoderFalse_cutfillFalse_learnpredecoderFalse_learnloraFalse,8,pooled,11,3,8_4_7,1.6325792074203491,0.2561111111111111,1.5957423448562622,0.19,1.601991891860962,0.21
bs128_lr0.001_distCOV_wd0.001_filterlen40_learndecoderFalse_schedulerTrue_windows0_dropout0.0_loralr0.0_preprocessorFalse_preencoderFalse_cutfillFalse_learnpredecoderFalse_learnloraFalse,8,pooled,12,3,8_4_7,1.4877725839614868,0.2727777777777778,1.5879778861999512,0.22,1.6223711967468262,0.2
bs128_lr0.001_distCOV_wd0.001_filterlen40_learndecoderFalse_schedulerTrue_windows0_dropout0.0_loralr0.0_preprocessorFalse_preencoderFalse_cutfillFalse_learnpredecoderFalse_learnloraFalse,8,pooled,13,3,8_4_7,1.6106202602386477,0.2633333333333333,1.5974825620651243,0.26,1.6029804944992063,0.22
bs128_lr0.001_distCOV_wd0.001_filterlen40_learndecoderFalse_schedulerTrue_windows0_dropout0.0_loralr0.0_preprocessorFalse_preencoderFalse_cutfillFalse_learnpredecoderFalse_learnloraFalse,8,pooled,14,3,8_4_7,1.5852962732315063,0.2833333333333333,1.5931135416030884,0.23,1.6004449129104614,0.26
bs128_lr0.001_distCOV_wd0.001_filterlen40_learndecoderFalse_schedulerTrue_windows0_dropout0.0_loralr0.0_preprocessorFalse_preencoderFalse_cutfillFalse_learnpredecoderFalse_learnloraFalse,9,single,10,1,9,0.0602233968675136,0.9916666666666668,0.3636243045330047,0.87,0.8786594271659851,0.69
bs128_lr0.001_distCOV_wd0.001_filterlen40_learndecoderFalse_schedulerTrue_windows0_dropout0.0_loralr0.0_preprocessorFalse_preencoderFalse_cutfillFalse_learnpredecoderFalse_learnloraFalse,9,single,11,1,9,0.0088972821831703,1.0,0.3354493379592895,0.87,0.987978458404541,0.67
bs128_lr0.001_distCOV_wd0.001_filterlen40_learndecoderFalse_schedulerTrue_windows0_dropout0.0_loralr0.0_preprocessorFalse_preencoderFalse_cutfillFalse_learnpredecoderFalse_learnloraFalse,9,single,12,1,9,0.0303408484905958,0.995,0.4042167961597442,0.85,0.6010735630989075,0.79
bs128_lr0.001_distCOV_wd0.001_filterlen40_learndecoderFalse_schedulerTrue_windows0_dropout0.0_loralr0.0_preprocessorFalse_preencoderFalse_cutfillFalse_learnpredecoderFalse_learnloraFalse,9,single,13,1,9,0.0872946307063102,0.9833333333333332,0.357096791267395,0.86,0.9198673963546752,0.7
bs128_lr0.001_distCOV_wd0.001_filterlen40_learndecoderFalse_schedulerTrue_windows0_dropout0.0_loralr0.0_preprocessorFalse_preencoderFalse_cutfillFalse_learnpredecoderFalse_learnloraFalse,9,single,14,1,9,0.1744770854711532,0.955,0.4192526638507843,0.82,0.916435718536377,0.67
bs128_lr0.001_distCOV_wd0.001_filterlen40_learndecoderFalse_schedulerTrue_windows0_dropout0.0_loralr0.0_preprocessorFalse_preencoderFalse_cutfillFalse_learnpredecoderFalse_learnloraFalse,9,pooled,10,3,9_5_10,0.0507008284330368,0.7788888888888889,0.2057401537895202,0.94,0.4683014750480652,0.83
bs128_lr0.001_distCOV_wd0.001_filterlen40_learndecoderFalse_schedulerTrue_windows0_dropout0.0_loralr0.0_preprocessorFalse_preencoderFalse_cutfillFalse_learnpredecoderFalse_learnloraFalse,9,pooled,11,3,9_5_10,0.3513730764389038,0.7911111111111111,0.1847481280565261,0.93,0.470362901687622,0.8
bs128_lr0.001_distCOV_wd0.001_filterlen40_learndecoderFalse_schedulerTrue_windows0_dropout0.0_loralr0.0_preprocessorFalse_preencoderFalse_cutfillFalse_learnpredecoderFalse_learnloraFalse,9,pooled,12,3,9_5_10,0.3538971841335296,0.8472222222222222,0.1737226545810699,0.95,0.5891742706298828,0.78
bs128_lr0.001_distCOV_wd0.001_filterlen40_learndecoderFalse_schedulerTrue_windows0_dropout0.0_loralr0.0_preprocessorFalse_preencoderFalse_cutfillFalse_learnpredecoderFalse_learnloraFalse,9,pooled,13,3,9_5_10,0.6060596108436584,0.8088888888888889,0.2469793707132339,0.9,0.8257914185523987,0.66
bs128_lr0.001_distCOV_wd0.001_filterlen40_learndecoderFalse_schedulerTrue_windows0_dropout0.0_loralr0.0_preprocessorFalse_preencoderFalse_cutfillFalse_learnpredecoderFalse_learnloraFalse,9,pooled,14,3,9_5_10,0.9406411647796632,0.5955555555555555,0.2471091151237487,0.93,0.5139492154121399,0.8
bs128_lr0.001_distCOV_wd0.001_filterlen40_learndecoderFalse_schedulerTrue_windows0_dropout0.0_loralr0.0_preprocessorFalse_preencoderFalse_cutfillFalse_learnpredecoderFalse_learnloraFalse,10,single,10,1,10,0.3150534927845001,0.9233333333333332,1.4707859754562378,0.38,1.460246443748474,0.43
bs128_lr0.001_distCOV_wd0.001_filterlen40_learndecoderFalse_schedulerTrue_windows0_dropout0.0_loralr0.0_preprocessorFalse_preencoderFalse_cutfillFalse_learnpredecoderFalse_learnloraFalse,10,single,11,1,10,0.4515135884284973,0.9333333333333332,1.3438334465026855,0.45,1.532742261886597,0.36
bs128_lr0.001_distCOV_wd0.001_filterlen40_learndecoderFalse_schedulerTrue_windows0_dropout0.0_loralr0.0_preprocessorFalse_preencoderFalse_cutfillFalse_learnpredecoderFalse_learnloraFalse,10,single,12,1,10,0.5153506994247437,0.9166666666666666,1.4563685655593872,0.43,1.4715176820755005,0.37
bs128_lr0.001_distCOV_wd0.001_filterlen40_learndecoderFalse_schedulerTrue_windows0_dropout0.0_loralr0.0_preprocessorFalse_preencoderFalse_cutfillFalse_learnpredecoderFalse_learnloraFalse,10,single,13,1,10,0.4222619235515594,0.9133333333333332,1.465590238571167,0.45,1.4382439851760864,0.44
bs128_lr0.001_distCOV_wd0.001_filterlen40_learndecoderFalse_schedulerTrue_windows0_dropout0.0_loralr0.0_preprocessorFalse_preencoderFalse_cutfillFalse_learnpredecoderFalse_learnloraFalse,10,single,14,1,10,0.3872381448745727,0.9033333333333332,1.45006000995636,0.41,1.2644847631454468,0.45
bs128_lr0.001_distCOV_wd0.001_filterlen40_learndecoderFalse_schedulerTrue_windows0_dropout0.0_loralr0.0_preprocessorFalse_preencoderFalse_cutfillFalse_learnpredecoderFalse_learnloraFalse,10,pooled,10,3,10_6_4,0.6433824300765991,0.7161111111111111,1.144176721572876,0.54,1.1216129064559937,0.55
bs128_lr0.001_distCOV_wd0.001_filterlen40_learndecoderFalse_schedulerTrue_windows0_dropout0.0_loralr0.0_preprocessorFalse_preencoderFalse_cutfillFalse_learnpredecoderFalse_learnloraFalse,10,pooled,11,3,10_6_4,0.77422034740448,0.6638888888888889,1.3380138874053955,0.42,1.3788737058639526,0.44
bs128_lr0.001_distCOV_wd0.001_filterlen40_learndecoderFalse_schedulerTrue_windows0_dropout0.0_loralr0.0_preprocessorFalse_preencoderFalse_cutfillFalse_learnpredecoderFalse_learnloraFalse,10,pooled,12,3,10_6_4,0.7411342859268188,0.6966666666666667,1.1229842901229858,0.54,1.2092174291610718,0.58
bs128_lr0.001_distCOV_wd0.001_filterlen40_learndecoderFalse_schedulerTrue_windows0_dropout0.0_loralr0.0_preprocessorFalse_preencoderFalse_cutfillFalse_learnpredecoderFalse_learnloraFalse,10,pooled,13,3,10_6_4,1.017530083656311,0.5905555555555555,1.292064189910889,0.4,1.2835513353347778,0.44
bs128_lr0.001_distCOV_wd0.001_filterlen40_learndecoderFalse_schedulerTrue_windows0_dropout0.0_loralr0.0_preprocessorFalse_preencoderFalse_cutfillFalse_learnpredecoderFalse_learnloraFalse,10,pooled,14,3,10_6_4,1.5981245040893557,0.8238888888888889,1.3134872913360596,0.49,1.4320541620254517,0.49
bs128_lr0.001_distCOV_wd0.001_filterlen40_learndecoderFalse_schedulerTrue_windows0_dropout0.0_loralr0.0_preprocessorFalse_preencoderFalse_cutfillFalse_learnpredecoderFalse_learnloraFalse,11,single,10,1,11,0.2005438804626464,0.96,1.2545602321624756,0.46,0.8748048543930054,0.67
bs128_lr0.001_distCOV_wd0.001_filterlen40_learndecoderFalse_schedulerTrue_windows0_dropout0.0_loralr0.0_preprocessorFalse_preencoderFalse_cutfillFalse_learnpredecoderFalse_learnloraFalse,11,single,11,1,11,0.2793693244457245,0.965,1.28801691532135,0.5,1.1817679405212402,0.55
bs128_lr0.001_distCOV_wd0.001_filterlen40_learndecoderFalse_schedulerTrue_windows0_dropout0.0_loralr0.0_preprocessorFalse_preencoderFalse_cutfillFalse_learnpredecoderFalse_learnloraFalse,11,single,12,1,11,0.1242633089423179,0.9916666666666668,1.1388370990753174,0.59,1.1615917682647705,0.53
bs128_lr0.001_distCOV_wd0.001_filterlen40_learndecoderFalse_schedulerTrue_windows0_dropout0.0_loralr0.0_preprocessorFalse_preencoderFalse_cutfillFalse_learnpredecoderFalse_learnloraFalse,11,single,13,1,11,0.0322053879499435,0.9983333333333332,1.1599717140197754,0.54,1.092015504837036,0.6
bs128_lr0.001_distCOV_wd0.001_filterlen40_learndecoderFalse_schedulerTrue_windows0_dropout0.0_loralr0.0_preprocessorFalse_preencoderFalse_cutfillFalse_learnpredecoderFalse_learnloraFalse,11,single,14,1,11,0.005771551746875,1.0,1.077916145324707,0.64,0.9656718373298644,0.66
bs128_lr0.001_distCOV_wd0.001_filterlen40_learndecoderFalse_schedulerTrue_windows0_dropout0.0_loralr0.0_preprocessorFalse_preencoderFalse_cutfillFalse_learnpredecoderFalse_learnloraFalse,11,pooled,10,3,11_10_1,0.2514891624450683,0.8716666666666667,0.7123619914054871,0.76,0.6120609045028687,0.77
bs128_lr0.001_distCOV_wd0.001_filterlen40_learndecoderFalse_schedulerTrue_windows0_dropout0.0_loralr0.0_preprocessorFalse_preencoderFalse_cutfillFalse_learnpredecoderFalse_learnloraFalse,11,pooled,11,3,11_10_1,0.939433753490448,0.785,0.6900100708007812,0.76,0.5635343194007874,0.76
bs128_lr0.001_distCOV_wd0.001_filterlen40_learndecoderFalse_schedulerTrue_windows0_dropout0.0_loralr0.0_preprocessorFalse_preencoderFalse_cutfillFalse_learnpredecoderFalse_learnloraFalse,11,pooled,12,3,11_10_1,0.2639642059803009,0.8555555555555555,0.8406152129173279,0.71,0.5620700716972351,0.77
bs128_lr0.001_distCOV_wd0.001_filterlen40_learndecoderFalse_schedulerTrue_windows0_dropout0.0_loralr0.0_preprocessorFalse_preencoderFalse_cutfillFalse_learnpredecoderFalse_learnloraFalse,11,pooled,13,3,11_10_1,0.8884487152099609,0.8655555555555555,0.76177978515625,0.71,0.5787580609321594,0.78
bs128_lr0.001_distCOV_wd0.001_filterlen40_learndecoderFalse_schedulerTrue_windows0_dropout0.0_loralr0.0_preprocessorFalse_preencoderFalse_cutfillFalse_learnpredecoderFalse_learnloraFalse,11,pooled,14,3,11_10_1,0.501242458820343,0.8144444444444444,0.6279540061950684,0.79,0.4758732318878174,0.83
bs128_lr0.0001_distAE_wd0.01_filterlen40_learndecoderFalse_schedulerTrue_windows0_dropout0.0_loralr0.0_preprocessorFalse_preencoderFalse_cutfillFalse_learnpredecoderFalse_learnloraFalse,1,single,10,1,1,0.6969121694564819,0.8416666666666667,1.1719036102294922,0.63,1.0265223979949951,0.58
bs128_lr0.0001_distAE_wd0.01_filterlen40_learndecoderFalse_schedulerTrue_windows0_dropout0.0_loralr0.0_preprocessorFalse_preencoderFalse_cutfillFalse_learnpredecoderFalse_learnloraFalse,1,single,11,1,1,0.2687271535396576,0.9683333333333334,1.0922907590866089,0.63,0.907989501953125,0.67
bs128_lr0.0001_distAE_wd0.01_filterlen40_learndecoderFalse_schedulerTrue_windows0_dropout0.0_loralr0.0_preprocessorFalse_preencoderFalse_cutfillFalse_learnpredecoderFalse_learnloraFalse,1,single,12,1,1,0.4023929834365845,0.96,1.226929783821106,0.52,0.9677280187606812,0.61
bs128_lr0.0001_distAE_wd0.01_filterlen40_learndecoderFalse_schedulerTrue_windows0_dropout0.0_loralr0.0_preprocessorFalse_preencoderFalse_cutfillFalse_learnpredecoderFalse_learnloraFalse,1,single,13,1,1,0.552253007888794,0.9,1.1023266315460205,0.58,0.927124798297882,0.71
bs128_lr0.0001_distAE_wd0.01_filterlen40_learndecoderFalse_schedulerTrue_windows0_dropout0.0_loralr0.0_preprocessorFalse_preencoderFalse_cutfillFalse_learnpredecoderFalse_learnloraFalse,1,single,14,1,1,0.5494768619537354,0.9366666666666666,1.073134422302246,0.63,0.9363989233970642,0.63
bs128_lr0.0001_distAE_wd0.01_filterlen40_learndecoderFalse_schedulerTrue_windows0_dropout0.0_loralr0.0_preprocessorFalse_preencoderFalse_cutfillFalse_learnpredecoderFalse_learnloraFalse,1,pooled,10,8,1_11_4_7_6_10_9_2,0.4698322713375091,0.8504166666666667,0.8655354380607605,0.69,0.762153148651123,0.7
bs128_lr0.0001_distAE_wd0.01_filterlen40_learndecoderFalse_schedulerTrue_windows0_dropout0.0_loralr0.0_preprocessorFalse_preencoderFalse_cutfillFalse_learnpredecoderFalse_learnloraFalse,1,pooled,11,8,1_11_4_7_6_10_9_2,0.79931640625,0.72625,0.860913097858429,0.67,0.7011812329292297,0.69
bs128_lr0.0001_distAE_wd0.01_filterlen40_learndecoderFalse_schedulerTrue_windows0_dropout0.0_loralr0.0_preprocessorFalse_preencoderFalse_cutfillFalse_learnpredecoderFalse_learnloraFalse,1,pooled,12,8,1_11_4_7_6_10_9_2,0.9898512363433838,0.5972916666666667,0.883378267288208,0.67,0.7097253203392029,0.72
bs128_lr0.0001_distAE_wd0.01_filterlen40_learndecoderFalse_schedulerTrue_windows0_dropout0.0_loralr0.0_preprocessorFalse_preencoderFalse_cutfillFalse_learnpredecoderFalse_learnloraFalse,1,pooled,13,8,1_11_4_7_6_10_9_2,0.756816565990448,0.7416666666666667,0.8643823862075806,0.65,0.7684253454208374,0.74
bs128_lr0.0001_distAE_wd0.01_filterlen40_learndecoderFalse_schedulerTrue_windows0_dropout0.0_loralr0.0_preprocessorFalse_preencoderFalse_cutfillFalse_learnpredecoderFalse_learnloraFalse,1,pooled,14,8,1_11_4_7_6_10_9_2,0.823725700378418,0.7114583333333333,0.93479186296463,0.64,0.728635311126709,0.71
bs128_lr0.0001_distAE_wd0.01_filterlen40_learndecoderFalse_schedulerTrue_windows0_dropout0.0_loralr0.0_preprocessorFalse_preencoderFalse_cutfillFalse_learnpredecoderFalse_learnloraFalse,2,single,10,1,2,0.6129372119903564,0.9083333333333332,1.506527543067932,0.41,0.9343098998069764,0.61
bs128_lr0.0001_distAE_wd0.01_filterlen40_learndecoderFalse_schedulerTrue_windows0_dropout0.0_loralr0.0_preprocessorFalse_preencoderFalse_cutfillFalse_learnpredecoderFalse_learnloraFalse,2,single,11,1,2,0.4153885543346405,0.9116666666666666,1.5895251035690308,0.41,0.9833323955535888,0.65
bs128_lr0.0001_distAE_wd0.01_filterlen40_learndecoderFalse_schedulerTrue_windows0_dropout0.0_loralr0.0_preprocessorFalse_preencoderFalse_cutfillFalse_learnpredecoderFalse_learnloraFalse,2,single,12,1,2,0.4339936971664428,0.9316666666666666,1.1588810682296753,0.54,1.083640456199646,0.72
bs128_lr0.0001_distAE_wd0.01_filterlen40_learndecoderFalse_schedulerTrue_windows0_dropout0.0_loralr0.0_preprocessorFalse_preencoderFalse_cutfillFalse_learnpredecoderFalse_learnloraFalse,2,single,13,1,2,1.7300124168395996,0.2116666666666666,1.6160012483596802,0.14,1.609927773475647,0.22
bs128_lr0.0001_distAE_wd0.01_filterlen40_learndecoderFalse_schedulerTrue_windows0_dropout0.0_loralr0.0_preprocessorFalse_preencoderFalse_cutfillFalse_learnpredecoderFalse_learnloraFalse,2,single,14,1,2,0.4401424527168274,0.9266666666666666,1.5575103759765625,0.4,1.446503758430481,0.65
bs128_lr0.0001_distAE_wd0.01_filterlen40_learndecoderFalse_schedulerTrue_windows0_dropout0.0_loralr0.0_preprocessorFalse_preencoderFalse_cutfillFalse_learnpredecoderFalse_learnloraFalse,2,pooled,10,3,2_7_11,0.5388724207878113,0.8494444444444444,1.136439085006714,0.58,0.9718582630157472,0.76
bs128_lr0.0001_distAE_wd0.01_filterlen40_learndecoderFalse_schedulerTrue_windows0_dropout0.0_loralr0.0_preprocessorFalse_preencoderFalse_cutfillFalse_learnpredecoderFalse_learnloraFalse,2,pooled,11,3,2_7_11,0.6262071132659912,0.855,1.2619460821151731,0.56,0.7925294637680054,0.79
bs128_lr0.0001_distAE_wd0.01_filterlen40_learndecoderFalse_schedulerTrue_windows0_dropout0.0_loralr0.0_preprocessorFalse_preencoderFalse_cutfillFalse_learnpredecoderFalse_learnloraFalse,2,pooled,12,3,2_7_11,1.0291759967803955,0.85,1.309540867805481,0.45,0.7731746435165405,0.71
bs128_lr0.0001_distAE_wd0.01_filterlen40_learndecoderFalse_schedulerTrue_windows0_dropout0.0_loralr0.0_preprocessorFalse_preencoderFalse_cutfillFalse_learnpredecoderFalse_learnloraFalse,2,pooled,13,3,2_7_11,0.3982226848602295,0.8494444444444444,1.2328369617462158,0.6,1.0356903076171875,0.73
bs128_lr0.0001_distAE_wd0.01_filterlen40_learndecoderFalse_schedulerTrue_windows0_dropout0.0_loralr0.0_preprocessorFalse_preencoderFalse_cutfillFalse_learnpredecoderFalse_learnloraFalse,2,pooled,14,3,2_7_11,1.279127597808838,0.8522222222222222,1.391158103942871,0.37,0.6593641638755798,0.71
bs128_lr0.0001_distAE_wd0.01_filterlen40_learndecoderFalse_schedulerTrue_windows0_dropout0.0_loralr0.0_preprocessorFalse_preencoderFalse_cutfillFalse_learnpredecoderFalse_learnloraFalse,3,single,10,1,3,1.2289443016052246,0.6033333333333334,1.5315507650375366,0.35,1.501132845878601,0.34
bs128_lr0.0001_distAE_wd0.01_filterlen40_learndecoderFalse_schedulerTrue_windows0_dropout0.0_loralr0.0_preprocessorFalse_preencoderFalse_cutfillFalse_learnpredecoderFalse_learnloraFalse,3,single,11,1,3,1.094370722770691,0.65,1.4945558309555054,0.38,1.5249252319335938,0.3
bs128_lr0.0001_distAE_wd0.01_filterlen40_learndecoderFalse_schedulerTrue_windows0_dropout0.0_loralr0.0_preprocessorFalse_preencoderFalse_cutfillFalse_learnpredecoderFalse_learnloraFalse,3,single,12,1,3,0.886894166469574,0.77,1.513597011566162,0.29,1.554370403289795,0.31
bs128_lr0.0001_distAE_wd0.01_filterlen40_learndecoderFalse_schedulerTrue_windows0_dropout0.0_loralr0.0_preprocessorFalse_preencoderFalse_cutfillFalse_learnpredecoderFalse_learnloraFalse,3,single,13,1,3,0.5702255368232727,0.9266666666666666,1.5972551107406616,0.31,1.517439842224121,0.31
bs128_lr0.0001_distAE_wd0.01_filterlen40_learndecoderFalse_schedulerTrue_windows0_dropout0.0_loralr0.0_preprocessorFalse_preencoderFalse_cutfillFalse_learnpredecoderFalse_learnloraFalse,3,single,14,1,3,0.8615723252296448,0.8016666666666666,1.6081876754760742,0.27,1.5653936862945557,0.33
bs128_lr0.0001_distAE_wd0.01_filterlen40_learndecoderFalse_schedulerTrue_windows0_dropout0.0_loralr0.0_preprocessorFalse_preencoderFalse_cutfillFalse_learnpredecoderFalse_learnloraFalse,3,pooled,10,3,3_11_10,1.0888628959655762,0.7088888888888889,1.452995777130127,0.39,1.4488719701766968,0.41
bs128_lr0.0001_distAE_wd0.01_filterlen40_learndecoderFalse_schedulerTrue_windows0_dropout0.0_loralr0.0_preprocessorFalse_preencoderFalse_cutfillFalse_learnpredecoderFalse_learnloraFalse,3,pooled,11,3,3_11_10,0.6980483531951904,0.8555555555555555,1.42222261428833,0.41,1.4159955978393557,0.38
bs128_lr0.0001_distAE_wd0.01_filterlen40_learndecoderFalse_schedulerTrue_windows0_dropout0.0_loralr0.0_preprocessorFalse_preencoderFalse_cutfillFalse_learnpredecoderFalse_learnloraFalse,3,pooled,12,3,3_11_10,0.7853376269340515,0.8133333333333334,1.393513798713684,0.43,1.621882677078247,0.3
bs128_lr0.0001_distAE_wd0.01_filterlen40_learndecoderFalse_schedulerTrue_windows0_dropout0.0_loralr0.0_preprocessorFalse_preencoderFalse_cutfillFalse_learnpredecoderFalse_learnloraFalse,3,pooled,13,3,3_11_10,0.4315170645713806,0.9044444444444444,1.4399511814117432,0.46,1.5268564224243164,0.38
bs128_lr0.0001_distAE_wd0.01_filterlen40_learndecoderFalse_schedulerTrue_windows0_dropout0.0_loralr0.0_preprocessorFalse_preencoderFalse_cutfillFalse_learnpredecoderFalse_learnloraFalse,3,pooled,14,3,3_11_10,0.3448284268379211,0.9166666666666666,1.3437494039535522,0.46,1.4605709314346311,0.38
bs128_lr0.0001_distAE_wd0.01_filterlen40_learndecoderFalse_schedulerTrue_windows0_dropout0.0_loralr0.0_preprocessorFalse_preencoderFalse_cutfillFalse_learnpredecoderFalse_learnloraFalse,4,single,10,1,4,1.5533447265625,0.285,1.6010056734085083,0.2,1.6195584535598757,0.2
bs128_lr0.0001_distAE_wd0.01_filterlen40_learndecoderFalse_schedulerTrue_windows0_dropout0.0_loralr0.0_preprocessorFalse_preencoderFalse_cutfillFalse_learnpredecoderFalse_learnloraFalse,4,single,11,1,4,1.6077173948287964,0.2266666666666666,1.6051560640335083,0.2,1.6188000440597534,0.2
bs128_lr0.0001_distAE_wd0.01_filterlen40_learndecoderFalse_schedulerTrue_windows0_dropout0.0_loralr0.0_preprocessorFalse_preencoderFalse_cutfillFalse_learnpredecoderFalse_learnloraFalse,4,single,12,1,4,1.722499132156372,0.15,1.6104263067245483,0.2,1.6107079982757568,0.18
bs128_lr0.0001_distAE_wd0.01_filterlen40_learndecoderFalse_schedulerTrue_windows0_dropout0.0_loralr0.0_preprocessorFalse_preencoderFalse_cutfillFalse_learnpredecoderFalse_learnloraFalse,4,single,13,1,4,1.5547951459884644,0.345,1.6107672452926636,0.23,1.6296603679656982,0.16
bs128_lr0.0001_distAE_wd0.01_filterlen40_learndecoderFalse_schedulerTrue_windows0_dropout0.0_loralr0.0_preprocessorFalse_preencoderFalse_cutfillFalse_learnpredecoderFalse_learnloraFalse,4,single,14,1,4,1.5740207433700562,0.2183333333333333,1.6109501123428345,0.16,1.614689588546753,0.19
bs128_lr0.0001_distAE_wd0.01_filterlen40_learndecoderFalse_schedulerTrue_windows0_dropout0.0_loralr0.0_preprocessorFalse_preencoderFalse_cutfillFalse_learnpredecoderFalse_learnloraFalse,4,pooled,10,1,4,1.5533447265625,0.285,1.6010056734085083,0.2,1.6195584535598757,0.2
bs128_lr0.0001_distAE_wd0.01_filterlen40_learndecoderFalse_schedulerTrue_windows0_dropout0.0_loralr0.0_preprocessorFalse_preencoderFalse_cutfillFalse_learnpredecoderFalse_learnloraFalse,4,pooled,11,1,4,1.6077173948287964,0.2266666666666666,1.6051560640335083,0.2,1.6188000440597534,0.2
bs128_lr0.0001_distAE_wd0.01_filterlen40_learndecoderFalse_schedulerTrue_windows0_dropout0.0_loralr0.0_preprocessorFalse_preencoderFalse_cutfillFalse_learnpredecoderFalse_learnloraFalse,4,pooled,12,1,4,1.722499132156372,0.15,1.6104263067245483,0.2,1.6107079982757568,0.18
bs128_lr0.0001_distAE_wd0.01_filterlen40_learndecoderFalse_schedulerTrue_windows0_dropout0.0_loralr0.0_preprocessorFalse_preencoderFalse_cutfillFalse_learnpredecoderFalse_learnloraFalse,4,pooled,13,1,4,1.5547951459884644,0.345,1.6107672452926636,0.23,1.6296603679656982,0.16
bs128_lr0.0001_distAE_wd0.01_filterlen40_learndecoderFalse_schedulerTrue_windows0_dropout0.0_loralr0.0_preprocessorFalse_preencoderFalse_cutfillFalse_learnpredecoderFalse_learnloraFalse,4,pooled,14,1,4,1.5740207433700562,0.2183333333333333,1.6109501123428345,0.16,1.614689588546753,0.19
bs128_lr0.0001_distAE_wd0.01_filterlen40_learndecoderFalse_schedulerTrue_windows0_dropout0.0_loralr0.0_preprocessorFalse_preencoderFalse_cutfillFalse_learnpredecoderFalse_learnloraFalse,5,single,10,1,5,1.5420318841934204,0.2683333333333333,1.6014034748077393,0.19,1.6043864488601685,0.23
bs128_lr0.0001_distAE_wd0.01_filterlen40_learndecoderFalse_schedulerTrue_windows0_dropout0.0_loralr0.0_preprocessorFalse_preencoderFalse_cutfillFalse_learnpredecoderFalse_learnloraFalse,5,single,11,1,5,1.6552067995071411,0.2316666666666666,1.609399437904358,0.27,1.6154606342315674,0.18
bs128_lr0.0001_distAE_wd0.01_filterlen40_learndecoderFalse_schedulerTrue_windows0_dropout0.0_loralr0.0_preprocessorFalse_preencoderFalse_cutfillFalse_learnpredecoderFalse_learnloraFalse,5,single,12,1,5,1.65760600566864,0.1583333333333333,1.61357319355011,0.2,1.6134454011917114,0.2
bs128_lr0.0001_distAE_wd0.01_filterlen40_learndecoderFalse_schedulerTrue_windows0_dropout0.0_loralr0.0_preprocessorFalse_preencoderFalse_cutfillFalse_learnpredecoderFalse_learnloraFalse,5,single,13,1,5,1.608761191368103,0.285,1.6036616563796997,0.24,1.6119269132614136,0.18
bs128_lr0.0001_distAE_wd0.01_filterlen40_learndecoderFalse_schedulerTrue_windows0_dropout0.0_loralr0.0_preprocessorFalse_preencoderFalse_cutfillFalse_learnpredecoderFalse_learnloraFalse,5,single,14,1,5,1.578596115112305,0.25,1.6068896055221558,0.21,1.6121820211410522,0.2
bs128_lr0.0001_distAE_wd0.01_filterlen40_learndecoderFalse_schedulerTrue_windows0_dropout0.0_loralr0.0_preprocessorFalse_preencoderFalse_cutfillFalse_learnpredecoderFalse_learnloraFalse,5,pooled,10,7,5_6_10_9_7_1_2,0.965239942073822,0.6152380952380953,1.4298324584960938,0.4,1.499210238456726,0.34
bs128_lr0.0001_distAE_wd0.01_filterlen40_learndecoderFalse_schedulerTrue_windows0_dropout0.0_loralr0.0_preprocessorFalse_preencoderFalse_cutfillFalse_learnpredecoderFalse_learnloraFalse,5,pooled,11,7,5_6_10_9_7_1_2,0.7938549518585205,0.7216666666666667,1.381278395652771,0.42,1.573439598083496,0.32
bs128_lr0.0001_distAE_wd0.01_filterlen40_learndecoderFalse_schedulerTrue_windows0_dropout0.0_loralr0.0_preprocessorFalse_preencoderFalse_cutfillFalse_learnpredecoderFalse_learnloraFalse,5,pooled,12,7,5_6_10_9_7_1_2,1.005462646484375,0.5564285714285714,1.3809694051742554,0.43,1.5538657903671265,0.29
bs128_lr0.0001_distAE_wd0.01_filterlen40_learndecoderFalse_schedulerTrue_windows0_dropout0.0_loralr0.0_preprocessorFalse_preencoderFalse_cutfillFalse_learnpredecoderFalse_learnloraFalse,5,pooled,13,7,5_6_10_9_7_1_2,1.0682581663131714,0.6009523809523809,1.4229254722595217,0.49,1.543669581413269,0.33
bs128_lr0.0001_distAE_wd0.01_filterlen40_learndecoderFalse_schedulerTrue_windows0_dropout0.0_loralr0.0_preprocessorFalse_preencoderFalse_cutfillFalse_learnpredecoderFalse_learnloraFalse,5,pooled,14,7,5_6_10_9_7_1_2,0.9772691130638124,0.6423809523809524,1.3374100923538208,0.43,1.5172888040542605,0.35
bs128_lr0.0001_distAE_wd0.01_filterlen40_learndecoderFalse_schedulerTrue_windows0_dropout0.0_loralr0.0_preprocessorFalse_preencoderFalse_cutfillFalse_learnpredecoderFalse_learnloraFalse,6,single,10,1,6,0.1949048489332199,0.98,1.0710786581039429,0.6,1.4627200365066528,0.43
bs128_lr0.0001_distAE_wd0.01_filterlen40_learndecoderFalse_schedulerTrue_windows0_dropout0.0_loralr0.0_preprocessorFalse_preencoderFalse_cutfillFalse_learnpredecoderFalse_learnloraFalse,6,single,11,1,6,0.2032867819070816,0.9866666666666668,1.1016677618026731,0.6,1.520740628242493,0.39
bs128_lr0.0001_distAE_wd0.01_filterlen40_learndecoderFalse_schedulerTrue_windows0_dropout0.0_loralr0.0_preprocessorFalse_preencoderFalse_cutfillFalse_learnpredecoderFalse_learnloraFalse,6,single,12,1,6,0.1346186697483062,0.9866666666666668,1.199504852294922,0.57,1.415714144706726,0.46
bs128_lr0.0001_distAE_wd0.01_filterlen40_learndecoderFalse_schedulerTrue_windows0_dropout0.0_loralr0.0_preprocessorFalse_preencoderFalse_cutfillFalse_learnpredecoderFalse_learnloraFalse,6,single,13,1,6,0.1208557114005088,1.0,1.124433517456055,0.56,1.597802996635437,0.36
bs128_lr0.0001_distAE_wd0.01_filterlen40_learndecoderFalse_schedulerTrue_windows0_dropout0.0_loralr0.0_preprocessorFalse_preencoderFalse_cutfillFalse_learnpredecoderFalse_learnloraFalse,6,single,14,1,6,0.1978716403245926,0.975,1.1129705905914309,0.54,1.3998996019363403,0.44
bs128_lr0.0001_distAE_wd0.01_filterlen40_learndecoderFalse_schedulerTrue_windows0_dropout0.0_loralr0.0_preprocessorFalse_preencoderFalse_cutfillFalse_learnpredecoderFalse_learnloraFalse,6,pooled,10,1,6,0.1949048489332199,0.98,1.0710786581039429,0.6,1.4627200365066528,0.43
bs128_lr0.0001_distAE_wd0.01_filterlen40_learndecoderFalse_schedulerTrue_windows0_dropout0.0_loralr0.0_preprocessorFalse_preencoderFalse_cutfillFalse_learnpredecoderFalse_learnloraFalse,6,pooled,11,1,6,0.2032867819070816,0.9866666666666668,1.1016677618026731,0.6,1.520740628242493,0.39
bs128_lr0.0001_distAE_wd0.01_filterlen40_learndecoderFalse_schedulerTrue_windows0_dropout0.0_loralr0.0_preprocessorFalse_preencoderFalse_cutfillFalse_learnpredecoderFalse_learnloraFalse,6,pooled,12,1,6,0.1346186697483062,0.9866666666666668,1.199504852294922,0.57,1.415714144706726,0.46
bs128_lr0.0001_distAE_wd0.01_filterlen40_learndecoderFalse_schedulerTrue_windows0_dropout0.0_loralr0.0_preprocessorFalse_preencoderFalse_cutfillFalse_learnpredecoderFalse_learnloraFalse,6,pooled,13,1,6,0.1208557114005088,1.0,1.124433517456055,0.56,1.597802996635437,0.36
bs128_lr0.0001_distAE_wd0.01_filterlen40_learndecoderFalse_schedulerTrue_windows0_dropout0.0_loralr0.0_preprocessorFalse_preencoderFalse_cutfillFalse_learnpredecoderFalse_learnloraFalse,6,pooled,14,1,6,0.1978716403245926,0.975,1.1129705905914309,0.54,1.3998996019363403,0.44
bs128_lr0.0001_distAE_wd0.01_filterlen40_learndecoderFalse_schedulerTrue_windows0_dropout0.0_loralr0.0_preprocessorFalse_preencoderFalse_cutfillFalse_learnpredecoderFalse_learnloraFalse,7,single,10,1,7,0.5204002857208252,0.9366666666666666,1.3452675342559814,0.47,1.6800622940063477,0.43
bs128_lr0.0001_distAE_wd0.01_filterlen40_learndecoderFalse_schedulerTrue_windows0_dropout0.0_loralr0.0_preprocessorFalse_preencoderFalse_cutfillFalse_learnpredecoderFalse_learnloraFalse,7,single,11,1,7,0.2579990327358246,0.9716666666666668,1.369780421257019,0.46,1.5515812635421753,0.42
bs128_lr0.0001_distAE_wd0.01_filterlen40_learndecoderFalse_schedulerTrue_windows0_dropout0.0_loralr0.0_preprocessorFalse_preencoderFalse_cutfillFalse_learnpredecoderFalse_learnloraFalse,7,single,12,1,7,0.2927534580230713,0.9733333333333334,1.291082739830017,0.51,1.4142096042633057,0.49
bs128_lr0.0001_distAE_wd0.01_filterlen40_learndecoderFalse_schedulerTrue_windows0_dropout0.0_loralr0.0_preprocessorFalse_preencoderFalse_cutfillFalse_learnpredecoderFalse_learnloraFalse,7,single,13,1,7,0.2766039967536926,0.97,1.3204439878463743,0.53,1.649654507637024,0.42
bs128_lr0.0001_distAE_wd0.01_filterlen40_learndecoderFalse_schedulerTrue_windows0_dropout0.0_loralr0.0_preprocessorFalse_preencoderFalse_cutfillFalse_learnpredecoderFalse_learnloraFalse,7,single,14,1,7,0.9277864098548888,0.7083333333333334,1.457740306854248,0.4,1.7923781871795654,0.33
bs128_lr0.0001_distAE_wd0.01_filterlen40_learndecoderFalse_schedulerTrue_windows0_dropout0.0_loralr0.0_preprocessorFalse_preencoderFalse_cutfillFalse_learnpredecoderFalse_learnloraFalse,7,pooled,10,3,7_3_9,0.9362733364105223,0.7594444444444445,1.2550883293151855,0.48,1.5334936380386353,0.42
bs128_lr0.0001_distAE_wd0.01_filterlen40_learndecoderFalse_schedulerTrue_windows0_dropout0.0_loralr0.0_preprocessorFalse_preencoderFalse_cutfillFalse_learnpredecoderFalse_learnloraFalse,7,pooled,11,3,7_3_9,0.9181838035583496,0.8422222222222222,1.2880901098251345,0.44,1.4949212074279783,0.53
bs128_lr0.0001_distAE_wd0.01_filterlen40_learndecoderFalse_schedulerTrue_windows0_dropout0.0_loralr0.0_preprocessorFalse_preencoderFalse_cutfillFalse_learnpredecoderFalse_learnloraFalse,7,pooled,12,3,7_3_9,0.8300753235816956,0.6738888888888889,1.2679448127746582,0.49,1.4901126623153689,0.43
bs128_lr0.0001_distAE_wd0.01_filterlen40_learndecoderFalse_schedulerTrue_windows0_dropout0.0_loralr0.0_preprocessorFalse_preencoderFalse_cutfillFalse_learnpredecoderFalse_learnloraFalse,7,pooled,13,3,7_3_9,1.301838994026184,0.6433333333333333,1.4160566329956057,0.4,1.6492210626602173,0.36
bs128_lr0.0001_distAE_wd0.01_filterlen40_learndecoderFalse_schedulerTrue_windows0_dropout0.0_loralr0.0_preprocessorFalse_preencoderFalse_cutfillFalse_learnpredecoderFalse_learnloraFalse,7,pooled,14,3,7_3_9,0.7175897359848022,0.725,1.273601531982422,0.47,1.411792874336243,0.45
bs128_lr0.0001_distAE_wd0.01_filterlen40_learndecoderFalse_schedulerTrue_windows0_dropout0.0_loralr0.0_preprocessorFalse_preencoderFalse_cutfillFalse_learnpredecoderFalse_learnloraFalse,8,single,10,1,8,1.5844918489456177,0.3316666666666666,1.6044137477874756,0.22,1.606442093849182,0.22
bs128_lr0.0001_distAE_wd0.01_filterlen40_learndecoderFalse_schedulerTrue_windows0_dropout0.0_loralr0.0_preprocessorFalse_preencoderFalse_cutfillFalse_learnpredecoderFalse_learnloraFalse,8,single,11,1,8,1.266086459159851,0.5783333333333334,1.585904598236084,0.25,1.602522611618042,0.22
bs128_lr0.0001_distAE_wd0.01_filterlen40_learndecoderFalse_schedulerTrue_windows0_dropout0.0_loralr0.0_preprocessorFalse_preencoderFalse_cutfillFalse_learnpredecoderFalse_learnloraFalse,8,single,12,1,8,1.6127482652664185,0.1583333333333333,1.6130306720733645,0.16,1.6128640174865725,0.16
bs128_lr0.0001_distAE_wd0.01_filterlen40_learndecoderFalse_schedulerTrue_windows0_dropout0.0_loralr0.0_preprocessorFalse_preencoderFalse_cutfillFalse_learnpredecoderFalse_learnloraFalse,8,single,13,1,8,1.578914999961853,0.21,1.6058918237686155,0.25,1.6069635152816772,0.24
bs128_lr0.0001_distAE_wd0.01_filterlen40_learndecoderFalse_schedulerTrue_windows0_dropout0.0_loralr0.0_preprocessorFalse_preencoderFalse_cutfillFalse_learnpredecoderFalse_learnloraFalse,8,single,14,1,8,1.638895869255066,0.1966666666666666,1.6128435134887695,0.2,1.6124939918518066,0.21
bs128_lr0.0001_distAE_wd0.01_filterlen40_learndecoderFalse_schedulerTrue_windows0_dropout0.0_loralr0.0_preprocessorFalse_preencoderFalse_cutfillFalse_learnpredecoderFalse_learnloraFalse,8,pooled,10,3,8_5_3,1.5210959911346436,0.3083333333333333,1.586378574371338,0.24,1.5835119485855105,0.22
bs128_lr0.0001_distAE_wd0.01_filterlen40_learndecoderFalse_schedulerTrue_windows0_dropout0.0_loralr0.0_preprocessorFalse_preencoderFalse_cutfillFalse_learnpredecoderFalse_learnloraFalse,8,pooled,11,3,8_5_3,1.5646506547927856,0.2655555555555555,1.5991591215133667,0.22,1.5872750282287598,0.26
bs128_lr0.0001_distAE_wd0.01_filterlen40_learndecoderFalse_schedulerTrue_windows0_dropout0.0_loralr0.0_preprocessorFalse_preencoderFalse_cutfillFalse_learnpredecoderFalse_learnloraFalse,8,pooled,12,3,8_5_3,1.558651089668274,0.3061111111111111,1.5807942152023315,0.24,1.593248724937439,0.24
bs128_lr0.0001_distAE_wd0.01_filterlen40_learndecoderFalse_schedulerTrue_windows0_dropout0.0_loralr0.0_preprocessorFalse_preencoderFalse_cutfillFalse_learnpredecoderFalse_learnloraFalse,8,pooled,13,3,8_5_3,1.5698423385620115,0.2694444444444444,1.591438889503479,0.25,1.5876482725143433,0.23
bs128_lr0.0001_distAE_wd0.01_filterlen40_learndecoderFalse_schedulerTrue_windows0_dropout0.0_loralr0.0_preprocessorFalse_preencoderFalse_cutfillFalse_learnpredecoderFalse_learnloraFalse,8,pooled,14,3,8_5_3,1.5339224338531494,0.3077777777777777,1.580607295036316,0.27,1.5927386283874512,0.27
bs128_lr0.0001_distAE_wd0.01_filterlen40_learndecoderFalse_schedulerTrue_windows0_dropout0.0_loralr0.0_preprocessorFalse_preencoderFalse_cutfillFalse_learnpredecoderFalse_learnloraFalse,9,single,10,1,9,0.1554481536149978,0.9933333333333332,0.6321951746940613,0.82,1.1101489067077637,0.6
bs128_lr0.0001_distAE_wd0.01_filterlen40_learndecoderFalse_schedulerTrue_windows0_dropout0.0_loralr0.0_preprocessorFalse_preencoderFalse_cutfillFalse_learnpredecoderFalse_learnloraFalse,9,single,11,1,9,0.2933534681797027,0.9666666666666668,0.57546067237854,0.83,1.4936901330947876,0.48
bs128_lr0.0001_distAE_wd0.01_filterlen40_learndecoderFalse_schedulerTrue_windows0_dropout0.0_loralr0.0_preprocessorFalse_preencoderFalse_cutfillFalse_learnpredecoderFalse_learnloraFalse,9,single,12,1,9,0.1595252752304077,0.995,0.5117680430412292,0.85,1.0850651264190674,0.61
bs128_lr0.0001_distAE_wd0.01_filterlen40_learndecoderFalse_schedulerTrue_windows0_dropout0.0_loralr0.0_preprocessorFalse_preencoderFalse_cutfillFalse_learnpredecoderFalse_learnloraFalse,9,single,13,1,9,0.414422333240509,0.9483333333333334,0.5166139006614685,0.82,0.928486168384552,0.67
bs128_lr0.0001_distAE_wd0.01_filterlen40_learndecoderFalse_schedulerTrue_windows0_dropout0.0_loralr0.0_preprocessorFalse_preencoderFalse_cutfillFalse_learnpredecoderFalse_learnloraFalse,9,single,14,1,9,0.2557957768440246,0.9666666666666668,0.5239390730857849,0.82,1.0578908920288086,0.62
bs128_lr0.0001_distAE_wd0.01_filterlen40_learndecoderFalse_schedulerTrue_windows0_dropout0.0_loralr0.0_preprocessorFalse_preencoderFalse_cutfillFalse_learnpredecoderFalse_learnloraFalse,9,pooled,10,4,9_6_4_5,0.2822616100311279,0.9433333333333334,0.4576865136623382,0.84,1.2068915367126465,0.55
bs128_lr0.0001_distAE_wd0.01_filterlen40_learndecoderFalse_schedulerTrue_windows0_dropout0.0_loralr0.0_preprocessorFalse_preencoderFalse_cutfillFalse_learnpredecoderFalse_learnloraFalse,9,pooled,11,4,9_6_4_5,0.2995451092720032,0.92,0.5014364719390869,0.82,1.236037015914917,0.57
bs128_lr0.0001_distAE_wd0.01_filterlen40_learndecoderFalse_schedulerTrue_windows0_dropout0.0_loralr0.0_preprocessorFalse_preencoderFalse_cutfillFalse_learnpredecoderFalse_learnloraFalse,9,pooled,12,4,9_6_4_5,0.3275472223758697,0.9170833333333334,0.452433168888092,0.83,1.109729290008545,0.58
bs128_lr0.0001_distAE_wd0.01_filterlen40_learndecoderFalse_schedulerTrue_windows0_dropout0.0_loralr0.0_preprocessorFalse_preencoderFalse_cutfillFalse_learnpredecoderFalse_learnloraFalse,9,pooled,13,4,9_6_4_5,0.2534129023551941,0.9608333333333332,0.5723292231559753,0.78,1.14659321308136,0.57
bs128_lr0.0001_distAE_wd0.01_filterlen40_learndecoderFalse_schedulerTrue_windows0_dropout0.0_loralr0.0_preprocessorFalse_preencoderFalse_cutfillFalse_learnpredecoderFalse_learnloraFalse,9,pooled,14,4,9_6_4_5,0.0898607075214386,0.9820833333333332,0.4467474222183227,0.83,1.373793601989746,0.58
bs128_lr0.0001_distAE_wd0.01_filterlen40_learndecoderFalse_schedulerTrue_windows0_dropout0.0_loralr0.0_preprocessorFalse_preencoderFalse_cutfillFalse_learnpredecoderFalse_learnloraFalse,10,single,10,1,10,0.1436333656311035,0.99,1.4164270162582395,0.41,1.6192996501922607,0.36
bs128_lr0.0001_distAE_wd0.01_filterlen40_learndecoderFalse_schedulerTrue_windows0_dropout0.0_loralr0.0_preprocessorFalse_preencoderFalse_cutfillFalse_learnpredecoderFalse_learnloraFalse,10,single,11,1,10,0.4416645169258117,0.94,1.426928997039795,0.42,1.4266183376312256,0.44
bs128_lr0.0001_distAE_wd0.01_filterlen40_learndecoderFalse_schedulerTrue_windows0_dropout0.0_loralr0.0_preprocessorFalse_preencoderFalse_cutfillFalse_learnpredecoderFalse_learnloraFalse,10,single,12,1,10,0.5437138676643372,0.9016666666666666,1.4565283060073853,0.4,1.376737117767334,0.42
bs128_lr0.0001_distAE_wd0.01_filterlen40_learndecoderFalse_schedulerTrue_windows0_dropout0.0_loralr0.0_preprocessorFalse_preencoderFalse_cutfillFalse_learnpredecoderFalse_learnloraFalse,10,single,13,1,10,0.2105198353528976,0.985,1.4062765836715698,0.45,1.2627196311950684,0.52
bs128_lr0.0001_distAE_wd0.01_filterlen40_learndecoderFalse_schedulerTrue_windows0_dropout0.0_loralr0.0_preprocessorFalse_preencoderFalse_cutfillFalse_learnpredecoderFalse_learnloraFalse,10,single,14,1,10,0.3116735517978668,0.9633333333333334,1.428012132644653,0.4,1.3904262781143188,0.37
bs128_lr0.0001_distAE_wd0.01_filterlen40_learndecoderFalse_schedulerTrue_windows0_dropout0.0_loralr0.0_preprocessorFalse_preencoderFalse_cutfillFalse_learnpredecoderFalse_learnloraFalse,10,pooled,10,2,10_5,0.3029001951217651,0.9475,1.3181698322296145,0.5,1.503953218460083,0.41
bs128_lr0.0001_distAE_wd0.01_filterlen40_learndecoderFalse_schedulerTrue_windows0_dropout0.0_loralr0.0_preprocessorFalse_preencoderFalse_cutfillFalse_learnpredecoderFalse_learnloraFalse,10,pooled,11,2,10_5,0.4757189452648163,0.9258333333333332,1.436988115310669,0.44,1.5256586074829102,0.37
bs128_lr0.0001_distAE_wd0.01_filterlen40_learndecoderFalse_schedulerTrue_windows0_dropout0.0_loralr0.0_preprocessorFalse_preencoderFalse_cutfillFalse_learnpredecoderFalse_learnloraFalse,10,pooled,12,2,10_5,0.493693083524704,0.8858333333333334,1.4355909824371338,0.36,1.656543850898743,0.29
bs128_lr0.0001_distAE_wd0.01_filterlen40_learndecoderFalse_schedulerTrue_windows0_dropout0.0_loralr0.0_preprocessorFalse_preencoderFalse_cutfillFalse_learnpredecoderFalse_learnloraFalse,10,pooled,13,2,10_5,0.8258096575737,0.795,1.3783167600631714,0.48,1.4265737533569336,0.42
bs128_lr0.0001_distAE_wd0.01_filterlen40_learndecoderFalse_schedulerTrue_windows0_dropout0.0_loralr0.0_preprocessorFalse_preencoderFalse_cutfillFalse_learnpredecoderFalse_learnloraFalse,10,pooled,14,2,10_5,0.761874258518219,0.77,1.4022479057312012,0.37,1.3908452987670898,0.41
bs128_lr0.0001_distAE_wd0.01_filterlen40_learndecoderFalse_schedulerTrue_windows0_dropout0.0_loralr0.0_preprocessorFalse_preencoderFalse_cutfillFalse_learnpredecoderFalse_learnloraFalse,11,single,10,1,11,0.5903927087783813,0.9016666666666666,1.1304314136505127,0.58,1.0363218784332275,0.59
bs128_lr0.0001_distAE_wd0.01_filterlen40_learndecoderFalse_schedulerTrue_windows0_dropout0.0_loralr0.0_preprocessorFalse_preencoderFalse_cutfillFalse_learnpredecoderFalse_learnloraFalse,11,single,11,1,11,0.2117380499839782,0.9883333333333332,1.3104244470596311,0.48,1.063947677612305,0.59
bs128_lr0.0001_distAE_wd0.01_filterlen40_learndecoderFalse_schedulerTrue_windows0_dropout0.0_loralr0.0_preprocessorFalse_preencoderFalse_cutfillFalse_learnpredecoderFalse_learnloraFalse,11,single,12,1,11,0.1505573391914367,0.995,1.2632951736450195,0.46,1.05419659614563,0.63
bs128_lr0.0001_distAE_wd0.01_filterlen40_learndecoderFalse_schedulerTrue_windows0_dropout0.0_loralr0.0_preprocessorFalse_preencoderFalse_cutfillFalse_learnpredecoderFalse_learnloraFalse,11,single,13,1,11,0.2651098370552063,0.9783333333333334,1.185720920562744,0.48,1.1489940881729126,0.52
bs128_lr0.0001_distAE_wd0.01_filterlen40_learndecoderFalse_schedulerTrue_windows0_dropout0.0_loralr0.0_preprocessorFalse_preencoderFalse_cutfillFalse_learnpredecoderFalse_learnloraFalse,11,single,14,1,11,0.4866758584976196,0.93,1.1250659227371216,0.54,1.0529685020446775,0.58
bs128_lr0.0001_distAE_wd0.01_filterlen40_learndecoderFalse_schedulerTrue_windows0_dropout0.0_loralr0.0_preprocessorFalse_preencoderFalse_cutfillFalse_learnpredecoderFalse_learnloraFalse,11,pooled,10,1,11,0.5903927087783813,0.9016666666666666,1.1304314136505127,0.58,1.0363218784332275,0.59
bs128_lr0.0001_distAE_wd0.01_filterlen40_learndecoderFalse_schedulerTrue_windows0_dropout0.0_loralr0.0_preprocessorFalse_preencoderFalse_cutfillFalse_learnpredecoderFalse_learnloraFalse,11,pooled,11,1,11,0.2117380499839782,0.9883333333333332,1.3104244470596311,0.48,1.063947677612305,0.59
bs128_lr0.0001_distAE_wd0.01_filterlen40_learndecoderFalse_schedulerTrue_windows0_dropout0.0_loralr0.0_preprocessorFalse_preencoderFalse_cutfillFalse_learnpredecoderFalse_learnloraFalse,11,pooled,12,1,11,0.1505573391914367,0.995,1.2632951736450195,0.46,1.05419659614563,0.63
bs128_lr0.0001_distAE_wd0.01_filterlen40_learndecoderFalse_schedulerTrue_windows0_dropout0.0_loralr0.0_preprocessorFalse_preencoderFalse_cutfillFalse_learnpredecoderFalse_learnloraFalse,11,pooled,13,1,11,0.2651098370552063,0.9783333333333334,1.185720920562744,0.48,1.1489940881729126,0.52
bs128_lr0.0001_distAE_wd0.01_filterlen40_learndecoderFalse_schedulerTrue_windows0_dropout0.0_loralr0.0_preprocessorFalse_preencoderFalse_cutfillFalse_learnpredecoderFalse_learnloraFalse,11,pooled,14,1,11,0.4866758584976196,0.93,1.1250659227371216,0.54,1.0529685020446775,0.58
bs128_lr0.0001_distAE_wd0.001_filterlen40_learndecoderFalse_schedulerTrue_windows0_dropout0.0_loralr0.0_preprocessorFalse_preencoderFalse_cutfillFalse_learnpredecoderFalse_learnloraFalse,1,single,10,1,1,0.422453910112381,0.9383333333333334,1.0434088706970217,0.63,1.0931174755096436,0.64
bs128_lr0.0001_distAE_wd0.001_filterlen40_learndecoderFalse_schedulerTrue_windows0_dropout0.0_loralr0.0_preprocessorFalse_preencoderFalse_cutfillFalse_learnpredecoderFalse_learnloraFalse,1,single,11,1,1,0.4451110959053039,0.915,1.058312177658081,0.62,1.0017527341842651,0.64
bs128_lr0.0001_distAE_wd0.001_filterlen40_learndecoderFalse_schedulerTrue_windows0_dropout0.0_loralr0.0_preprocessorFalse_preencoderFalse_cutfillFalse_learnpredecoderFalse_learnloraFalse,1,single,12,1,1,0.4459712207317352,0.9133333333333332,1.1527825593948364,0.57,0.9623816013336182,0.67
bs128_lr0.0001_distAE_wd0.001_filterlen40_learndecoderFalse_schedulerTrue_windows0_dropout0.0_loralr0.0_preprocessorFalse_preencoderFalse_cutfillFalse_learnpredecoderFalse_learnloraFalse,1,single,13,1,1,0.3803418278694153,0.9333333333333332,1.164571762084961,0.58,0.9405299425125122,0.69
bs128_lr0.0001_distAE_wd0.001_filterlen40_learndecoderFalse_schedulerTrue_windows0_dropout0.0_loralr0.0_preprocessorFalse_preencoderFalse_cutfillFalse_learnpredecoderFalse_learnloraFalse,1,single,14,1,1,0.556210994720459,0.8816666666666667,1.0369021892547607,0.65,1.0073027610778809,0.63
bs128_lr0.0001_distAE_wd0.001_filterlen40_learndecoderFalse_schedulerTrue_windows0_dropout0.0_loralr0.0_preprocessorFalse_preencoderFalse_cutfillFalse_learnpredecoderFalse_learnloraFalse,1,pooled,10,3,1_7_3,0.2548967003822326,0.8827777777777778,0.9478859901428224,0.7,0.7630470395088196,0.7
bs128_lr0.0001_distAE_wd0.001_filterlen40_learndecoderFalse_schedulerTrue_windows0_dropout0.0_loralr0.0_preprocessorFalse_preencoderFalse_cutfillFalse_learnpredecoderFalse_learnloraFalse,1,pooled,11,3,1_7_3,1.012641429901123,0.8744444444444445,0.9445056915283204,0.67,0.7563479542732239,0.7
bs128_lr0.0001_distAE_wd0.001_filterlen40_learndecoderFalse_schedulerTrue_windows0_dropout0.0_loralr0.0_preprocessorFalse_preencoderFalse_cutfillFalse_learnpredecoderFalse_learnloraFalse,1,pooled,12,3,1_7_3,1.4820239543914795,0.6433333333333333,0.8789823055267334,0.65,0.8751878142356873,0.68
bs128_lr0.0001_distAE_wd0.001_filterlen40_learndecoderFalse_schedulerTrue_windows0_dropout0.0_loralr0.0_preprocessorFalse_preencoderFalse_cutfillFalse_learnpredecoderFalse_learnloraFalse,1,pooled,13,3,1_7_3,0.5726009607315063,0.8416666666666667,0.9704115390777588,0.65,0.9816398620605468,0.64
bs128_lr0.0001_distAE_wd0.001_filterlen40_learndecoderFalse_schedulerTrue_windows0_dropout0.0_loralr0.0_preprocessorFalse_preencoderFalse_cutfillFalse_learnpredecoderFalse_learnloraFalse,1,pooled,14,3,1_7_3,1.6080195903778076,0.7755555555555556,0.9184237718582152,0.71,0.8965650796890259,0.66
bs128_lr0.0001_distAE_wd0.001_filterlen40_learndecoderFalse_schedulerTrue_windows0_dropout0.0_loralr0.0_preprocessorFalse_preencoderFalse_cutfillFalse_learnpredecoderFalse_learnloraFalse,2,single,10,1,2,1.651516675949097,0.2316666666666666,1.6009527444839478,0.26,1.6131936311721802,0.22
bs128_lr0.0001_distAE_wd0.001_filterlen40_learndecoderFalse_schedulerTrue_windows0_dropout0.0_loralr0.0_preprocessorFalse_preencoderFalse_cutfillFalse_learnpredecoderFalse_learnloraFalse,2,single,11,1,2,1.7202366590499878,0.18,1.6141821146011353,0.2,1.6192392110824585,0.2
bs128_lr0.0001_distAE_wd0.001_filterlen40_learndecoderFalse_schedulerTrue_windows0_dropout0.0_loralr0.0_preprocessorFalse_preencoderFalse_cutfillFalse_learnpredecoderFalse_learnloraFalse,2,single,12,1,2,0.3366919457912445,0.9233333333333332,1.3580702543258667,0.56,0.8796585202217102,0.66
bs128_lr0.0001_distAE_wd0.001_filterlen40_learndecoderFalse_schedulerTrue_windows0_dropout0.0_loralr0.0_preprocessorFalse_preencoderFalse_cutfillFalse_learnpredecoderFalse_learnloraFalse,2,single,13,1,2,1.595674991607666,0.2,1.6060830354690552,0.22,1.6020426750183103,0.22
bs128_lr0.0001_distAE_wd0.001_filterlen40_learndecoderFalse_schedulerTrue_windows0_dropout0.0_loralr0.0_preprocessorFalse_preencoderFalse_cutfillFalse_learnpredecoderFalse_learnloraFalse,2,single,14,1,2,0.3603473603725433,0.9333333333333332,1.432483196258545,0.35,0.8640016317367554,0.71
bs128_lr0.0001_distAE_wd0.001_filterlen40_learndecoderFalse_schedulerTrue_windows0_dropout0.0_loralr0.0_preprocessorFalse_preencoderFalse_cutfillFalse_learnpredecoderFalse_learnloraFalse,2,pooled,10,3,2_1_7,0.7847808599472046,0.8566666666666667,1.300787329673767,0.53,1.0961014032363892,0.61
bs128_lr0.0001_distAE_wd0.001_filterlen40_learndecoderFalse_schedulerTrue_windows0_dropout0.0_loralr0.0_preprocessorFalse_preencoderFalse_cutfillFalse_learnpredecoderFalse_learnloraFalse,2,pooled,11,3,2_1_7,0.8457620143890381,0.8655555555555555,1.2260065078735352,0.55,0.776997983455658,0.73
bs128_lr0.0001_distAE_wd0.001_filterlen40_learndecoderFalse_schedulerTrue_windows0_dropout0.0_loralr0.0_preprocessorFalse_preencoderFalse_cutfillFalse_learnpredecoderFalse_learnloraFalse,2,pooled,12,3,2_1_7,1.1539913415908811,0.7944444444444444,1.453349471092224,0.44,1.049968719482422,0.65
bs128_lr0.0001_distAE_wd0.001_filterlen40_learndecoderFalse_schedulerTrue_windows0_dropout0.0_loralr0.0_preprocessorFalse_preencoderFalse_cutfillFalse_learnpredecoderFalse_learnloraFalse,2,pooled,13,3,2_1_7,0.9376296997070312,0.8688888888888889,1.3084099292755127,0.51,0.8193728923797607,0.78
bs128_lr0.0001_distAE_wd0.001_filterlen40_learndecoderFalse_schedulerTrue_windows0_dropout0.0_loralr0.0_preprocessorFalse_preencoderFalse_cutfillFalse_learnpredecoderFalse_learnloraFalse,2,pooled,14,3,2_1_7,0.903515100479126,0.8311111111111111,1.3879516124725342,0.44,0.8177732229232788,0.78
bs128_lr0.0001_distAE_wd0.001_filterlen40_learndecoderFalse_schedulerTrue_windows0_dropout0.0_loralr0.0_preprocessorFalse_preencoderFalse_cutfillFalse_learnpredecoderFalse_learnloraFalse,3,single,10,1,3,0.950851023197174,0.7666666666666667,1.5613850355148315,0.35,1.5162960290908811,0.42
bs128_lr0.0001_distAE_wd0.001_filterlen40_learndecoderFalse_schedulerTrue_windows0_dropout0.0_loralr0.0_preprocessorFalse_preencoderFalse_cutfillFalse_learnpredecoderFalse_learnloraFalse,3,single,11,1,3,0.9216719269752502,0.7466666666666667,1.509641408920288,0.36,1.5183491706848145,0.32
bs128_lr0.0001_distAE_wd0.001_filterlen40_learndecoderFalse_schedulerTrue_windows0_dropout0.0_loralr0.0_preprocessorFalse_preencoderFalse_cutfillFalse_learnpredecoderFalse_learnloraFalse,3,single,12,1,3,0.6760900020599365,0.84,1.5809820890426636,0.31,1.552118182182312,0.35
bs128_lr0.0001_distAE_wd0.001_filterlen40_learndecoderFalse_schedulerTrue_windows0_dropout0.0_loralr0.0_preprocessorFalse_preencoderFalse_cutfillFalse_learnpredecoderFalse_learnloraFalse,3,single,13,1,3,0.9957315921783448,0.6866666666666666,1.5283420085906982,0.36,1.5821048021316528,0.41
bs128_lr0.0001_distAE_wd0.001_filterlen40_learndecoderFalse_schedulerTrue_windows0_dropout0.0_loralr0.0_preprocessorFalse_preencoderFalse_cutfillFalse_learnpredecoderFalse_learnloraFalse,3,single,14,1,3,1.0700749158859253,0.6966666666666667,1.563886284828186,0.32,1.4991095066070557,0.33
bs128_lr0.0001_distAE_wd0.001_filterlen40_learndecoderFalse_schedulerTrue_windows0_dropout0.0_loralr0.0_preprocessorFalse_preencoderFalse_cutfillFalse_learnpredecoderFalse_learnloraFalse,3,pooled,10,1,3,0.950851023197174,0.7666666666666667,1.5613850355148315,0.35,1.5162960290908811,0.42
bs128_lr0.0001_distAE_wd0.001_filterlen40_learndecoderFalse_schedulerTrue_windows0_dropout0.0_loralr0.0_preprocessorFalse_preencoderFalse_cutfillFalse_learnpredecoderFalse_learnloraFalse,3,pooled,11,1,3,0.9216719269752502,0.7466666666666667,1.509641408920288,0.36,1.5183491706848145,0.32
bs128_lr0.0001_distAE_wd0.001_filterlen40_learndecoderFalse_schedulerTrue_windows0_dropout0.0_loralr0.0_preprocessorFalse_preencoderFalse_cutfillFalse_learnpredecoderFalse_learnloraFalse,3,pooled,12,1,3,0.6760900020599365,0.84,1.5809820890426636,0.31,1.552118182182312,0.35
bs128_lr0.0001_distAE_wd0.001_filterlen40_learndecoderFalse_schedulerTrue_windows0_dropout0.0_loralr0.0_preprocessorFalse_preencoderFalse_cutfillFalse_learnpredecoderFalse_learnloraFalse,3,pooled,13,1,3,0.9957315921783448,0.6866666666666666,1.5283420085906982,0.36,1.5821048021316528,0.41
bs128_lr0.0001_distAE_wd0.001_filterlen40_learndecoderFalse_schedulerTrue_windows0_dropout0.0_loralr0.0_preprocessorFalse_preencoderFalse_cutfillFalse_learnpredecoderFalse_learnloraFalse,3,pooled,14,1,3,1.0700749158859253,0.6966666666666667,1.563886284828186,0.32,1.4991095066070557,0.33
bs128_lr0.0001_distAE_wd0.001_filterlen40_learndecoderFalse_schedulerTrue_windows0_dropout0.0_loralr0.0_preprocessorFalse_preencoderFalse_cutfillFalse_learnpredecoderFalse_learnloraFalse,4,single,10,1,4,1.583705186843872,0.3583333333333333,1.6034917831420898,0.27,1.6107772588729858,0.22
bs128_lr0.0001_distAE_wd0.001_filterlen40_learndecoderFalse_schedulerTrue_windows0_dropout0.0_loralr0.0_preprocessorFalse_preencoderFalse_cutfillFalse_learnpredecoderFalse_learnloraFalse,4,single,11,1,4,1.5583175420761108,0.2433333333333333,1.6122007369995115,0.23,1.6169006824493408,0.19
bs128_lr0.0001_distAE_wd0.001_filterlen40_learndecoderFalse_schedulerTrue_windows0_dropout0.0_loralr0.0_preprocessorFalse_preencoderFalse_cutfillFalse_learnpredecoderFalse_learnloraFalse,4,single,12,1,4,1.6997902393341064,0.21,1.614065647125244,0.16,1.613431692123413,0.16
bs128_lr0.0001_distAE_wd0.001_filterlen40_learndecoderFalse_schedulerTrue_windows0_dropout0.0_loralr0.0_preprocessorFalse_preencoderFalse_cutfillFalse_learnpredecoderFalse_learnloraFalse,4,single,13,1,4,1.5915206670761108,0.2883333333333333,1.6127021312713623,0.23,1.618806004524231,0.17
bs128_lr0.0001_distAE_wd0.001_filterlen40_learndecoderFalse_schedulerTrue_windows0_dropout0.0_loralr0.0_preprocessorFalse_preencoderFalse_cutfillFalse_learnpredecoderFalse_learnloraFalse,4,single,14,1,4,1.6816534996032717,0.2,1.607138991355896,0.2,1.6070419549942017,0.2
bs128_lr0.0001_distAE_wd0.001_filterlen40_learndecoderFalse_schedulerTrue_windows0_dropout0.0_loralr0.0_preprocessorFalse_preencoderFalse_cutfillFalse_learnpredecoderFalse_learnloraFalse,4,pooled,10,2,4_11,1.57336688041687,0.2525,1.6011383533477783,0.21,1.6096603870391846,0.2
bs128_lr0.0001_distAE_wd0.001_filterlen40_learndecoderFalse_schedulerTrue_windows0_dropout0.0_loralr0.0_preprocessorFalse_preencoderFalse_cutfillFalse_learnpredecoderFalse_learnloraFalse,4,pooled,11,2,4_11,1.5824546813964844,0.2691666666666666,1.6034849882125854,0.22,1.6126104593276978,0.16
bs128_lr0.0001_distAE_wd0.001_filterlen40_learndecoderFalse_schedulerTrue_windows0_dropout0.0_loralr0.0_preprocessorFalse_preencoderFalse_cutfillFalse_learnpredecoderFalse_learnloraFalse,4,pooled,12,2,4_11,1.6518138647079468,0.2,1.6077560186386108,0.17,1.6076843738555908,0.22
bs128_lr0.0001_distAE_wd0.001_filterlen40_learndecoderFalse_schedulerTrue_windows0_dropout0.0_loralr0.0_preprocessorFalse_preencoderFalse_cutfillFalse_learnpredecoderFalse_learnloraFalse,4,pooled,13,2,4_11,1.5622508525848389,0.2283333333333333,1.6100201606750488,0.21,1.6198924779891968,0.24
bs128_lr0.0001_distAE_wd0.001_filterlen40_learndecoderFalse_schedulerTrue_windows0_dropout0.0_loralr0.0_preprocessorFalse_preencoderFalse_cutfillFalse_learnpredecoderFalse_learnloraFalse,4,pooled,14,2,4_11,1.5735650062561035,0.2408333333333333,1.603548884391785,0.24,1.6148358583450315,0.11
bs128_lr0.0001_distAE_wd0.001_filterlen40_learndecoderFalse_schedulerTrue_windows0_dropout0.0_loralr0.0_preprocessorFalse_preencoderFalse_cutfillFalse_learnpredecoderFalse_learnloraFalse,5,single,10,1,5,1.5012673139572144,0.2733333333333333,1.5894666910171509,0.28,1.6004714965820312,0.22
bs128_lr0.0001_distAE_wd0.001_filterlen40_learndecoderFalse_schedulerTrue_windows0_dropout0.0_loralr0.0_preprocessorFalse_preencoderFalse_cutfillFalse_learnpredecoderFalse_learnloraFalse,5,single,11,1,5,1.586207628250122,0.285,1.6030563116073608,0.26,1.609671950340271,0.16
bs128_lr0.0001_distAE_wd0.001_filterlen40_learndecoderFalse_schedulerTrue_windows0_dropout0.0_loralr0.0_preprocessorFalse_preencoderFalse_cutfillFalse_learnpredecoderFalse_learnloraFalse,5,single,12,1,5,1.5481823682785034,0.25,1.604335904121399,0.19,1.6095547676086426,0.22
bs128_lr0.0001_distAE_wd0.001_filterlen40_learndecoderFalse_schedulerTrue_windows0_dropout0.0_loralr0.0_preprocessorFalse_preencoderFalse_cutfillFalse_learnpredecoderFalse_learnloraFalse,5,single,13,1,5,1.5881911516189575,0.2366666666666666,1.6066688299179075,0.23,1.6130653619766235,0.24
bs128_lr0.0001_distAE_wd0.001_filterlen40_learndecoderFalse_schedulerTrue_windows0_dropout0.0_loralr0.0_preprocessorFalse_preencoderFalse_cutfillFalse_learnpredecoderFalse_learnloraFalse,5,single,14,1,5,1.574113368988037,0.3116666666666666,1.6073745489120483,0.22,1.6122108697891235,0.21
bs128_lr0.0001_distAE_wd0.001_filterlen40_learndecoderFalse_schedulerTrue_windows0_dropout0.0_loralr0.0_preprocessorFalse_preencoderFalse_cutfillFalse_learnpredecoderFalse_learnloraFalse,5,pooled,10,1,5,1.5012673139572144,0.2733333333333333,1.5894666910171509,0.28,1.6004714965820312,0.22
bs128_lr0.0001_distAE_wd0.001_filterlen40_learndecoderFalse_schedulerTrue_windows0_dropout0.0_loralr0.0_preprocessorFalse_preencoderFalse_cutfillFalse_learnpredecoderFalse_learnloraFalse,5,pooled,11,1,5,1.586207628250122,0.285,1.6030563116073608,0.26,1.609671950340271,0.16
bs128_lr0.0001_distAE_wd0.001_filterlen40_learndecoderFalse_schedulerTrue_windows0_dropout0.0_loralr0.0_preprocessorFalse_preencoderFalse_cutfillFalse_learnpredecoderFalse_learnloraFalse,5,pooled,12,1,5,1.5481823682785034,0.25,1.604335904121399,0.19,1.6095547676086426,0.22
bs128_lr0.0001_distAE_wd0.001_filterlen40_learndecoderFalse_schedulerTrue_windows0_dropout0.0_loralr0.0_preprocessorFalse_preencoderFalse_cutfillFalse_learnpredecoderFalse_learnloraFalse,5,pooled,13,1,5,1.5881911516189575,0.2366666666666666,1.6066688299179075,0.23,1.6130653619766235,0.24
bs128_lr0.0001_distAE_wd0.001_filterlen40_learndecoderFalse_schedulerTrue_windows0_dropout0.0_loralr0.0_preprocessorFalse_preencoderFalse_cutfillFalse_learnpredecoderFalse_learnloraFalse,5,pooled,14,1,5,1.574113368988037,0.3116666666666666,1.6073745489120483,0.22,1.6122108697891235,0.21
bs128_lr0.0001_distAE_wd0.001_filterlen40_learndecoderFalse_schedulerTrue_windows0_dropout0.0_loralr0.0_preprocessorFalse_preencoderFalse_cutfillFalse_learnpredecoderFalse_learnloraFalse,6,single,10,1,6,0.2420360594987869,0.99,1.209046483039856,0.49,1.5937443971633911,0.38
bs128_lr0.0001_distAE_wd0.001_filterlen40_learndecoderFalse_schedulerTrue_windows0_dropout0.0_loralr0.0_preprocessorFalse_preencoderFalse_cutfillFalse_learnpredecoderFalse_learnloraFalse,6,single,11,1,6,0.1088266149163246,0.9916666666666668,1.127220630645752,0.54,1.5042959451675415,0.43
bs128_lr0.0001_distAE_wd0.001_filterlen40_learndecoderFalse_schedulerTrue_windows0_dropout0.0_loralr0.0_preprocessorFalse_preencoderFalse_cutfillFalse_learnpredecoderFalse_learnloraFalse,6,single,12,1,6,0.1253367364406585,0.9933333333333332,1.0784376859664917,0.55,1.4268406629562378,0.47
bs128_lr0.0001_distAE_wd0.001_filterlen40_learndecoderFalse_schedulerTrue_windows0_dropout0.0_loralr0.0_preprocessorFalse_preencoderFalse_cutfillFalse_learnpredecoderFalse_learnloraFalse,6,single,13,1,6,0.2658156156539917,0.9816666666666668,1.119731307029724,0.53,1.5106524229049685,0.44
bs128_lr0.0001_distAE_wd0.001_filterlen40_learndecoderFalse_schedulerTrue_windows0_dropout0.0_loralr0.0_preprocessorFalse_preencoderFalse_cutfillFalse_learnpredecoderFalse_learnloraFalse,6,single,14,1,6,0.1100585460662841,0.9983333333333332,1.169703722000122,0.55,1.4868427515029907,0.45
bs128_lr0.0001_distAE_wd0.001_filterlen40_learndecoderFalse_schedulerTrue_windows0_dropout0.0_loralr0.0_preprocessorFalse_preencoderFalse_cutfillFalse_learnpredecoderFalse_learnloraFalse,6,pooled,10,3,6_9_11,0.0842840820550918,0.9522222222222222,1.0248193740844729,0.57,1.1370117664337158,0.54
bs128_lr0.0001_distAE_wd0.001_filterlen40_learndecoderFalse_schedulerTrue_windows0_dropout0.0_loralr0.0_preprocessorFalse_preencoderFalse_cutfillFalse_learnpredecoderFalse_learnloraFalse,6,pooled,11,3,6_9_11,0.456861674785614,0.8983333333333333,1.056828498840332,0.56,1.1397950649261477,0.53
bs128_lr0.0001_distAE_wd0.001_filterlen40_learndecoderFalse_schedulerTrue_windows0_dropout0.0_loralr0.0_preprocessorFalse_preencoderFalse_cutfillFalse_learnpredecoderFalse_learnloraFalse,6,pooled,12,3,6_9_11,0.4681023061275482,0.945,1.0744280815124512,0.56,1.4391342401504517,0.46
bs128_lr0.0001_distAE_wd0.001_filterlen40_learndecoderFalse_schedulerTrue_windows0_dropout0.0_loralr0.0_preprocessorFalse_preencoderFalse_cutfillFalse_learnpredecoderFalse_learnloraFalse,6,pooled,13,3,6_9_11,0.5604737997055054,0.8638888888888889,0.97593355178833,0.64,1.144036889076233,0.52
bs128_lr0.0001_distAE_wd0.001_filterlen40_learndecoderFalse_schedulerTrue_windows0_dropout0.0_loralr0.0_preprocessorFalse_preencoderFalse_cutfillFalse_learnpredecoderFalse_learnloraFalse,6,pooled,14,3,6_9_11,0.8213400840759277,0.9127777777777778,1.139522910118103,0.54,1.2394285202026367,0.51
bs128_lr0.0001_distAE_wd0.001_filterlen40_learndecoderFalse_schedulerTrue_windows0_dropout0.0_loralr0.0_preprocessorFalse_preencoderFalse_cutfillFalse_learnpredecoderFalse_learnloraFalse,7,single,10,1,7,0.4889564216136932,0.9233333333333332,1.4533989429473877,0.37,1.633258819580078,0.38
bs128_lr0.0001_distAE_wd0.001_filterlen40_learndecoderFalse_schedulerTrue_windows0_dropout0.0_loralr0.0_preprocessorFalse_preencoderFalse_cutfillFalse_learnpredecoderFalse_learnloraFalse,7,single,11,1,7,0.3716896772384643,0.9383333333333334,1.412927269935608,0.39,1.7199654579162598,0.37
bs128_lr0.0001_distAE_wd0.001_filterlen40_learndecoderFalse_schedulerTrue_windows0_dropout0.0_loralr0.0_preprocessorFalse_preencoderFalse_cutfillFalse_learnpredecoderFalse_learnloraFalse,7,single,12,1,7,0.3934168517589569,0.9583333333333334,1.3528023958206177,0.4,1.6070818901062012,0.42
bs128_lr0.0001_distAE_wd0.001_filterlen40_learndecoderFalse_schedulerTrue_windows0_dropout0.0_loralr0.0_preprocessorFalse_preencoderFalse_cutfillFalse_learnpredecoderFalse_learnloraFalse,7,single,13,1,7,0.2417533248662948,0.975,1.2984271049499512,0.49,1.531468391418457,0.4
bs128_lr0.0001_distAE_wd0.001_filterlen40_learndecoderFalse_schedulerTrue_windows0_dropout0.0_loralr0.0_preprocessorFalse_preencoderFalse_cutfillFalse_learnpredecoderFalse_learnloraFalse,7,single,14,1,7,0.6379982233047485,0.8716666666666667,1.513585090637207,0.33,1.6836985349655151,0.39
bs128_lr0.0001_distAE_wd0.001_filterlen40_learndecoderFalse_schedulerTrue_windows0_dropout0.0_loralr0.0_preprocessorFalse_preencoderFalse_cutfillFalse_learnpredecoderFalse_learnloraFalse,7,pooled,10,3,7_4_11,0.9536533951759338,0.8961111111111111,1.348555564880371,0.44,1.5503191947937012,0.42
bs128_lr0.0001_distAE_wd0.001_filterlen40_learndecoderFalse_schedulerTrue_windows0_dropout0.0_loralr0.0_preprocessorFalse_preencoderFalse_cutfillFalse_learnpredecoderFalse_learnloraFalse,7,pooled,11,3,7_4_11,1.265131950378418,0.9061111111111112,1.401705622673035,0.4,1.6901443004608154,0.42
bs128_lr0.0001_distAE_wd0.001_filterlen40_learndecoderFalse_schedulerTrue_windows0_dropout0.0_loralr0.0_preprocessorFalse_preencoderFalse_cutfillFalse_learnpredecoderFalse_learnloraFalse,7,pooled,12,3,7_4_11,0.615341305732727,0.8466666666666667,1.3405022621154783,0.48,1.657365083694458,0.42
bs128_lr0.0001_distAE_wd0.001_filterlen40_learndecoderFalse_schedulerTrue_windows0_dropout0.0_loralr0.0_preprocessorFalse_preencoderFalse_cutfillFalse_learnpredecoderFalse_learnloraFalse,7,pooled,13,3,7_4_11,0.3794406354427337,0.8266666666666667,1.3607388734817505,0.46,1.5130130052566528,0.44
bs128_lr0.0001_distAE_wd0.001_filterlen40_learndecoderFalse_schedulerTrue_windows0_dropout0.0_loralr0.0_preprocessorFalse_preencoderFalse_cutfillFalse_learnpredecoderFalse_learnloraFalse,7,pooled,14,3,7_4_11,0.9797182083129884,0.8266666666666667,1.3718687295913696,0.44,1.6379806995391846,0.42
bs128_lr0.0001_distAE_wd0.001_filterlen40_learndecoderFalse_schedulerTrue_windows0_dropout0.0_loralr0.0_preprocessorFalse_preencoderFalse_cutfillFalse_learnpredecoderFalse_learnloraFalse,8,single,10,1,8,1.636785626411438,0.17,1.6101363897323608,0.23,1.610205054283142,0.23
bs128_lr0.0001_distAE_wd0.001_filterlen40_learndecoderFalse_schedulerTrue_windows0_dropout0.0_loralr0.0_preprocessorFalse_preencoderFalse_cutfillFalse_learnpredecoderFalse_learnloraFalse,8,single,11,1,8,1.6397420167922974,0.2,1.6060296297073364,0.2,1.606052279472351,0.2
bs128_lr0.0001_distAE_wd0.001_filterlen40_learndecoderFalse_schedulerTrue_windows0_dropout0.0_loralr0.0_preprocessorFalse_preencoderFalse_cutfillFalse_learnpredecoderFalse_learnloraFalse,8,single,12,1,8,1.3490406274795532,0.52,1.6172332763671875,0.19,1.616182804107666,0.25
bs128_lr0.0001_distAE_wd0.001_filterlen40_learndecoderFalse_schedulerTrue_windows0_dropout0.0_loralr0.0_preprocessorFalse_preencoderFalse_cutfillFalse_learnpredecoderFalse_learnloraFalse,8,single,13,1,8,1.7130520343780518,0.165,1.6107032299041748,0.2,1.610363483428955,0.2
bs128_lr0.0001_distAE_wd0.001_filterlen40_learndecoderFalse_schedulerTrue_windows0_dropout0.0_loralr0.0_preprocessorFalse_preencoderFalse_cutfillFalse_learnpredecoderFalse_learnloraFalse,8,single,14,1,8,1.53449285030365,0.3716666666666666,1.6091983318328855,0.23,1.6045172214508057,0.26
bs128_lr0.0001_distAE_wd0.001_filterlen40_learndecoderFalse_schedulerTrue_windows0_dropout0.0_loralr0.0_preprocessorFalse_preencoderFalse_cutfillFalse_learnpredecoderFalse_learnloraFalse,8,pooled,10,4,8_11_10_5,1.5724587440490725,0.37625,1.5785428285598757,0.27,1.6163805723190308,0.21
bs128_lr0.0001_distAE_wd0.001_filterlen40_learndecoderFalse_schedulerTrue_windows0_dropout0.0_loralr0.0_preprocessorFalse_preencoderFalse_cutfillFalse_learnpredecoderFalse_learnloraFalse,8,pooled,11,4,8_11_10_5,1.543596863746643,0.33125,1.5884301662445068,0.26,1.608878493309021,0.2
bs128_lr0.0001_distAE_wd0.001_filterlen40_learndecoderFalse_schedulerTrue_windows0_dropout0.0_loralr0.0_preprocessorFalse_preencoderFalse_cutfillFalse_learnpredecoderFalse_learnloraFalse,8,pooled,12,4,8_11_10_5,1.5352658033370972,0.3691666666666666,1.6061336994171145,0.23,1.5980507135391235,0.2
bs128_lr0.0001_distAE_wd0.001_filterlen40_learndecoderFalse_schedulerTrue_windows0_dropout0.0_loralr0.0_preprocessorFalse_preencoderFalse_cutfillFalse_learnpredecoderFalse_learnloraFalse,8,pooled,13,4,8_11_10_5,1.6651970148086548,0.1991666666666666,1.6035979986190796,0.24,1.6017675399780271,0.24
bs128_lr0.0001_distAE_wd0.001_filterlen40_learndecoderFalse_schedulerTrue_windows0_dropout0.0_loralr0.0_preprocessorFalse_preencoderFalse_cutfillFalse_learnpredecoderFalse_learnloraFalse,8,pooled,14,4,8_11_10_5,1.587084412574768,0.3354166666666666,1.603733777999878,0.24,1.6211743354797363,0.24
bs128_lr0.0001_distAE_wd0.001_filterlen40_learndecoderFalse_schedulerTrue_windows0_dropout0.0_loralr0.0_preprocessorFalse_preencoderFalse_cutfillFalse_learnpredecoderFalse_learnloraFalse,9,single,10,1,9,0.1691698431968689,0.99,0.4938548803329468,0.87,1.1145237684249878,0.61
bs128_lr0.0001_distAE_wd0.001_filterlen40_learndecoderFalse_schedulerTrue_windows0_dropout0.0_loralr0.0_preprocessorFalse_preencoderFalse_cutfillFalse_learnpredecoderFalse_learnloraFalse,9,single,11,1,9,0.2626909911632538,0.9916666666666668,0.4330960214138031,0.89,0.9735922813415528,0.65
bs128_lr0.0001_distAE_wd0.001_filterlen40_learndecoderFalse_schedulerTrue_windows0_dropout0.0_loralr0.0_preprocessorFalse_preencoderFalse_cutfillFalse_learnpredecoderFalse_learnloraFalse,9,single,12,1,9,0.3997910618782043,0.9766666666666668,0.5346617698669434,0.83,1.2215267419815063,0.56
bs128_lr0.0001_distAE_wd0.001_filterlen40_learndecoderFalse_schedulerTrue_windows0_dropout0.0_loralr0.0_preprocessorFalse_preencoderFalse_cutfillFalse_learnpredecoderFalse_learnloraFalse,9,single,13,1,9,0.2685101926326751,0.9783333333333334,0.4985595047473907,0.83,1.061179757118225,0.61
bs128_lr0.0001_distAE_wd0.001_filterlen40_learndecoderFalse_schedulerTrue_windows0_dropout0.0_loralr0.0_preprocessorFalse_preencoderFalse_cutfillFalse_learnpredecoderFalse_learnloraFalse,9,single,14,1,9,0.3072782456874847,0.9566666666666668,0.4328179657459259,0.9,0.9425784945487976,0.65
bs128_lr0.0001_distAE_wd0.001_filterlen40_learndecoderFalse_schedulerTrue_windows0_dropout0.0_loralr0.0_preprocessorFalse_preencoderFalse_cutfillFalse_learnpredecoderFalse_learnloraFalse,9,pooled,10,3,9_5_10,1.2009412050247192,0.7783333333333333,0.3563747107982635,0.88,0.8473039865493774,0.7
bs128_lr0.0001_distAE_wd0.001_filterlen40_learndecoderFalse_schedulerTrue_windows0_dropout0.0_loralr0.0_preprocessorFalse_preencoderFalse_cutfillFalse_learnpredecoderFalse_learnloraFalse,9,pooled,11,3,9_5_10,0.4869826734066009,0.9227777777777778,0.385313868522644,0.88,0.835265576839447,0.65
bs128_lr0.0001_distAE_wd0.001_filterlen40_learndecoderFalse_schedulerTrue_windows0_dropout0.0_loralr0.0_preprocessorFalse_preencoderFalse_cutfillFalse_learnpredecoderFalse_learnloraFalse,9,pooled,12,3,9_5_10,0.5874290466308594,0.9127777777777778,0.3815125226974487,0.84,0.8109092712402344,0.65
bs128_lr0.0001_distAE_wd0.001_filterlen40_learndecoderFalse_schedulerTrue_windows0_dropout0.0_loralr0.0_preprocessorFalse_preencoderFalse_cutfillFalse_learnpredecoderFalse_learnloraFalse,9,pooled,13,3,9_5_10,0.4254238903522491,0.8972222222222223,0.3146390616893768,0.88,0.9482354521751404,0.68
bs128_lr0.0001_distAE_wd0.001_filterlen40_learndecoderFalse_schedulerTrue_windows0_dropout0.0_loralr0.0_preprocessorFalse_preencoderFalse_cutfillFalse_learnpredecoderFalse_learnloraFalse,9,pooled,14,3,9_5_10,0.1775665134191513,0.9227777777777778,0.4299054443836212,0.87,1.0712569952011108,0.62
bs128_lr0.0001_distAE_wd0.001_filterlen40_learndecoderFalse_schedulerTrue_windows0_dropout0.0_loralr0.0_preprocessorFalse_preencoderFalse_cutfillFalse_learnpredecoderFalse_learnloraFalse,10,single,10,1,10,0.4796734750270843,0.9183333333333332,1.5370419025421145,0.32,1.5070263147354126,0.36
bs128_lr0.0001_distAE_wd0.001_filterlen40_learndecoderFalse_schedulerTrue_windows0_dropout0.0_loralr0.0_preprocessorFalse_preencoderFalse_cutfillFalse_learnpredecoderFalse_learnloraFalse,10,single,11,1,10,0.2750706970691681,0.97,1.403206467628479,0.42,1.433107852935791,0.3
bs128_lr0.0001_distAE_wd0.001_filterlen40_learndecoderFalse_schedulerTrue_windows0_dropout0.0_loralr0.0_preprocessorFalse_preencoderFalse_cutfillFalse_learnpredecoderFalse_learnloraFalse,10,single,12,1,10,0.5932857990264893,0.9183333333333332,1.5050277709960938,0.33,1.4286874532699585,0.36
bs128_lr0.0001_distAE_wd0.001_filterlen40_learndecoderFalse_schedulerTrue_windows0_dropout0.0_loralr0.0_preprocessorFalse_preencoderFalse_cutfillFalse_learnpredecoderFalse_learnloraFalse,10,single,13,1,10,0.3554130494594574,0.9483333333333334,1.347743272781372,0.45,1.3627252578735352,0.43
bs128_lr0.0001_distAE_wd0.001_filterlen40_learndecoderFalse_schedulerTrue_windows0_dropout0.0_loralr0.0_preprocessorFalse_preencoderFalse_cutfillFalse_learnpredecoderFalse_learnloraFalse,10,single,14,1,10,0.3281207382678985,0.9433333333333334,1.5296839475631714,0.39,1.5938562154769895,0.35
bs128_lr0.0001_distAE_wd0.001_filterlen40_learndecoderFalse_schedulerTrue_windows0_dropout0.0_loralr0.0_preprocessorFalse_preencoderFalse_cutfillFalse_learnpredecoderFalse_learnloraFalse,10,pooled,10,3,10_5_11,0.6809852123260498,0.8855555555555555,1.2774221897125244,0.53,1.378969430923462,0.46
bs128_lr0.0001_distAE_wd0.001_filterlen40_learndecoderFalse_schedulerTrue_windows0_dropout0.0_loralr0.0_preprocessorFalse_preencoderFalse_cutfillFalse_learnpredecoderFalse_learnloraFalse,10,pooled,11,3,10_5_11,0.7241751551628113,0.8722222222222222,1.4312788248062134,0.44,1.2594997882843018,0.51
bs128_lr0.0001_distAE_wd0.001_filterlen40_learndecoderFalse_schedulerTrue_windows0_dropout0.0_loralr0.0_preprocessorFalse_preencoderFalse_cutfillFalse_learnpredecoderFalse_learnloraFalse,10,pooled,12,3,10_5_11,0.5897195339202881,0.8755555555555555,1.324002981185913,0.45,1.2054294347763062,0.51
bs128_lr0.0001_distAE_wd0.001_filterlen40_learndecoderFalse_schedulerTrue_windows0_dropout0.0_loralr0.0_preprocessorFalse_preencoderFalse_cutfillFalse_learnpredecoderFalse_learnloraFalse,10,pooled,13,3,10_5_11,0.8205149173736572,0.8655555555555555,1.2968947887420654,0.49,1.2412828207015991,0.49
bs128_lr0.0001_distAE_wd0.001_filterlen40_learndecoderFalse_schedulerTrue_windows0_dropout0.0_loralr0.0_preprocessorFalse_preencoderFalse_cutfillFalse_learnpredecoderFalse_learnloraFalse,10,pooled,14,3,10_5_11,1.3390915393829346,0.875,1.4057488441467283,0.42,1.3722878694534302,0.45
bs128_lr0.0001_distAE_wd0.001_filterlen40_learndecoderFalse_schedulerTrue_windows0_dropout0.0_loralr0.0_preprocessorFalse_preencoderFalse_cutfillFalse_learnpredecoderFalse_learnloraFalse,11,single,10,1,11,0.1257942765951156,0.9966666666666668,1.1356309652328491,0.56,1.011697769165039,0.61
bs128_lr0.0001_distAE_wd0.001_filterlen40_learndecoderFalse_schedulerTrue_windows0_dropout0.0_loralr0.0_preprocessorFalse_preencoderFalse_cutfillFalse_learnpredecoderFalse_learnloraFalse,11,single,11,1,11,0.1998535543680191,0.9816666666666668,1.164318561553955,0.54,0.9790213108062744,0.62
bs128_lr0.0001_distAE_wd0.001_filterlen40_learndecoderFalse_schedulerTrue_windows0_dropout0.0_loralr0.0_preprocessorFalse_preencoderFalse_cutfillFalse_learnpredecoderFalse_learnloraFalse,11,single,12,1,11,0.1981112957000732,0.9833333333333332,1.3228230476379397,0.49,1.145793318748474,0.52
bs128_lr0.0001_distAE_wd0.001_filterlen40_learndecoderFalse_schedulerTrue_windows0_dropout0.0_loralr0.0_preprocessorFalse_preencoderFalse_cutfillFalse_learnpredecoderFalse_learnloraFalse,11,single,13,1,11,0.1420562863349914,0.9983333333333332,1.195179462432861,0.59,1.0598671436309814,0.6
bs128_lr0.0001_distAE_wd0.001_filterlen40_learndecoderFalse_schedulerTrue_windows0_dropout0.0_loralr0.0_preprocessorFalse_preencoderFalse_cutfillFalse_learnpredecoderFalse_learnloraFalse,11,single,14,1,11,0.3593560457229614,0.9733333333333334,1.0677109956741333,0.6,1.020067572593689,0.57
bs128_lr0.0001_distAE_wd0.001_filterlen40_learndecoderFalse_schedulerTrue_windows0_dropout0.0_loralr0.0_preprocessorFalse_preencoderFalse_cutfillFalse_learnpredecoderFalse_learnloraFalse,11,pooled,10,1,11,0.1257942765951156,0.9966666666666668,1.1356309652328491,0.56,1.011697769165039,0.61
bs128_lr0.0001_distAE_wd0.001_filterlen40_learndecoderFalse_schedulerTrue_windows0_dropout0.0_loralr0.0_preprocessorFalse_preencoderFalse_cutfillFalse_learnpredecoderFalse_learnloraFalse,11,pooled,11,1,11,0.1998535543680191,0.9816666666666668,1.164318561553955,0.54,0.9790213108062744,0.62
bs128_lr0.0001_distAE_wd0.001_filterlen40_learndecoderFalse_schedulerTrue_windows0_dropout0.0_loralr0.0_preprocessorFalse_preencoderFalse_cutfillFalse_learnpredecoderFalse_learnloraFalse,11,pooled,12,1,11,0.1981112957000732,0.9833333333333332,1.3228230476379397,0.49,1.145793318748474,0.52
bs128_lr0.0001_distAE_wd0.001_filterlen40_learndecoderFalse_schedulerTrue_windows0_dropout0.0_loralr0.0_preprocessorFalse_preencoderFalse_cutfillFalse_learnpredecoderFalse_learnloraFalse,11,pooled,13,1,11,0.1420562863349914,0.9983333333333332,1.195179462432861,0.59,1.0598671436309814,0.6
bs128_lr0.0001_distAE_wd0.001_filterlen40_learndecoderFalse_schedulerTrue_windows0_dropout0.0_loralr0.0_preprocessorFalse_preencoderFalse_cutfillFalse_learnpredecoderFalse_learnloraFalse,11,pooled,14,1,11,0.3593560457229614,0.9733333333333334,1.0677109956741333,0.6,1.020067572593689,0.57
bs128_lr0.0001_distCOV_wd0.01_filterlen40_learndecoderFalse_schedulerTrue_windows0_dropout0.0_loralr0.0_preprocessorFalse_preencoderFalse_cutfillFalse_learnpredecoderFalse_learnloraFalse,1,single,10,1,1,0.3752371072769165,0.945,1.077600121498108,0.61,1.1552841663360596,0.6
bs128_lr0.0001_distCOV_wd0.01_filterlen40_learndecoderFalse_schedulerTrue_windows0_dropout0.0_loralr0.0_preprocessorFalse_preencoderFalse_cutfillFalse_learnpredecoderFalse_learnloraFalse,1,single,11,1,1,0.3327642679214477,0.9583333333333334,1.1085009574890137,0.66,0.9772518277168274,0.65
bs128_lr0.0001_distCOV_wd0.01_filterlen40_learndecoderFalse_schedulerTrue_windows0_dropout0.0_loralr0.0_preprocessorFalse_preencoderFalse_cutfillFalse_learnpredecoderFalse_learnloraFalse,1,single,12,1,1,0.4647084176540375,0.9316666666666666,1.127996563911438,0.63,0.986573338508606,0.65
bs128_lr0.0001_distCOV_wd0.01_filterlen40_learndecoderFalse_schedulerTrue_windows0_dropout0.0_loralr0.0_preprocessorFalse_preencoderFalse_cutfillFalse_learnpredecoderFalse_learnloraFalse,1,single,13,1,1,0.4232680201530456,0.945,1.144182562828064,0.61,0.8351133465766907,0.68
bs128_lr0.0001_distCOV_wd0.01_filterlen40_learndecoderFalse_schedulerTrue_windows0_dropout0.0_loralr0.0_preprocessorFalse_preencoderFalse_cutfillFalse_learnpredecoderFalse_learnloraFalse,1,single,14,1,1,0.2126146256923675,0.99,1.1358022689819336,0.58,1.2490792274475098,0.61
bs128_lr0.0001_distCOV_wd0.01_filterlen40_learndecoderFalse_schedulerTrue_windows0_dropout0.0_loralr0.0_preprocessorFalse_preencoderFalse_cutfillFalse_learnpredecoderFalse_learnloraFalse,1,pooled,10,3,1_11_7,0.5486713647842407,0.73,0.9072417616844176,0.72,0.9064078330993652,0.71
bs128_lr0.0001_distCOV_wd0.01_filterlen40_learndecoderFalse_schedulerTrue_windows0_dropout0.0_loralr0.0_preprocessorFalse_preencoderFalse_cutfillFalse_learnpredecoderFalse_learnloraFalse,1,pooled,11,3,1_11_7,0.5877521634101868,0.725,0.94566148519516,0.61,0.9201518893241882,0.68
bs128_lr0.0001_distCOV_wd0.01_filterlen40_learndecoderFalse_schedulerTrue_windows0_dropout0.0_loralr0.0_preprocessorFalse_preencoderFalse_cutfillFalse_learnpredecoderFalse_learnloraFalse,1,pooled,12,3,1_11_7,0.9542871713638306,0.8472222222222222,0.9599235653877258,0.67,0.8640644550323486,0.75
bs128_lr0.0001_distCOV_wd0.01_filterlen40_learndecoderFalse_schedulerTrue_windows0_dropout0.0_loralr0.0_preprocessorFalse_preencoderFalse_cutfillFalse_learnpredecoderFalse_learnloraFalse,1,pooled,13,3,1_11_7,0.4023230969905853,0.7333333333333333,0.9386795163154602,0.65,1.0380417108535769,0.7
bs128_lr0.0001_distCOV_wd0.01_filterlen40_learndecoderFalse_schedulerTrue_windows0_dropout0.0_loralr0.0_preprocessorFalse_preencoderFalse_cutfillFalse_learnpredecoderFalse_learnloraFalse,1,pooled,14,3,1_11_7,0.9315323233604432,0.8383333333333334,0.9706989526748656,0.64,0.9288869500160216,0.63
bs128_lr0.0001_distCOV_wd0.01_filterlen40_learndecoderFalse_schedulerTrue_windows0_dropout0.0_loralr0.0_preprocessorFalse_preencoderFalse_cutfillFalse_learnpredecoderFalse_learnloraFalse,2,single,10,1,2,0.3768419027328491,0.9316666666666666,1.3573566675186155,0.52,1.134067416191101,0.75
bs128_lr0.0001_distCOV_wd0.01_filterlen40_learndecoderFalse_schedulerTrue_windows0_dropout0.0_loralr0.0_preprocessorFalse_preencoderFalse_cutfillFalse_learnpredecoderFalse_learnloraFalse,2,single,11,1,2,0.3174424469470978,0.965,1.495350956916809,0.46,1.1411913633346558,0.63
bs128_lr0.0001_distCOV_wd0.01_filterlen40_learndecoderFalse_schedulerTrue_windows0_dropout0.0_loralr0.0_preprocessorFalse_preencoderFalse_cutfillFalse_learnpredecoderFalse_learnloraFalse,2,single,12,1,2,0.5162296295166016,0.94,1.5146194696426392,0.43,0.9093903303146362,0.64
bs128_lr0.0001_distCOV_wd0.01_filterlen40_learndecoderFalse_schedulerTrue_windows0_dropout0.0_loralr0.0_preprocessorFalse_preencoderFalse_cutfillFalse_learnpredecoderFalse_learnloraFalse,2,single,13,1,2,0.373484343290329,0.9183333333333332,1.4426887035369873,0.44,0.9970033168792723,0.62
bs128_lr0.0001_distCOV_wd0.01_filterlen40_learndecoderFalse_schedulerTrue_windows0_dropout0.0_loralr0.0_preprocessorFalse_preencoderFalse_cutfillFalse_learnpredecoderFalse_learnloraFalse,2,single,14,1,2,0.3789101839065552,0.93,1.4846569299697876,0.46,1.121737360954285,0.7
bs128_lr0.0001_distCOV_wd0.01_filterlen40_learndecoderFalse_schedulerTrue_windows0_dropout0.0_loralr0.0_preprocessorFalse_preencoderFalse_cutfillFalse_learnpredecoderFalse_learnloraFalse,2,pooled,10,4,2_9_5_8,0.2904768586158752,0.9433333333333334,1.0505399703979492,0.6,0.9226953387260436,0.64
bs128_lr0.0001_distCOV_wd0.01_filterlen40_learndecoderFalse_schedulerTrue_windows0_dropout0.0_loralr0.0_preprocessorFalse_preencoderFalse_cutfillFalse_learnpredecoderFalse_learnloraFalse,2,pooled,11,4,2_9_5_8,0.5128628611564636,0.8745833333333334,1.266932487487793,0.52,1.046048641204834,0.71
bs128_lr0.0001_distCOV_wd0.01_filterlen40_learndecoderFalse_schedulerTrue_windows0_dropout0.0_loralr0.0_preprocessorFalse_preencoderFalse_cutfillFalse_learnpredecoderFalse_learnloraFalse,2,pooled,12,4,2_9_5_8,0.3740695714950561,0.8929166666666667,1.1668232679367063,0.58,1.2513755559921265,0.75
bs128_lr0.0001_distCOV_wd0.01_filterlen40_learndecoderFalse_schedulerTrue_windows0_dropout0.0_loralr0.0_preprocessorFalse_preencoderFalse_cutfillFalse_learnpredecoderFalse_learnloraFalse,2,pooled,13,4,2_9_5_8,0.3135759532451629,0.9325,1.2752989530563354,0.5,0.6873054504394531,0.77
bs128_lr0.0001_distCOV_wd0.01_filterlen40_learndecoderFalse_schedulerTrue_windows0_dropout0.0_loralr0.0_preprocessorFalse_preencoderFalse_cutfillFalse_learnpredecoderFalse_learnloraFalse,2,pooled,14,4,2_9_5_8,0.3350609540939331,0.9320833333333334,1.2563931941986084,0.5,0.8742368221282959,0.62
bs128_lr0.0001_distCOV_wd0.01_filterlen40_learndecoderFalse_schedulerTrue_windows0_dropout0.0_loralr0.0_preprocessorFalse_preencoderFalse_cutfillFalse_learnpredecoderFalse_learnloraFalse,3,single,10,1,3,0.9739742279052734,0.7416666666666667,1.521649956703186,0.32,1.5339912176132202,0.34
bs128_lr0.0001_distCOV_wd0.01_filterlen40_learndecoderFalse_schedulerTrue_windows0_dropout0.0_loralr0.0_preprocessorFalse_preencoderFalse_cutfillFalse_learnpredecoderFalse_learnloraFalse,3,single,11,1,3,1.1416996717453003,0.5566666666666666,1.4862042665481567,0.35,1.4930931329727173,0.34
bs128_lr0.0001_distCOV_wd0.01_filterlen40_learndecoderFalse_schedulerTrue_windows0_dropout0.0_loralr0.0_preprocessorFalse_preencoderFalse_cutfillFalse_learnpredecoderFalse_learnloraFalse,3,single,12,1,3,1.031665325164795,0.7166666666666667,1.5193264484405518,0.32,1.480635166168213,0.38
bs128_lr0.0001_distCOV_wd0.01_filterlen40_learndecoderFalse_schedulerTrue_windows0_dropout0.0_loralr0.0_preprocessorFalse_preencoderFalse_cutfillFalse_learnpredecoderFalse_learnloraFalse,3,single,13,1,3,0.2591781616210937,0.9683333333333334,1.5570427179336548,0.4,1.4672967195510864,0.42
bs128_lr0.0001_distCOV_wd0.01_filterlen40_learndecoderFalse_schedulerTrue_windows0_dropout0.0_loralr0.0_preprocessorFalse_preencoderFalse_cutfillFalse_learnpredecoderFalse_learnloraFalse,3,single,14,1,3,1.225258469581604,0.5766666666666667,1.4936541318893433,0.36,1.4820199012756348,0.3
bs128_lr0.0001_distCOV_wd0.01_filterlen40_learndecoderFalse_schedulerTrue_windows0_dropout0.0_loralr0.0_preprocessorFalse_preencoderFalse_cutfillFalse_learnpredecoderFalse_learnloraFalse,3,pooled,10,3,3_10_9,0.563005805015564,0.7233333333333334,1.434971809387207,0.38,1.480927586555481,0.39
bs128_lr0.0001_distCOV_wd0.01_filterlen40_learndecoderFalse_schedulerTrue_windows0_dropout0.0_loralr0.0_preprocessorFalse_preencoderFalse_cutfillFalse_learnpredecoderFalse_learnloraFalse,3,pooled,11,3,3_10_9,1.1053919792175293,0.7916666666666666,1.4437918663024902,0.41,1.3926806449890137,0.37
bs128_lr0.0001_distCOV_wd0.01_filterlen40_learndecoderFalse_schedulerTrue_windows0_dropout0.0_loralr0.0_preprocessorFalse_preencoderFalse_cutfillFalse_learnpredecoderFalse_learnloraFalse,3,pooled,12,3,3_10_9,1.1537787914276123,0.6216666666666667,1.519432544708252,0.35,1.5519543886184692,0.39
bs128_lr0.0001_distCOV_wd0.01_filterlen40_learndecoderFalse_schedulerTrue_windows0_dropout0.0_loralr0.0_preprocessorFalse_preencoderFalse_cutfillFalse_learnpredecoderFalse_learnloraFalse,3,pooled,13,3,3_10_9,0.2519226968288421,0.8994444444444445,1.434176325798035,0.42,1.38592529296875,0.47
bs128_lr0.0001_distCOV_wd0.01_filterlen40_learndecoderFalse_schedulerTrue_windows0_dropout0.0_loralr0.0_preprocessorFalse_preencoderFalse_cutfillFalse_learnpredecoderFalse_learnloraFalse,3,pooled,14,3,3_10_9,0.7127363681793213,0.7461111111111111,1.4111790657043457,0.46,1.3363842964172363,0.46
bs128_lr0.0001_distCOV_wd0.01_filterlen40_learndecoderFalse_schedulerTrue_windows0_dropout0.0_loralr0.0_preprocessorFalse_preencoderFalse_cutfillFalse_learnpredecoderFalse_learnloraFalse,4,single,10,1,4,1.556436538696289,0.295,1.600582480430603,0.23,1.6122124195098877,0.17
bs128_lr0.0001_distCOV_wd0.01_filterlen40_learndecoderFalse_schedulerTrue_windows0_dropout0.0_loralr0.0_preprocessorFalse_preencoderFalse_cutfillFalse_learnpredecoderFalse_learnloraFalse,4,single,11,1,4,1.621199369430542,0.2116666666666666,1.6038613319396973,0.22,1.6216555833816528,0.21
bs128_lr0.0001_distCOV_wd0.01_filterlen40_learndecoderFalse_schedulerTrue_windows0_dropout0.0_loralr0.0_preprocessorFalse_preencoderFalse_cutfillFalse_learnpredecoderFalse_learnloraFalse,4,single,12,1,4,1.5103000402450562,0.2783333333333333,1.603869915008545,0.23,1.6190451383590698,0.15
bs128_lr0.0001_distCOV_wd0.01_filterlen40_learndecoderFalse_schedulerTrue_windows0_dropout0.0_loralr0.0_preprocessorFalse_preencoderFalse_cutfillFalse_learnpredecoderFalse_learnloraFalse,4,single,13,1,4,1.5746607780456543,0.285,1.6060184240341189,0.24,1.6086719036102295,0.23
bs128_lr0.0001_distCOV_wd0.01_filterlen40_learndecoderFalse_schedulerTrue_windows0_dropout0.0_loralr0.0_preprocessorFalse_preencoderFalse_cutfillFalse_learnpredecoderFalse_learnloraFalse,4,single,14,1,4,1.6508374214172363,0.1583333333333333,1.6200274229049685,0.16,1.6195183992385864,0.16
bs128_lr0.0001_distCOV_wd0.01_filterlen40_learndecoderFalse_schedulerTrue_windows0_dropout0.0_loralr0.0_preprocessorFalse_preencoderFalse_cutfillFalse_learnpredecoderFalse_learnloraFalse,4,pooled,10,1,4,1.556436538696289,0.295,1.600582480430603,0.23,1.6122124195098877,0.17
bs128_lr0.0001_distCOV_wd0.01_filterlen40_learndecoderFalse_schedulerTrue_windows0_dropout0.0_loralr0.0_preprocessorFalse_preencoderFalse_cutfillFalse_learnpredecoderFalse_learnloraFalse,4,pooled,11,1,4,1.621199369430542,0.2116666666666666,1.6038613319396973,0.22,1.6216555833816528,0.21
bs128_lr0.0001_distCOV_wd0.01_filterlen40_learndecoderFalse_schedulerTrue_windows0_dropout0.0_loralr0.0_preprocessorFalse_preencoderFalse_cutfillFalse_learnpredecoderFalse_learnloraFalse,4,pooled,12,1,4,1.5103000402450562,0.2783333333333333,1.603869915008545,0.23,1.6190451383590698,0.15
bs128_lr0.0001_distCOV_wd0.01_filterlen40_learndecoderFalse_schedulerTrue_windows0_dropout0.0_loralr0.0_preprocessorFalse_preencoderFalse_cutfillFalse_learnpredecoderFalse_learnloraFalse,4,pooled,13,1,4,1.5746607780456543,0.285,1.6060184240341189,0.24,1.6086719036102295,0.23
bs128_lr0.0001_distCOV_wd0.01_filterlen40_learndecoderFalse_schedulerTrue_windows0_dropout0.0_loralr0.0_preprocessorFalse_preencoderFalse_cutfillFalse_learnpredecoderFalse_learnloraFalse,4,pooled,14,1,4,1.6508374214172363,0.1583333333333333,1.6200274229049685,0.16,1.6195183992385864,0.16
bs128_lr0.0001_distCOV_wd0.01_filterlen40_learndecoderFalse_schedulerTrue_windows0_dropout0.0_loralr0.0_preprocessorFalse_preencoderFalse_cutfillFalse_learnpredecoderFalse_learnloraFalse,5,single,10,1,5,1.595082402229309,0.275,1.6025590896606443,0.21,1.6042639017105105,0.2
bs128_lr0.0001_distCOV_wd0.01_filterlen40_learndecoderFalse_schedulerTrue_windows0_dropout0.0_loralr0.0_preprocessorFalse_preencoderFalse_cutfillFalse_learnpredecoderFalse_learnloraFalse,5,single,11,1,5,1.5806690454483032,0.3083333333333333,1.597786545753479,0.2,1.6004595756530762,0.22
bs128_lr0.0001_distCOV_wd0.01_filterlen40_learndecoderFalse_schedulerTrue_windows0_dropout0.0_loralr0.0_preprocessorFalse_preencoderFalse_cutfillFalse_learnpredecoderFalse_learnloraFalse,5,single,12,1,5,1.576435923576355,0.2483333333333333,1.6034877300262451,0.2,1.6048049926757812,0.24
bs128_lr0.0001_distCOV_wd0.01_filterlen40_learndecoderFalse_schedulerTrue_windows0_dropout0.0_loralr0.0_preprocessorFalse_preencoderFalse_cutfillFalse_learnpredecoderFalse_learnloraFalse,5,single,13,1,5,1.5804327726364136,0.2566666666666666,1.6058926582336426,0.2,1.6179052591323853,0.25
bs128_lr0.0001_distCOV_wd0.01_filterlen40_learndecoderFalse_schedulerTrue_windows0_dropout0.0_loralr0.0_preprocessorFalse_preencoderFalse_cutfillFalse_learnpredecoderFalse_learnloraFalse,5,single,14,1,5,1.5666431188583374,0.245,1.5979424715042114,0.27,1.6020046472549438,0.19
bs128_lr0.0001_distCOV_wd0.01_filterlen40_learndecoderFalse_schedulerTrue_windows0_dropout0.0_loralr0.0_preprocessorFalse_preencoderFalse_cutfillFalse_learnpredecoderFalse_learnloraFalse,5,pooled,10,7,5_6_3_11_7_1_2,1.0268898010253906,0.5797619047619048,1.4610183238983154,0.37,1.566744327545166,0.24
bs128_lr0.0001_distCOV_wd0.01_filterlen40_learndecoderFalse_schedulerTrue_windows0_dropout0.0_loralr0.0_preprocessorFalse_preencoderFalse_cutfillFalse_learnpredecoderFalse_learnloraFalse,5,pooled,11,7,5_6_3_11_7_1_2,1.2844384908676147,0.5192857142857142,1.524791240692139,0.3,1.5093414783477783,0.35
bs128_lr0.0001_distCOV_wd0.01_filterlen40_learndecoderFalse_schedulerTrue_windows0_dropout0.0_loralr0.0_preprocessorFalse_preencoderFalse_cutfillFalse_learnpredecoderFalse_learnloraFalse,5,pooled,12,7,5_6_3_11_7_1_2,0.7976219654083252,0.7002380952380952,1.487683892250061,0.35,1.534756779670715,0.35
bs128_lr0.0001_distCOV_wd0.01_filterlen40_learndecoderFalse_schedulerTrue_windows0_dropout0.0_loralr0.0_preprocessorFalse_preencoderFalse_cutfillFalse_learnpredecoderFalse_learnloraFalse,5,pooled,13,7,5_6_3_11_7_1_2,1.1690495014190674,0.5397619047619048,1.4597195386886597,0.37,1.5682244300842283,0.31
bs128_lr0.0001_distCOV_wd0.01_filterlen40_learndecoderFalse_schedulerTrue_windows0_dropout0.0_loralr0.0_preprocessorFalse_preencoderFalse_cutfillFalse_learnpredecoderFalse_learnloraFalse,5,pooled,14,7,5_6_3_11_7_1_2,1.2868162393569946,0.4745238095238095,1.5025928020477295,0.36,1.5559993982315063,0.32
bs128_lr0.0001_distCOV_wd0.01_filterlen40_learndecoderFalse_schedulerTrue_windows0_dropout0.0_loralr0.0_preprocessorFalse_preencoderFalse_cutfillFalse_learnpredecoderFalse_learnloraFalse,6,single,10,1,6,0.162399411201477,0.99,1.172804832458496,0.53,1.5399081707000732,0.45
bs128_lr0.0001_distCOV_wd0.01_filterlen40_learndecoderFalse_schedulerTrue_windows0_dropout0.0_loralr0.0_preprocessorFalse_preencoderFalse_cutfillFalse_learnpredecoderFalse_learnloraFalse,6,single,11,1,6,0.6099892258644104,0.915,1.1797922849655151,0.58,1.315006971359253,0.51
bs128_lr0.0001_distCOV_wd0.01_filterlen40_learndecoderFalse_schedulerTrue_windows0_dropout0.0_loralr0.0_preprocessorFalse_preencoderFalse_cutfillFalse_learnpredecoderFalse_learnloraFalse,6,single,12,1,6,0.2133243083953857,0.9866666666666668,1.3159048557281494,0.47,1.5874215364456177,0.39
bs128_lr0.0001_distCOV_wd0.01_filterlen40_learndecoderFalse_schedulerTrue_windows0_dropout0.0_loralr0.0_preprocessorFalse_preencoderFalse_cutfillFalse_learnpredecoderFalse_learnloraFalse,6,single,13,1,6,0.1646406650543213,0.9966666666666668,1.1754448413848877,0.55,1.4640753269195557,0.45
bs128_lr0.0001_distCOV_wd0.01_filterlen40_learndecoderFalse_schedulerTrue_windows0_dropout0.0_loralr0.0_preprocessorFalse_preencoderFalse_cutfillFalse_learnpredecoderFalse_learnloraFalse,6,single,14,1,6,0.1033696234226226,0.9983333333333332,1.1670984029769895,0.54,1.401846408843994,0.46
bs128_lr0.0001_distCOV_wd0.01_filterlen40_learndecoderFalse_schedulerTrue_windows0_dropout0.0_loralr0.0_preprocessorFalse_preencoderFalse_cutfillFalse_learnpredecoderFalse_learnloraFalse,6,pooled,10,1,6,0.162399411201477,0.99,1.172804832458496,0.53,1.5399081707000732,0.45
bs128_lr0.0001_distCOV_wd0.01_filterlen40_learndecoderFalse_schedulerTrue_windows0_dropout0.0_loralr0.0_preprocessorFalse_preencoderFalse_cutfillFalse_learnpredecoderFalse_learnloraFalse,6,pooled,11,1,6,0.6099892258644104,0.915,1.1797922849655151,0.58,1.315006971359253,0.51
bs128_lr0.0001_distCOV_wd0.01_filterlen40_learndecoderFalse_schedulerTrue_windows0_dropout0.0_loralr0.0_preprocessorFalse_preencoderFalse_cutfillFalse_learnpredecoderFalse_learnloraFalse,6,pooled,12,1,6,0.2133243083953857,0.9866666666666668,1.3159048557281494,0.47,1.5874215364456177,0.39
bs128_lr0.0001_distCOV_wd0.01_filterlen40_learndecoderFalse_schedulerTrue_windows0_dropout0.0_loralr0.0_preprocessorFalse_preencoderFalse_cutfillFalse_learnpredecoderFalse_learnloraFalse,6,pooled,13,1,6,0.1646406650543213,0.9966666666666668,1.1754448413848877,0.55,1.4640753269195557,0.45
bs128_lr0.0001_distCOV_wd0.01_filterlen40_learndecoderFalse_schedulerTrue_windows0_dropout0.0_loralr0.0_preprocessorFalse_preencoderFalse_cutfillFalse_learnpredecoderFalse_learnloraFalse,6,pooled,14,1,6,0.1033696234226226,0.9983333333333332,1.1670984029769895,0.54,1.401846408843994,0.46
bs128_lr0.0001_distCOV_wd0.01_filterlen40_learndecoderFalse_schedulerTrue_windows0_dropout0.0_loralr0.0_preprocessorFalse_preencoderFalse_cutfillFalse_learnpredecoderFalse_learnloraFalse,7,single,10,1,7,0.2776479721069336,0.9816666666666668,1.2724597454071045,0.47,1.5892136096954346,0.44
bs128_lr0.0001_distCOV_wd0.01_filterlen40_learndecoderFalse_schedulerTrue_windows0_dropout0.0_loralr0.0_preprocessorFalse_preencoderFalse_cutfillFalse_learnpredecoderFalse_learnloraFalse,7,single,11,1,7,0.7963454723358154,0.825,1.298763394355774,0.47,1.6405781507492063,0.42
bs128_lr0.0001_distCOV_wd0.01_filterlen40_learndecoderFalse_schedulerTrue_windows0_dropout0.0_loralr0.0_preprocessorFalse_preencoderFalse_cutfillFalse_learnpredecoderFalse_learnloraFalse,7,single,12,1,7,0.2688136100769043,0.9766666666666668,1.3017473220825195,0.42,1.5127407312393188,0.45
bs128_lr0.0001_distCOV_wd0.01_filterlen40_learndecoderFalse_schedulerTrue_windows0_dropout0.0_loralr0.0_preprocessorFalse_preencoderFalse_cutfillFalse_learnpredecoderFalse_learnloraFalse,7,single,13,1,7,0.4103366732597351,0.9533333333333334,1.385124921798706,0.4,1.6999199390411377,0.49
bs128_lr0.0001_distCOV_wd0.01_filterlen40_learndecoderFalse_schedulerTrue_windows0_dropout0.0_loralr0.0_preprocessorFalse_preencoderFalse_cutfillFalse_learnpredecoderFalse_learnloraFalse,7,single,14,1,7,0.3432588577270508,0.965,1.4378734827041626,0.42,1.5978056192398071,0.47
bs128_lr0.0001_distCOV_wd0.01_filterlen40_learndecoderFalse_schedulerTrue_windows0_dropout0.0_loralr0.0_preprocessorFalse_preencoderFalse_cutfillFalse_learnpredecoderFalse_learnloraFalse,7,pooled,10,3,7_1_9,0.6256619691848755,0.8227777777777778,1.2086831331253052,0.51,1.3711189031600952,0.53
bs128_lr0.0001_distCOV_wd0.01_filterlen40_learndecoderFalse_schedulerTrue_windows0_dropout0.0_loralr0.0_preprocessorFalse_preencoderFalse_cutfillFalse_learnpredecoderFalse_learnloraFalse,7,pooled,11,3,7_1_9,0.7020721435546875,0.8472222222222222,1.3897278308868408,0.44,1.470658779144287,0.5
bs128_lr0.0001_distCOV_wd0.01_filterlen40_learndecoderFalse_schedulerTrue_windows0_dropout0.0_loralr0.0_preprocessorFalse_preencoderFalse_cutfillFalse_learnpredecoderFalse_learnloraFalse,7,pooled,12,3,7_1_9,0.2711256146430969,0.84,1.246138334274292,0.49,1.331013321876526,0.5
bs128_lr0.0001_distCOV_wd0.01_filterlen40_learndecoderFalse_schedulerTrue_windows0_dropout0.0_loralr0.0_preprocessorFalse_preencoderFalse_cutfillFalse_learnpredecoderFalse_learnloraFalse,7,pooled,13,3,7_1_9,1.4874686002731323,0.6538888888888889,1.346946358680725,0.41,1.4237616062164309,0.54
bs128_lr0.0001_distCOV_wd0.01_filterlen40_learndecoderFalse_schedulerTrue_windows0_dropout0.0_loralr0.0_preprocessorFalse_preencoderFalse_cutfillFalse_learnpredecoderFalse_learnloraFalse,7,pooled,14,3,7_1_9,0.9088945388793944,0.9038888888888889,1.162550449371338,0.52,1.217345952987671,0.58
bs128_lr0.0001_distCOV_wd0.01_filterlen40_learndecoderFalse_schedulerTrue_windows0_dropout0.0_loralr0.0_preprocessorFalse_preencoderFalse_cutfillFalse_learnpredecoderFalse_learnloraFalse,8,single,10,1,8,1.5599617958068848,0.2933333333333333,1.6107608079910278,0.19,1.6017277240753174,0.26
bs128_lr0.0001_distCOV_wd0.01_filterlen40_learndecoderFalse_schedulerTrue_windows0_dropout0.0_loralr0.0_preprocessorFalse_preencoderFalse_cutfillFalse_learnpredecoderFalse_learnloraFalse,8,single,11,1,8,1.546147108078003,0.3316666666666666,1.6010937690734863,0.17,1.5943973064422607,0.24
bs128_lr0.0001_distCOV_wd0.01_filterlen40_learndecoderFalse_schedulerTrue_windows0_dropout0.0_loralr0.0_preprocessorFalse_preencoderFalse_cutfillFalse_learnpredecoderFalse_learnloraFalse,8,single,12,1,8,1.4939079284667969,0.3833333333333333,1.6046496629714966,0.23,1.5958027839660645,0.23
bs128_lr0.0001_distCOV_wd0.01_filterlen40_learndecoderFalse_schedulerTrue_windows0_dropout0.0_loralr0.0_preprocessorFalse_preencoderFalse_cutfillFalse_learnpredecoderFalse_learnloraFalse,8,single,13,1,8,1.5555676221847534,0.3466666666666667,1.6037448644638062,0.2,1.5920960903167725,0.28
bs128_lr0.0001_distCOV_wd0.01_filterlen40_learndecoderFalse_schedulerTrue_windows0_dropout0.0_loralr0.0_preprocessorFalse_preencoderFalse_cutfillFalse_learnpredecoderFalse_learnloraFalse,8,single,14,1,8,1.524738311767578,0.3266666666666666,1.592335224151611,0.22,1.5970932245254517,0.23
bs128_lr0.0001_distCOV_wd0.01_filterlen40_learndecoderFalse_schedulerTrue_windows0_dropout0.0_loralr0.0_preprocessorFalse_preencoderFalse_cutfillFalse_learnpredecoderFalse_learnloraFalse,8,pooled,10,5,8_11_7_1_6,1.0062024593353271,0.5506666666666666,1.5627065896987915,0.31,1.6245120763778689,0.24
bs128_lr0.0001_distCOV_wd0.01_filterlen40_learndecoderFalse_schedulerTrue_windows0_dropout0.0_loralr0.0_preprocessorFalse_preencoderFalse_cutfillFalse_learnpredecoderFalse_learnloraFalse,8,pooled,11,5,8_11_7_1_6,1.488686442375183,0.3436666666666667,1.5891412496566772,0.3,1.6278375387191772,0.22
bs128_lr0.0001_distCOV_wd0.01_filterlen40_learndecoderFalse_schedulerTrue_windows0_dropout0.0_loralr0.0_preprocessorFalse_preencoderFalse_cutfillFalse_learnpredecoderFalse_learnloraFalse,8,pooled,12,5,8_11_7_1_6,1.3632533550262451,0.4286666666666666,1.5864083766937256,0.23,1.6418533325195312,0.22
bs128_lr0.0001_distCOV_wd0.01_filterlen40_learndecoderFalse_schedulerTrue_windows0_dropout0.0_loralr0.0_preprocessorFalse_preencoderFalse_cutfillFalse_learnpredecoderFalse_learnloraFalse,8,pooled,13,5,8_11_7_1_6,1.5308362245559692,0.3143333333333333,1.5834966897964478,0.25,1.625813126564026,0.24
bs128_lr0.0001_distCOV_wd0.01_filterlen40_learndecoderFalse_schedulerTrue_windows0_dropout0.0_loralr0.0_preprocessorFalse_preencoderFalse_cutfillFalse_learnpredecoderFalse_learnloraFalse,8,pooled,14,5,8_11_7_1_6,1.6609989404678345,0.199,1.6139428615570068,0.2,1.6137726306915283,0.2
bs128_lr0.0001_distCOV_wd0.01_filterlen40_learndecoderFalse_schedulerTrue_windows0_dropout0.0_loralr0.0_preprocessorFalse_preencoderFalse_cutfillFalse_learnpredecoderFalse_learnloraFalse,9,single,10,1,9,0.3504521250724792,0.9633333333333334,0.5149587392807007,0.87,0.9476809501647948,0.64
bs128_lr0.0001_distCOV_wd0.01_filterlen40_learndecoderFalse_schedulerTrue_windows0_dropout0.0_loralr0.0_preprocessorFalse_preencoderFalse_cutfillFalse_learnpredecoderFalse_learnloraFalse,9,single,11,1,9,0.1825210154056549,0.9966666666666668,0.6239393949508667,0.8,1.1492767333984375,0.57
bs128_lr0.0001_distCOV_wd0.01_filterlen40_learndecoderFalse_schedulerTrue_windows0_dropout0.0_loralr0.0_preprocessorFalse_preencoderFalse_cutfillFalse_learnpredecoderFalse_learnloraFalse,9,single,12,1,9,0.2976685166358948,0.96,0.5086801648139954,0.87,0.8577967286109924,0.68
bs128_lr0.0001_distCOV_wd0.01_filterlen40_learndecoderFalse_schedulerTrue_windows0_dropout0.0_loralr0.0_preprocessorFalse_preencoderFalse_cutfillFalse_learnpredecoderFalse_learnloraFalse,9,single,13,1,9,0.2085835933685302,0.9883333333333332,0.5102173089981079,0.85,0.995320439338684,0.61
bs128_lr0.0001_distCOV_wd0.01_filterlen40_learndecoderFalse_schedulerTrue_windows0_dropout0.0_loralr0.0_preprocessorFalse_preencoderFalse_cutfillFalse_learnpredecoderFalse_learnloraFalse,9,single,14,1,9,0.3209739029407501,0.9733333333333334,0.504768431186676,0.89,0.965613842010498,0.63
bs128_lr0.0001_distCOV_wd0.01_filterlen40_learndecoderFalse_schedulerTrue_windows0_dropout0.0_loralr0.0_preprocessorFalse_preencoderFalse_cutfillFalse_learnpredecoderFalse_learnloraFalse,9,pooled,10,1,9,0.3504521250724792,0.9633333333333334,0.5149587392807007,0.87,0.9476809501647948,0.64
bs128_lr0.0001_distCOV_wd0.01_filterlen40_learndecoderFalse_schedulerTrue_windows0_dropout0.0_loralr0.0_preprocessorFalse_preencoderFalse_cutfillFalse_learnpredecoderFalse_learnloraFalse,9,pooled,11,1,9,0.1825210154056549,0.9966666666666668,0.6239393949508667,0.8,1.1492767333984375,0.57
bs128_lr0.0001_distCOV_wd0.01_filterlen40_learndecoderFalse_schedulerTrue_windows0_dropout0.0_loralr0.0_preprocessorFalse_preencoderFalse_cutfillFalse_learnpredecoderFalse_learnloraFalse,9,pooled,12,1,9,0.2976685166358948,0.96,0.5086801648139954,0.87,0.8577967286109924,0.68
bs128_lr0.0001_distCOV_wd0.01_filterlen40_learndecoderFalse_schedulerTrue_windows0_dropout0.0_loralr0.0_preprocessorFalse_preencoderFalse_cutfillFalse_learnpredecoderFalse_learnloraFalse,9,pooled,13,1,9,0.2085835933685302,0.9883333333333332,0.5102173089981079,0.85,0.995320439338684,0.61
bs128_lr0.0001_distCOV_wd0.01_filterlen40_learndecoderFalse_schedulerTrue_windows0_dropout0.0_loralr0.0_preprocessorFalse_preencoderFalse_cutfillFalse_learnpredecoderFalse_learnloraFalse,9,pooled,14,1,9,0.3209739029407501,0.9733333333333334,0.504768431186676,0.89,0.965613842010498,0.63
bs128_lr0.0001_distCOV_wd0.01_filterlen40_learndecoderFalse_schedulerTrue_windows0_dropout0.0_loralr0.0_preprocessorFalse_preencoderFalse_cutfillFalse_learnpredecoderFalse_learnloraFalse,10,single,10,1,10,0.2775489091873169,0.975,1.4590420722961426,0.41,1.4486932754516602,0.38
bs128_lr0.0001_distCOV_wd0.01_filterlen40_learndecoderFalse_schedulerTrue_windows0_dropout0.0_loralr0.0_preprocessorFalse_preencoderFalse_cutfillFalse_learnpredecoderFalse_learnloraFalse,10,single,11,1,10,0.3636471927165985,0.9566666666666668,1.3865100145339966,0.39,1.3720238208770752,0.43
bs128_lr0.0001_distCOV_wd0.01_filterlen40_learndecoderFalse_schedulerTrue_windows0_dropout0.0_loralr0.0_preprocessorFalse_preencoderFalse_cutfillFalse_learnpredecoderFalse_learnloraFalse,10,single,12,1,10,0.212006002664566,0.9866666666666668,1.3082445859909058,0.46,1.378341555595398,0.44
bs128_lr0.0001_distCOV_wd0.01_filterlen40_learndecoderFalse_schedulerTrue_windows0_dropout0.0_loralr0.0_preprocessorFalse_preencoderFalse_cutfillFalse_learnpredecoderFalse_learnloraFalse,10,single,13,1,10,0.2243582606315612,0.9816666666666668,1.4415572881698608,0.4,1.4048656225204468,0.38
bs128_lr0.0001_distCOV_wd0.01_filterlen40_learndecoderFalse_schedulerTrue_windows0_dropout0.0_loralr0.0_preprocessorFalse_preencoderFalse_cutfillFalse_learnpredecoderFalse_learnloraFalse,10,single,14,1,10,0.2925672829151153,0.9566666666666668,1.4805105924606323,0.42,1.5045565366744995,0.34
bs128_lr0.0001_distCOV_wd0.01_filterlen40_learndecoderFalse_schedulerTrue_windows0_dropout0.0_loralr0.0_preprocessorFalse_preencoderFalse_cutfillFalse_learnpredecoderFalse_learnloraFalse,10,pooled,10,6,10_9_6_11_7_2,1.0767724514007568,0.7005555555555556,1.0960785150527954,0.53,1.0775529146194458,0.53
bs128_lr0.0001_distCOV_wd0.01_filterlen40_learndecoderFalse_schedulerTrue_windows0_dropout0.0_loralr0.0_preprocessorFalse_preencoderFalse_cutfillFalse_learnpredecoderFalse_learnloraFalse,10,pooled,11,6,10_9_6_11_7_2,0.6184779405593872,0.8152777777777778,1.1076977252960205,0.57,1.0695998668670654,0.59
bs128_lr0.0001_distCOV_wd0.01_filterlen40_learndecoderFalse_schedulerTrue_windows0_dropout0.0_loralr0.0_preprocessorFalse_preencoderFalse_cutfillFalse_learnpredecoderFalse_learnloraFalse,10,pooled,12,6,10_9_6_11_7_2,1.1257983446121216,0.73,1.0780153274536133,0.59,1.0137994289398191,0.62
bs128_lr0.0001_distCOV_wd0.01_filterlen40_learndecoderFalse_schedulerTrue_windows0_dropout0.0_loralr0.0_preprocessorFalse_preencoderFalse_cutfillFalse_learnpredecoderFalse_learnloraFalse,10,pooled,13,6,10_9_6_11_7_2,0.7381335496902466,0.8097222222222222,1.194616436958313,0.52,1.1251094341278076,0.55
bs128_lr0.0001_distCOV_wd0.01_filterlen40_learndecoderFalse_schedulerTrue_windows0_dropout0.0_loralr0.0_preprocessorFalse_preencoderFalse_cutfillFalse_learnpredecoderFalse_learnloraFalse,10,pooled,14,6,10_9_6_11_7_2,0.5596410036087036,0.7141666666666666,1.1474398374557495,0.5,1.1242108345031738,0.52
bs128_lr0.0001_distCOV_wd0.01_filterlen40_learndecoderFalse_schedulerTrue_windows0_dropout0.0_loralr0.0_preprocessorFalse_preencoderFalse_cutfillFalse_learnpredecoderFalse_learnloraFalse,11,single,10,1,11,0.4548552334308624,0.905,1.2444311380386353,0.48,1.0646347999572754,0.6
bs128_lr0.0001_distCOV_wd0.01_filterlen40_learndecoderFalse_schedulerTrue_windows0_dropout0.0_loralr0.0_preprocessorFalse_preencoderFalse_cutfillFalse_learnpredecoderFalse_learnloraFalse,11,single,11,1,11,0.2983464896678924,0.9683333333333334,1.085167646408081,0.57,1.0548717975616455,0.58
bs128_lr0.0001_distCOV_wd0.01_filterlen40_learndecoderFalse_schedulerTrue_windows0_dropout0.0_loralr0.0_preprocessorFalse_preencoderFalse_cutfillFalse_learnpredecoderFalse_learnloraFalse,11,single,12,1,11,0.1897615790367126,0.9916666666666668,1.135412335395813,0.54,0.993935227394104,0.64
bs128_lr0.0001_distCOV_wd0.01_filterlen40_learndecoderFalse_schedulerTrue_windows0_dropout0.0_loralr0.0_preprocessorFalse_preencoderFalse_cutfillFalse_learnpredecoderFalse_learnloraFalse,11,single,13,1,11,0.18449068069458,0.99,1.194647192955017,0.54,1.052478313446045,0.55
bs128_lr0.0001_distCOV_wd0.01_filterlen40_learndecoderFalse_schedulerTrue_windows0_dropout0.0_loralr0.0_preprocessorFalse_preencoderFalse_cutfillFalse_learnpredecoderFalse_learnloraFalse,11,single,14,1,11,0.1679847836494445,0.995,1.2624545097351074,0.53,1.0522369146347046,0.56
bs128_lr0.0001_distCOV_wd0.01_filterlen40_learndecoderFalse_schedulerTrue_windows0_dropout0.0_loralr0.0_preprocessorFalse_preencoderFalse_cutfillFalse_learnpredecoderFalse_learnloraFalse,11,pooled,10,4,11_10_1_9,0.6721039414405823,0.7920833333333334,0.8981146216392517,0.67,0.7666544318199158,0.73
bs128_lr0.0001_distCOV_wd0.01_filterlen40_learndecoderFalse_schedulerTrue_windows0_dropout0.0_loralr0.0_preprocessorFalse_preencoderFalse_cutfillFalse_learnpredecoderFalse_learnloraFalse,11,pooled,11,4,11_10_1_9,0.5579127669334412,0.8570833333333333,1.1344523429870603,0.54,0.9449703693389891,0.64
bs128_lr0.0001_distCOV_wd0.01_filterlen40_learndecoderFalse_schedulerTrue_windows0_dropout0.0_loralr0.0_preprocessorFalse_preencoderFalse_cutfillFalse_learnpredecoderFalse_learnloraFalse,11,pooled,12,4,11_10_1_9,0.5539031624794006,0.865,1.1440647840499878,0.55,0.863486111164093,0.67
bs128_lr0.0001_distCOV_wd0.01_filterlen40_learndecoderFalse_schedulerTrue_windows0_dropout0.0_loralr0.0_preprocessorFalse_preencoderFalse_cutfillFalse_learnpredecoderFalse_learnloraFalse,11,pooled,13,4,11_10_1_9,0.4422298967838287,0.8654166666666666,0.9899765253067015,0.59,0.8654904365539551,0.63
bs128_lr0.0001_distCOV_wd0.01_filterlen40_learndecoderFalse_schedulerTrue_windows0_dropout0.0_loralr0.0_preprocessorFalse_preencoderFalse_cutfillFalse_learnpredecoderFalse_learnloraFalse,11,pooled,14,4,11_10_1_9,0.4856249392032623,0.8616666666666667,1.0294207334518433,0.63,0.8802478313446045,0.63
bs128_lr0.0001_distCOV_wd0.001_filterlen40_learndecoderFalse_schedulerTrue_windows0_dropout0.0_loralr0.0_preprocessorFalse_preencoderFalse_cutfillFalse_learnpredecoderFalse_learnloraFalse,1,single,10,1,1,0.678046464920044,0.8333333333333334,1.226690649986267,0.55,1.294169306755066,0.59
bs128_lr0.0001_distCOV_wd0.001_filterlen40_learndecoderFalse_schedulerTrue_windows0_dropout0.0_loralr0.0_preprocessorFalse_preencoderFalse_cutfillFalse_learnpredecoderFalse_learnloraFalse,1,single,11,1,1,0.3653584718704223,0.935,0.9958378076553344,0.68,1.3236775398254397,0.64
bs128_lr0.0001_distCOV_wd0.001_filterlen40_learndecoderFalse_schedulerTrue_windows0_dropout0.0_loralr0.0_preprocessorFalse_preencoderFalse_cutfillFalse_learnpredecoderFalse_learnloraFalse,1,single,12,1,1,0.5711416602134705,0.9066666666666666,1.11657452583313,0.56,1.0137834548950195,0.6
bs128_lr0.0001_distCOV_wd0.001_filterlen40_learndecoderFalse_schedulerTrue_windows0_dropout0.0_loralr0.0_preprocessorFalse_preencoderFalse_cutfillFalse_learnpredecoderFalse_learnloraFalse,1,single,13,1,1,0.6357551217079163,0.8383333333333334,1.1306954622268677,0.56,0.9681928157806396,0.59
bs128_lr0.0001_distCOV_wd0.001_filterlen40_learndecoderFalse_schedulerTrue_windows0_dropout0.0_loralr0.0_preprocessorFalse_preencoderFalse_cutfillFalse_learnpredecoderFalse_learnloraFalse,1,single,14,1,1,0.2606275379657745,0.9683333333333334,1.1328060626983645,0.55,1.116661787033081,0.61
bs128_lr0.0001_distCOV_wd0.001_filterlen40_learndecoderFalse_schedulerTrue_windows0_dropout0.0_loralr0.0_preprocessorFalse_preencoderFalse_cutfillFalse_learnpredecoderFalse_learnloraFalse,1,pooled,10,3,1_11_7,0.700738251209259,0.9216666666666666,0.8938574194908142,0.67,0.8835468888282776,0.72
bs128_lr0.0001_distCOV_wd0.001_filterlen40_learndecoderFalse_schedulerTrue_windows0_dropout0.0_loralr0.0_preprocessorFalse_preencoderFalse_cutfillFalse_learnpredecoderFalse_learnloraFalse,1,pooled,11,3,1_11_7,1.149309158325195,0.7588888888888888,0.8770939707756042,0.69,0.965363621711731,0.62
bs128_lr0.0001_distCOV_wd0.001_filterlen40_learndecoderFalse_schedulerTrue_windows0_dropout0.0_loralr0.0_preprocessorFalse_preencoderFalse_cutfillFalse_learnpredecoderFalse_learnloraFalse,1,pooled,12,3,1_11_7,0.8868930339813232,0.8238888888888889,0.9153695702552797,0.66,0.8208005428314209,0.68
bs128_lr0.0001_distCOV_wd0.001_filterlen40_learndecoderFalse_schedulerTrue_windows0_dropout0.0_loralr0.0_preprocessorFalse_preencoderFalse_cutfillFalse_learnpredecoderFalse_learnloraFalse,1,pooled,13,3,1_11_7,1.009922981262207,0.7466666666666667,0.8595917224884033,0.67,0.8082087635993958,0.72
bs128_lr0.0001_distCOV_wd0.001_filterlen40_learndecoderFalse_schedulerTrue_windows0_dropout0.0_loralr0.0_preprocessorFalse_preencoderFalse_cutfillFalse_learnpredecoderFalse_learnloraFalse,1,pooled,14,3,1_11_7,0.8202733397483826,0.7705555555555555,0.9472432136535645,0.67,0.7899417281150818,0.75
bs128_lr0.0001_distCOV_wd0.001_filterlen40_learndecoderFalse_schedulerTrue_windows0_dropout0.0_loralr0.0_preprocessorFalse_preencoderFalse_cutfillFalse_learnpredecoderFalse_learnloraFalse,2,single,10,1,2,0.3656674325466156,0.9283333333333332,1.2484890222549438,0.53,0.958415150642395,0.69
bs128_lr0.0001_distCOV_wd0.001_filterlen40_learndecoderFalse_schedulerTrue_windows0_dropout0.0_loralr0.0_preprocessorFalse_preencoderFalse_cutfillFalse_learnpredecoderFalse_learnloraFalse,2,single,11,1,2,1.6877654790878296,0.1116666666666666,1.617692232131958,0.16,1.6149917840957642,0.17
bs128_lr0.0001_distCOV_wd0.001_filterlen40_learndecoderFalse_schedulerTrue_windows0_dropout0.0_loralr0.0_preprocessorFalse_preencoderFalse_cutfillFalse_learnpredecoderFalse_learnloraFalse,2,single,12,1,2,0.4931322038173675,0.915,1.5375765562057495,0.43,1.0274500846862793,0.7
bs128_lr0.0001_distCOV_wd0.001_filterlen40_learndecoderFalse_schedulerTrue_windows0_dropout0.0_loralr0.0_preprocessorFalse_preencoderFalse_cutfillFalse_learnpredecoderFalse_learnloraFalse,2,single,13,1,2,0.3233548402786255,0.9433333333333334,1.5896297693252563,0.31,0.9869542121887208,0.67
bs128_lr0.0001_distCOV_wd0.001_filterlen40_learndecoderFalse_schedulerTrue_windows0_dropout0.0_loralr0.0_preprocessorFalse_preencoderFalse_cutfillFalse_learnpredecoderFalse_learnloraFalse,2,single,14,1,2,0.3426361978054046,0.9483333333333334,1.3943853378295898,0.51,0.8029122352600098,0.69
bs128_lr0.0001_distCOV_wd0.001_filterlen40_learndecoderFalse_schedulerTrue_windows0_dropout0.0_loralr0.0_preprocessorFalse_preencoderFalse_cutfillFalse_learnpredecoderFalse_learnloraFalse,2,pooled,10,3,2_9_5,1.3300180435180664,0.7566666666666667,1.0680595636367798,0.65,0.6566027998924255,0.76
bs128_lr0.0001_distCOV_wd0.001_filterlen40_learndecoderFalse_schedulerTrue_windows0_dropout0.0_loralr0.0_preprocessorFalse_preencoderFalse_cutfillFalse_learnpredecoderFalse_learnloraFalse,2,pooled,11,3,2_9_5,1.8143147230148315,0.7516666666666667,1.0941096544265747,0.59,0.8290568590164185,0.72
bs128_lr0.0001_distCOV_wd0.001_filterlen40_learndecoderFalse_schedulerTrue_windows0_dropout0.0_loralr0.0_preprocessorFalse_preencoderFalse_cutfillFalse_learnpredecoderFalse_learnloraFalse,2,pooled,12,3,2_9_5,1.7456799745559692,0.78,1.083500862121582,0.61,0.9445504546165466,0.79
bs128_lr0.0001_distCOV_wd0.001_filterlen40_learndecoderFalse_schedulerTrue_windows0_dropout0.0_loralr0.0_preprocessorFalse_preencoderFalse_cutfillFalse_learnpredecoderFalse_learnloraFalse,2,pooled,13,3,2_9_5,0.5728752017021179,0.8,1.0069891214370728,0.6,0.8106682300567627,0.8
bs128_lr0.0001_distCOV_wd0.001_filterlen40_learndecoderFalse_schedulerTrue_windows0_dropout0.0_loralr0.0_preprocessorFalse_preencoderFalse_cutfillFalse_learnpredecoderFalse_learnloraFalse,2,pooled,14,3,2_9_5,1.35637104511261,0.7238888888888889,1.236514449119568,0.51,0.6396927833557129,0.77
bs128_lr0.0001_distCOV_wd0.001_filterlen40_learndecoderFalse_schedulerTrue_windows0_dropout0.0_loralr0.0_preprocessorFalse_preencoderFalse_cutfillFalse_learnpredecoderFalse_learnloraFalse,3,single,10,1,3,1.1501408815383911,0.6366666666666667,1.576247215270996,0.32,1.6171698570251465,0.31
bs128_lr0.0001_distCOV_wd0.001_filterlen40_learndecoderFalse_schedulerTrue_windows0_dropout0.0_loralr0.0_preprocessorFalse_preencoderFalse_cutfillFalse_learnpredecoderFalse_learnloraFalse,3,single,11,1,3,0.6751687526702881,0.875,1.606268286705017,0.27,1.532468318939209,0.41
bs128_lr0.0001_distCOV_wd0.001_filterlen40_learndecoderFalse_schedulerTrue_windows0_dropout0.0_loralr0.0_preprocessorFalse_preencoderFalse_cutfillFalse_learnpredecoderFalse_learnloraFalse,3,single,12,1,3,1.0551482439041138,0.6433333333333333,1.53751540184021,0.35,1.5315356254577637,0.28
bs128_lr0.0001_distCOV_wd0.001_filterlen40_learndecoderFalse_schedulerTrue_windows0_dropout0.0_loralr0.0_preprocessorFalse_preencoderFalse_cutfillFalse_learnpredecoderFalse_learnloraFalse,3,single,13,1,3,0.7777047753334045,0.8583333333333333,1.6061536073684692,0.35,1.5774967670440674,0.37
bs128_lr0.0001_distCOV_wd0.001_filterlen40_learndecoderFalse_schedulerTrue_windows0_dropout0.0_loralr0.0_preprocessorFalse_preencoderFalse_cutfillFalse_learnpredecoderFalse_learnloraFalse,3,single,14,1,3,0.9683620929718018,0.6716666666666666,1.4239271879196167,0.38,1.476160168647766,0.42
bs128_lr0.0001_distCOV_wd0.001_filterlen40_learndecoderFalse_schedulerTrue_windows0_dropout0.0_loralr0.0_preprocessorFalse_preencoderFalse_cutfillFalse_learnpredecoderFalse_learnloraFalse,3,pooled,10,2,3_6,0.394563764333725,0.9258333333333332,1.5306446552276611,0.34,1.5885103940963743,0.36
bs128_lr0.0001_distCOV_wd0.001_filterlen40_learndecoderFalse_schedulerTrue_windows0_dropout0.0_loralr0.0_preprocessorFalse_preencoderFalse_cutfillFalse_learnpredecoderFalse_learnloraFalse,3,pooled,11,2,3_6,0.7803693413734436,0.7566666666666667,1.4981776475906372,0.34,1.4448881149291992,0.4
bs128_lr0.0001_distCOV_wd0.001_filterlen40_learndecoderFalse_schedulerTrue_windows0_dropout0.0_loralr0.0_preprocessorFalse_preencoderFalse_cutfillFalse_learnpredecoderFalse_learnloraFalse,3,pooled,12,2,3_6,0.2774630784988403,0.9483333333333334,1.4710166454315186,0.4,1.633885145187378,0.29
bs128_lr0.0001_distCOV_wd0.001_filterlen40_learndecoderFalse_schedulerTrue_windows0_dropout0.0_loralr0.0_preprocessorFalse_preencoderFalse_cutfillFalse_learnpredecoderFalse_learnloraFalse,3,pooled,13,2,3_6,1.6028504371643066,0.2025,1.6141701936721802,0.2,1.6127963066101074,0.2
bs128_lr0.0001_distCOV_wd0.001_filterlen40_learndecoderFalse_schedulerTrue_windows0_dropout0.0_loralr0.0_preprocessorFalse_preencoderFalse_cutfillFalse_learnpredecoderFalse_learnloraFalse,3,pooled,14,2,3_6,0.6093103885650635,0.8908333333333334,1.5529135465621948,0.34,1.5712770223617554,0.33
bs128_lr0.0001_distCOV_wd0.001_filterlen40_learndecoderFalse_schedulerTrue_windows0_dropout0.0_loralr0.0_preprocessorFalse_preencoderFalse_cutfillFalse_learnpredecoderFalse_learnloraFalse,4,single,10,1,4,1.5784164667129517,0.2866666666666667,1.6063528060913086,0.23,1.624699354171753,0.15
bs128_lr0.0001_distCOV_wd0.001_filterlen40_learndecoderFalse_schedulerTrue_windows0_dropout0.0_loralr0.0_preprocessorFalse_preencoderFalse_cutfillFalse_learnpredecoderFalse_learnloraFalse,4,single,11,1,4,1.5980408191680908,0.1883333333333333,1.616868257522583,0.2,1.61653733253479,0.2
bs128_lr0.0001_distCOV_wd0.001_filterlen40_learndecoderFalse_schedulerTrue_windows0_dropout0.0_loralr0.0_preprocessorFalse_preencoderFalse_cutfillFalse_learnpredecoderFalse_learnloraFalse,4,single,12,1,4,0.381714254617691,0.9583333333333334,1.5920692682266235,0.3,1.8435149192810056,0.23
bs128_lr0.0001_distCOV_wd0.001_filterlen40_learndecoderFalse_schedulerTrue_windows0_dropout0.0_loralr0.0_preprocessorFalse_preencoderFalse_cutfillFalse_learnpredecoderFalse_learnloraFalse,4,single,13,1,4,1.6532511711120603,0.1983333333333333,1.6088075637817385,0.25,1.6083154678344729,0.29
bs128_lr0.0001_distCOV_wd0.001_filterlen40_learndecoderFalse_schedulerTrue_windows0_dropout0.0_loralr0.0_preprocessorFalse_preencoderFalse_cutfillFalse_learnpredecoderFalse_learnloraFalse,4,single,14,1,4,1.6208359003067017,0.2383333333333333,1.6093990802764893,0.19,1.6206234693527222,0.1
bs128_lr0.0001_distCOV_wd0.001_filterlen40_learndecoderFalse_schedulerTrue_windows0_dropout0.0_loralr0.0_preprocessorFalse_preencoderFalse_cutfillFalse_learnpredecoderFalse_learnloraFalse,4,pooled,10,2,4_11,0.6405583024024963,0.8441666666666666,1.586785912513733,0.32,1.8097158670425413,0.19
bs128_lr0.0001_distCOV_wd0.001_filterlen40_learndecoderFalse_schedulerTrue_windows0_dropout0.0_loralr0.0_preprocessorFalse_preencoderFalse_cutfillFalse_learnpredecoderFalse_learnloraFalse,4,pooled,11,2,4_11,1.6090092658996582,0.2,1.6061041355133057,0.2,1.604573369026184,0.24
bs128_lr0.0001_distCOV_wd0.001_filterlen40_learndecoderFalse_schedulerTrue_windows0_dropout0.0_loralr0.0_preprocessorFalse_preencoderFalse_cutfillFalse_learnpredecoderFalse_learnloraFalse,4,pooled,12,2,4_11,1.5728938579559326,0.2066666666666666,1.6061323881149292,0.21,1.6147596836090088,0.2
bs128_lr0.0001_distCOV_wd0.001_filterlen40_learndecoderFalse_schedulerTrue_windows0_dropout0.0_loralr0.0_preprocessorFalse_preencoderFalse_cutfillFalse_learnpredecoderFalse_learnloraFalse,4,pooled,13,2,4_11,1.7085217237472534,0.1583333333333333,1.612858533859253,0.19,1.6125891208648682,0.23
bs128_lr0.0001_distCOV_wd0.001_filterlen40_learndecoderFalse_schedulerTrue_windows0_dropout0.0_loralr0.0_preprocessorFalse_preencoderFalse_cutfillFalse_learnpredecoderFalse_learnloraFalse,4,pooled,14,2,4_11,1.5863820314407349,0.2383333333333333,1.6032931804656982,0.22,1.6086536645889282,0.22
bs128_lr0.0001_distCOV_wd0.001_filterlen40_learndecoderFalse_schedulerTrue_windows0_dropout0.0_loralr0.0_preprocessorFalse_preencoderFalse_cutfillFalse_learnpredecoderFalse_learnloraFalse,5,single,10,1,5,1.5963627099990845,0.2616666666666666,1.5971553325653076,0.18,1.5994410514831543,0.23
bs128_lr0.0001_distCOV_wd0.001_filterlen40_learndecoderFalse_schedulerTrue_windows0_dropout0.0_loralr0.0_preprocessorFalse_preencoderFalse_cutfillFalse_learnpredecoderFalse_learnloraFalse,5,single,11,1,5,1.5293114185333252,0.245,1.601839542388916,0.2,1.6070780754089355,0.21
bs128_lr0.0001_distCOV_wd0.001_filterlen40_learndecoderFalse_schedulerTrue_windows0_dropout0.0_loralr0.0_preprocessorFalse_preencoderFalse_cutfillFalse_learnpredecoderFalse_learnloraFalse,5,single,12,1,5,1.6817845106124878,0.1966666666666666,1.612928032875061,0.26,1.612341046333313,0.23
bs128_lr0.0001_distCOV_wd0.001_filterlen40_learndecoderFalse_schedulerTrue_windows0_dropout0.0_loralr0.0_preprocessorFalse_preencoderFalse_cutfillFalse_learnpredecoderFalse_learnloraFalse,5,single,13,1,5,1.5107334852218628,0.3133333333333333,1.6059662103652954,0.16,1.6092218160629272,0.2
bs128_lr0.0001_distCOV_wd0.001_filterlen40_learndecoderFalse_schedulerTrue_windows0_dropout0.0_loralr0.0_preprocessorFalse_preencoderFalse_cutfillFalse_learnpredecoderFalse_learnloraFalse,5,single,14,1,5,1.6250762939453125,0.215,1.6058162450790403,0.23,1.6033010482788086,0.24
bs128_lr0.0001_distCOV_wd0.001_filterlen40_learndecoderFalse_schedulerTrue_windows0_dropout0.0_loralr0.0_preprocessorFalse_preencoderFalse_cutfillFalse_learnpredecoderFalse_learnloraFalse,5,pooled,10,3,5_9_6,1.6565383672714231,0.245,1.5883798599243164,0.22,1.6114709377288818,0.18
bs128_lr0.0001_distCOV_wd0.001_filterlen40_learndecoderFalse_schedulerTrue_windows0_dropout0.0_loralr0.0_preprocessorFalse_preencoderFalse_cutfillFalse_learnpredecoderFalse_learnloraFalse,5,pooled,11,3,5_9_6,1.4488346576690674,0.2644444444444444,1.5780563354492188,0.23,1.6152775287628174,0.19
bs128_lr0.0001_distCOV_wd0.001_filterlen40_learndecoderFalse_schedulerTrue_windows0_dropout0.0_loralr0.0_preprocessorFalse_preencoderFalse_cutfillFalse_learnpredecoderFalse_learnloraFalse,5,pooled,12,3,5_9_6,1.5353727340698242,0.3366666666666666,1.599302053451538,0.17,1.6200119256973269,0.22
bs128_lr0.0001_distCOV_wd0.001_filterlen40_learndecoderFalse_schedulerTrue_windows0_dropout0.0_loralr0.0_preprocessorFalse_preencoderFalse_cutfillFalse_learnpredecoderFalse_learnloraFalse,5,pooled,13,3,5_9_6,1.081247091293335,0.6666666666666666,1.590897560119629,0.33,1.7083659172058103,0.23
bs128_lr0.0001_distCOV_wd0.001_filterlen40_learndecoderFalse_schedulerTrue_windows0_dropout0.0_loralr0.0_preprocessorFalse_preencoderFalse_cutfillFalse_learnpredecoderFalse_learnloraFalse,5,pooled,14,3,5_9_6,1.578315496444702,0.2472222222222222,1.5727245807647705,0.26,1.5981597900390625,0.22
bs128_lr0.0001_distCOV_wd0.001_filterlen40_learndecoderFalse_schedulerTrue_windows0_dropout0.0_loralr0.0_preprocessorFalse_preencoderFalse_cutfillFalse_learnpredecoderFalse_learnloraFalse,6,single,10,1,6,0.1298687756061554,0.99,1.224339246749878,0.52,1.6989291906356812,0.43
bs128_lr0.0001_distCOV_wd0.001_filterlen40_learndecoderFalse_schedulerTrue_windows0_dropout0.0_loralr0.0_preprocessorFalse_preencoderFalse_cutfillFalse_learnpredecoderFalse_learnloraFalse,6,single,11,1,6,0.2067975401878357,0.9833333333333332,1.225167751312256,0.5,1.5246292352676392,0.4
bs128_lr0.0001_distCOV_wd0.001_filterlen40_learndecoderFalse_schedulerTrue_windows0_dropout0.0_loralr0.0_preprocessorFalse_preencoderFalse_cutfillFalse_learnpredecoderFalse_learnloraFalse,6,single,12,1,6,0.2080404609441757,0.99,1.088376760482788,0.54,1.434262752532959,0.46
bs128_lr0.0001_distCOV_wd0.001_filterlen40_learndecoderFalse_schedulerTrue_windows0_dropout0.0_loralr0.0_preprocessorFalse_preencoderFalse_cutfillFalse_learnpredecoderFalse_learnloraFalse,6,single,13,1,6,0.1563074588775634,0.985,1.077685832977295,0.6,1.6876952648162842,0.43
bs128_lr0.0001_distCOV_wd0.001_filterlen40_learndecoderFalse_schedulerTrue_windows0_dropout0.0_loralr0.0_preprocessorFalse_preencoderFalse_cutfillFalse_learnpredecoderFalse_learnloraFalse,6,single,14,1,6,0.2474604547023773,0.975,1.1634111404418943,0.55,1.3914549350738523,0.46
bs128_lr0.0001_distCOV_wd0.001_filterlen40_learndecoderFalse_schedulerTrue_windows0_dropout0.0_loralr0.0_preprocessorFalse_preencoderFalse_cutfillFalse_learnpredecoderFalse_learnloraFalse,6,pooled,10,3,6_10_4,0.5345526337623596,0.9227777777777778,1.0775041580200195,0.57,1.4338613748550415,0.46
bs128_lr0.0001_distCOV_wd0.001_filterlen40_learndecoderFalse_schedulerTrue_windows0_dropout0.0_loralr0.0_preprocessorFalse_preencoderFalse_cutfillFalse_learnpredecoderFalse_learnloraFalse,6,pooled,11,3,6_10_4,0.6101893186569214,0.8694444444444445,1.109793186187744,0.58,1.6259641647338867,0.45
bs128_lr0.0001_distCOV_wd0.001_filterlen40_learndecoderFalse_schedulerTrue_windows0_dropout0.0_loralr0.0_preprocessorFalse_preencoderFalse_cutfillFalse_learnpredecoderFalse_learnloraFalse,6,pooled,12,3,6_10_4,1.016903519630432,0.8583333333333333,1.4404516220092771,0.42,1.630895733833313,0.38
bs128_lr0.0001_distCOV_wd0.001_filterlen40_learndecoderFalse_schedulerTrue_windows0_dropout0.0_loralr0.0_preprocessorFalse_preencoderFalse_cutfillFalse_learnpredecoderFalse_learnloraFalse,6,pooled,13,3,6_10_4,1.3442418575286863,0.8344444444444444,1.2896374464035034,0.49,1.5019742250442505,0.41
bs128_lr0.0001_distCOV_wd0.001_filterlen40_learndecoderFalse_schedulerTrue_windows0_dropout0.0_loralr0.0_preprocessorFalse_preencoderFalse_cutfillFalse_learnpredecoderFalse_learnloraFalse,6,pooled,14,3,6_10_4,0.5647296905517578,0.9238888888888888,1.2408878803253174,0.49,1.3421664237976074,0.53
bs128_lr0.0001_distCOV_wd0.001_filterlen40_learndecoderFalse_schedulerTrue_windows0_dropout0.0_loralr0.0_preprocessorFalse_preencoderFalse_cutfillFalse_learnpredecoderFalse_learnloraFalse,7,single,10,1,7,0.4994227290153503,0.92,1.3420443534851074,0.41,1.624679684638977,0.46
bs128_lr0.0001_distCOV_wd0.001_filterlen40_learndecoderFalse_schedulerTrue_windows0_dropout0.0_loralr0.0_preprocessorFalse_preencoderFalse_cutfillFalse_learnpredecoderFalse_learnloraFalse,7,single,11,1,7,0.186531126499176,0.975,1.3761578798294067,0.41,1.6115509271621704,0.43
bs128_lr0.0001_distCOV_wd0.001_filterlen40_learndecoderFalse_schedulerTrue_windows0_dropout0.0_loralr0.0_preprocessorFalse_preencoderFalse_cutfillFalse_learnpredecoderFalse_learnloraFalse,7,single,12,1,7,0.5134952068328857,0.9366666666666666,1.4437777996063232,0.39,1.6323180198669434,0.36
bs128_lr0.0001_distCOV_wd0.001_filterlen40_learndecoderFalse_schedulerTrue_windows0_dropout0.0_loralr0.0_preprocessorFalse_preencoderFalse_cutfillFalse_learnpredecoderFalse_learnloraFalse,7,single,13,1,7,0.3796775043010711,0.9466666666666668,1.3956085443496704,0.44,1.5665011405944824,0.38
bs128_lr0.0001_distCOV_wd0.001_filterlen40_learndecoderFalse_schedulerTrue_windows0_dropout0.0_loralr0.0_preprocessorFalse_preencoderFalse_cutfillFalse_learnpredecoderFalse_learnloraFalse,7,single,14,1,7,0.9557607769966124,0.7666666666666667,1.3340967893600464,0.43,1.7761635780334473,0.37
bs128_lr0.0001_distCOV_wd0.001_filterlen40_learndecoderFalse_schedulerTrue_windows0_dropout0.0_loralr0.0_preprocessorFalse_preencoderFalse_cutfillFalse_learnpredecoderFalse_learnloraFalse,7,pooled,10,3,7_11_1,1.2694300413131714,0.8611111111111112,1.2458710670471191,0.49,1.4591506719589231,0.43
bs128_lr0.0001_distCOV_wd0.001_filterlen40_learndecoderFalse_schedulerTrue_windows0_dropout0.0_loralr0.0_preprocessorFalse_preencoderFalse_cutfillFalse_learnpredecoderFalse_learnloraFalse,7,pooled,11,3,7_11_1,0.4095958769321441,0.8594444444444445,1.2985323667526243,0.48,1.598691701889038,0.41
bs128_lr0.0001_distCOV_wd0.001_filterlen40_learndecoderFalse_schedulerTrue_windows0_dropout0.0_loralr0.0_preprocessorFalse_preencoderFalse_cutfillFalse_learnpredecoderFalse_learnloraFalse,7,pooled,12,3,7_11_1,0.5965090990066528,0.9172222222222224,1.276408076286316,0.55,1.436843752861023,0.44
bs128_lr0.0001_distCOV_wd0.001_filterlen40_learndecoderFalse_schedulerTrue_windows0_dropout0.0_loralr0.0_preprocessorFalse_preencoderFalse_cutfillFalse_learnpredecoderFalse_learnloraFalse,7,pooled,13,3,7_11_1,0.5211362838745117,0.72,1.1972968578338623,0.54,1.351755976676941,0.42
bs128_lr0.0001_distCOV_wd0.001_filterlen40_learndecoderFalse_schedulerTrue_windows0_dropout0.0_loralr0.0_preprocessorFalse_preencoderFalse_cutfillFalse_learnpredecoderFalse_learnloraFalse,7,pooled,14,3,7_11_1,0.8157570958137512,0.78,1.26946759223938,0.48,1.385532259941101,0.51
bs128_lr0.0001_distCOV_wd0.001_filterlen40_learndecoderFalse_schedulerTrue_windows0_dropout0.0_loralr0.0_preprocessorFalse_preencoderFalse_cutfillFalse_learnpredecoderFalse_learnloraFalse,8,single,10,1,8,1.633272647857666,0.1633333333333333,1.6080416440963743,0.2,1.6080034971237185,0.2
bs128_lr0.0001_distCOV_wd0.001_filterlen40_learndecoderFalse_schedulerTrue_windows0_dropout0.0_loralr0.0_preprocessorFalse_preencoderFalse_cutfillFalse_learnpredecoderFalse_learnloraFalse,8,single,11,1,8,1.623801350593567,0.2066666666666666,1.6058865785598757,0.24,1.6061217784881592,0.24
bs128_lr0.0001_distCOV_wd0.001_filterlen40_learndecoderFalse_schedulerTrue_windows0_dropout0.0_loralr0.0_preprocessorFalse_preencoderFalse_cutfillFalse_learnpredecoderFalse_learnloraFalse,8,single,12,1,8,1.66925847530365,0.1933333333333333,1.6117563247680664,0.22,1.6104425191879272,0.21
bs128_lr0.0001_distCOV_wd0.001_filterlen40_learndecoderFalse_schedulerTrue_windows0_dropout0.0_loralr0.0_preprocessorFalse_preencoderFalse_cutfillFalse_learnpredecoderFalse_learnloraFalse,8,single,13,1,8,1.4557522535324097,0.3533333333333333,1.6037395000457764,0.25,1.6003799438476562,0.26
bs128_lr0.0001_distCOV_wd0.001_filterlen40_learndecoderFalse_schedulerTrue_windows0_dropout0.0_loralr0.0_preprocessorFalse_preencoderFalse_cutfillFalse_learnpredecoderFalse_learnloraFalse,8,single,14,1,8,1.4850013256072998,0.4,1.5987517833709717,0.21,1.5937615633010864,0.31
bs128_lr0.0001_distCOV_wd0.001_filterlen40_learndecoderFalse_schedulerTrue_windows0_dropout0.0_loralr0.0_preprocessorFalse_preencoderFalse_cutfillFalse_learnpredecoderFalse_learnloraFalse,8,pooled,10,3,8_9_7,1.5404493808746338,0.3516666666666667,1.5906553268432615,0.3,1.6014044284820557,0.21
bs128_lr0.0001_distCOV_wd0.001_filterlen40_learndecoderFalse_schedulerTrue_windows0_dropout0.0_loralr0.0_preprocessorFalse_preencoderFalse_cutfillFalse_learnpredecoderFalse_learnloraFalse,8,pooled,11,3,8_9_7,1.191678166389465,0.6722222222222223,1.5966978073120115,0.34,1.670249342918396,0.2
bs128_lr0.0001_distCOV_wd0.001_filterlen40_learndecoderFalse_schedulerTrue_windows0_dropout0.0_loralr0.0_preprocessorFalse_preencoderFalse_cutfillFalse_learnpredecoderFalse_learnloraFalse,8,pooled,12,3,8_9_7,1.532694697380066,0.3283333333333333,1.6001471281051636,0.22,1.600735425949097,0.22
bs128_lr0.0001_distCOV_wd0.001_filterlen40_learndecoderFalse_schedulerTrue_windows0_dropout0.0_loralr0.0_preprocessorFalse_preencoderFalse_cutfillFalse_learnpredecoderFalse_learnloraFalse,8,pooled,13,3,8_9_7,1.6337001323699951,0.3144444444444444,1.5972683429718018,0.28,1.6008743047714231,0.31
bs128_lr0.0001_distCOV_wd0.001_filterlen40_learndecoderFalse_schedulerTrue_windows0_dropout0.0_loralr0.0_preprocessorFalse_preencoderFalse_cutfillFalse_learnpredecoderFalse_learnloraFalse,8,pooled,14,3,8_9_7,1.4651503562927246,0.4255555555555556,1.5988638401031494,0.17,1.6444157361984253,0.19
bs128_lr0.0001_distCOV_wd0.001_filterlen40_learndecoderFalse_schedulerTrue_windows0_dropout0.0_loralr0.0_preprocessorFalse_preencoderFalse_cutfillFalse_learnpredecoderFalse_learnloraFalse,9,single,10,1,9,0.2359498888254165,0.9716666666666668,0.5093632936477661,0.87,0.9365475177764891,0.67
bs128_lr0.0001_distCOV_wd0.001_filterlen40_learndecoderFalse_schedulerTrue_windows0_dropout0.0_loralr0.0_preprocessorFalse_preencoderFalse_cutfillFalse_learnpredecoderFalse_learnloraFalse,9,single,11,1,9,0.2181034982204437,0.9883333333333332,0.4900010228157043,0.87,0.8590728640556335,0.67
bs128_lr0.0001_distCOV_wd0.001_filterlen40_learndecoderFalse_schedulerTrue_windows0_dropout0.0_loralr0.0_preprocessorFalse_preencoderFalse_cutfillFalse_learnpredecoderFalse_learnloraFalse,9,single,12,1,9,0.2905417680740356,0.9816666666666668,0.4650076329708099,0.86,0.9832788109779358,0.65
bs128_lr0.0001_distCOV_wd0.001_filterlen40_learndecoderFalse_schedulerTrue_windows0_dropout0.0_loralr0.0_preprocessorFalse_preencoderFalse_cutfillFalse_learnpredecoderFalse_learnloraFalse,9,single,13,1,9,0.2489208728075027,0.9783333333333334,0.4859865605831146,0.86,0.9053369164466858,0.68
bs128_lr0.0001_distCOV_wd0.001_filterlen40_learndecoderFalse_schedulerTrue_windows0_dropout0.0_loralr0.0_preprocessorFalse_preencoderFalse_cutfillFalse_learnpredecoderFalse_learnloraFalse,9,single,14,1,9,0.199378103017807,0.975,0.6058586239814758,0.78,0.8722528219223022,0.71
bs128_lr0.0001_distCOV_wd0.001_filterlen40_learndecoderFalse_schedulerTrue_windows0_dropout0.0_loralr0.0_preprocessorFalse_preencoderFalse_cutfillFalse_learnpredecoderFalse_learnloraFalse,9,pooled,10,1,9,0.2359498888254165,0.9716666666666668,0.5093632936477661,0.87,0.9365475177764891,0.67
bs128_lr0.0001_distCOV_wd0.001_filterlen40_learndecoderFalse_schedulerTrue_windows0_dropout0.0_loralr0.0_preprocessorFalse_preencoderFalse_cutfillFalse_learnpredecoderFalse_learnloraFalse,9,pooled,11,1,9,0.2181034982204437,0.9883333333333332,0.4900010228157043,0.87,0.8590728640556335,0.67
bs128_lr0.0001_distCOV_wd0.001_filterlen40_learndecoderFalse_schedulerTrue_windows0_dropout0.0_loralr0.0_preprocessorFalse_preencoderFalse_cutfillFalse_learnpredecoderFalse_learnloraFalse,9,pooled,12,1,9,0.2905417680740356,0.9816666666666668,0.4650076329708099,0.86,0.9832788109779358,0.65
bs128_lr0.0001_distCOV_wd0.001_filterlen40_learndecoderFalse_schedulerTrue_windows0_dropout0.0_loralr0.0_preprocessorFalse_preencoderFalse_cutfillFalse_learnpredecoderFalse_learnloraFalse,9,pooled,13,1,9,0.2489208728075027,0.9783333333333334,0.4859865605831146,0.86,0.9053369164466858,0.68
bs128_lr0.0001_distCOV_wd0.001_filterlen40_learndecoderFalse_schedulerTrue_windows0_dropout0.0_loralr0.0_preprocessorFalse_preencoderFalse_cutfillFalse_learnpredecoderFalse_learnloraFalse,9,pooled,14,1,9,0.199378103017807,0.975,0.6058586239814758,0.78,0.8722528219223022,0.71
bs128_lr0.0001_distCOV_wd0.001_filterlen40_learndecoderFalse_schedulerTrue_windows0_dropout0.0_loralr0.0_preprocessorFalse_preencoderFalse_cutfillFalse_learnpredecoderFalse_learnloraFalse,10,single,10,1,10,0.1914539784193039,0.9766666666666668,1.4130536317825315,0.41,1.2492762804031372,0.5
bs128_lr0.0001_distCOV_wd0.001_filterlen40_learndecoderFalse_schedulerTrue_windows0_dropout0.0_loralr0.0_preprocessorFalse_preencoderFalse_cutfillFalse_learnpredecoderFalse_learnloraFalse,10,single,11,1,10,0.287190169095993,0.9666666666666668,1.37726628780365,0.4,1.3612191677093506,0.46
bs128_lr0.0001_distCOV_wd0.001_filterlen40_learndecoderFalse_schedulerTrue_windows0_dropout0.0_loralr0.0_preprocessorFalse_preencoderFalse_cutfillFalse_learnpredecoderFalse_learnloraFalse,10,single,12,1,10,0.3613025844097137,0.95,1.3518143892288208,0.48,1.410102128982544,0.38
bs128_lr0.0001_distCOV_wd0.001_filterlen40_learndecoderFalse_schedulerTrue_windows0_dropout0.0_loralr0.0_preprocessorFalse_preencoderFalse_cutfillFalse_learnpredecoderFalse_learnloraFalse,10,single,13,1,10,0.2783514857292175,0.9733333333333334,1.4577049016952517,0.45,1.4528011083602903,0.39
bs128_lr0.0001_distCOV_wd0.001_filterlen40_learndecoderFalse_schedulerTrue_windows0_dropout0.0_loralr0.0_preprocessorFalse_preencoderFalse_cutfillFalse_learnpredecoderFalse_learnloraFalse,10,single,14,1,10,0.423671543598175,0.94,1.4011486768722534,0.38,1.3547555208206177,0.49
bs128_lr0.0001_distCOV_wd0.001_filterlen40_learndecoderFalse_schedulerTrue_windows0_dropout0.0_loralr0.0_preprocessorFalse_preencoderFalse_cutfillFalse_learnpredecoderFalse_learnloraFalse,10,pooled,10,4,10_9_6_4,0.3624952137470245,0.90125,1.3802576065063477,0.47,1.321744084358215,0.45
bs128_lr0.0001_distCOV_wd0.001_filterlen40_learndecoderFalse_schedulerTrue_windows0_dropout0.0_loralr0.0_preprocessorFalse_preencoderFalse_cutfillFalse_learnpredecoderFalse_learnloraFalse,10,pooled,11,4,10_9_6_4,0.4792058765888214,0.84375,1.5517669916152954,0.42,1.364820122718811,0.46
bs128_lr0.0001_distCOV_wd0.001_filterlen40_learndecoderFalse_schedulerTrue_windows0_dropout0.0_loralr0.0_preprocessorFalse_preencoderFalse_cutfillFalse_learnpredecoderFalse_learnloraFalse,10,pooled,12,4,10_9_6_4,0.5988609790802002,0.87875,1.3813161849975586,0.42,1.3488681316375732,0.49
bs128_lr0.0001_distCOV_wd0.001_filterlen40_learndecoderFalse_schedulerTrue_windows0_dropout0.0_loralr0.0_preprocessorFalse_preencoderFalse_cutfillFalse_learnpredecoderFalse_learnloraFalse,10,pooled,13,4,10_9_6_4,0.552327573299408,0.8654166666666666,1.4401485919952393,0.42,1.2978620529174805,0.45
bs128_lr0.0001_distCOV_wd0.001_filterlen40_learndecoderFalse_schedulerTrue_windows0_dropout0.0_loralr0.0_preprocessorFalse_preencoderFalse_cutfillFalse_learnpredecoderFalse_learnloraFalse,10,pooled,14,4,10_9_6_4,0.289120465517044,0.9304166666666668,1.469427466392517,0.45,1.413051962852478,0.43
bs128_lr0.0001_distCOV_wd0.001_filterlen40_learndecoderFalse_schedulerTrue_windows0_dropout0.0_loralr0.0_preprocessorFalse_preencoderFalse_cutfillFalse_learnpredecoderFalse_learnloraFalse,11,single,10,1,11,0.7114193439483643,0.87,1.102310061454773,0.6,0.9480658173561096,0.61
bs128_lr0.0001_distCOV_wd0.001_filterlen40_learndecoderFalse_schedulerTrue_windows0_dropout0.0_loralr0.0_preprocessorFalse_preencoderFalse_cutfillFalse_learnpredecoderFalse_learnloraFalse,11,single,11,1,11,0.156566709280014,0.995,1.2657864093780518,0.48,1.1664165258407593,0.56
bs128_lr0.0001_distCOV_wd0.001_filterlen40_learndecoderFalse_schedulerTrue_windows0_dropout0.0_loralr0.0_preprocessorFalse_preencoderFalse_cutfillFalse_learnpredecoderFalse_learnloraFalse,11,single,12,1,11,0.1855130642652511,0.9916666666666668,1.205635905265808,0.54,0.9432046413421632,0.67
bs128_lr0.0001_distCOV_wd0.001_filterlen40_learndecoderFalse_schedulerTrue_windows0_dropout0.0_loralr0.0_preprocessorFalse_preencoderFalse_cutfillFalse_learnpredecoderFalse_learnloraFalse,11,single,13,1,11,0.1070938110351562,0.9966666666666668,1.3916020393371582,0.43,1.1977850198745728,0.55
bs128_lr0.0001_distCOV_wd0.001_filterlen40_learndecoderFalse_schedulerTrue_windows0_dropout0.0_loralr0.0_preprocessorFalse_preencoderFalse_cutfillFalse_learnpredecoderFalse_learnloraFalse,11,single,14,1,11,0.2134556919336319,0.9833333333333332,1.1770505905151367,0.55,1.0626791715621948,0.63
bs128_lr0.0001_distCOV_wd0.001_filterlen40_learndecoderFalse_schedulerTrue_windows0_dropout0.0_loralr0.0_preprocessorFalse_preencoderFalse_cutfillFalse_learnpredecoderFalse_learnloraFalse,11,pooled,10,1,11,0.7114193439483643,0.87,1.102310061454773,0.6,0.9480658173561096,0.61
bs128_lr0.0001_distCOV_wd0.001_filterlen40_learndecoderFalse_schedulerTrue_windows0_dropout0.0_loralr0.0_preprocessorFalse_preencoderFalse_cutfillFalse_learnpredecoderFalse_learnloraFalse,11,pooled,11,1,11,0.156566709280014,0.995,1.2657864093780518,0.48,1.1664165258407593,0.56
bs128_lr0.0001_distCOV_wd0.001_filterlen40_learndecoderFalse_schedulerTrue_windows0_dropout0.0_loralr0.0_preprocessorFalse_preencoderFalse_cutfillFalse_learnpredecoderFalse_learnloraFalse,11,pooled,12,1,11,0.1855130642652511,0.9916666666666668,1.205635905265808,0.54,0.9432046413421632,0.67
bs128_lr0.0001_distCOV_wd0.001_filterlen40_learndecoderFalse_schedulerTrue_windows0_dropout0.0_loralr0.0_preprocessorFalse_preencoderFalse_cutfillFalse_learnpredecoderFalse_learnloraFalse,11,pooled,13,1,11,0.1070938110351562,0.9966666666666668,1.3916020393371582,0.43,1.1977850198745728,0.55
bs128_lr0.0001_distCOV_wd0.001_filterlen40_learndecoderFalse_schedulerTrue_windows0_dropout0.0_loralr0.0_preprocessorFalse_preencoderFalse_cutfillFalse_learnpredecoderFalse_learnloraFalse,11,pooled,14,1,11,0.2134556919336319,0.9833333333333332,1.1770505905151367,0.55,1.0626791715621948,0.63
